// Generated by tools/gen_assets.py - do not edit.
// Fonts: Poppins, Copyright 2020 The Poppins Project Authors, SIL Open Font License 1.1.
STATIC CONST UINT8 mFontSmallData[] = {
  0x03, 0xf1, 0x03, 0xf1, 0x03, 0xf1, 0x03, 0xf1, 0x03, 0xf1, 0x03, 0xf1, 0x03, 0xf1, 0x00, 0x00, 0x01, 0xb0, 0x01, 0xd0, 0x3d, 0x4d, 0x00, 0x3f,
  0x4f, 0x00, 0x3f, 0x4f, 0x00, 0x00, 0x00, 0x00, 0x00, 0x00, 0x00, 0x00, 0x00, 0x00, 0x00, 0x00, 0x00, 0x00, 0x00, 0x00, 0x00, 0x00, 0x00, 0x00,
  0x00, 0x00, 0x00, 0x00, 0x00, 0x00, 0x00, 0x00, 0x00, 0x00, 0x1f, 0x20, 0x0e, 0x50, 0x00, 0x00, 0x4f, 0x00, 0x1f, 0x20, 0x00, 0x00, 0x7b, 0x00,
  0x4e, 0x00, 0x00, 0xff, 0xff, 0xff, 0xff, 0xff, 0x00, 0x22, 0xe6, 0x22, 0xc9, 0x22, 0x00, 0x01, 0xf2, 0x00, 0xe5, 0x00, 0x00, 0x04, 0xf0, 0x01,
  0xf2, 0x00, 0x0f, 0xff, 0xff, 0xff, 0xff, 0xf0, 0x02, 0x2b, 0x92, 0x29, 0xc2, 0x20, 0x00, 0x0e, 0x50, 0x0b, 0x80, 0x00, 0x00, 0x1f, 0x20, 0x0e,
  0x50, 0x00, 0x00, 0x01, 0x80, 0x00, 0x00, 0x00, 0x03, 0xf0, 0x00, 0x00, 0x02, 0xbf, 0xfd, 0x20, 0x00, 0x0e, 0x94, 0xfa, 0xb0, 0x00, 0x2f, 0x13,
  0xf3, 0x60, 0x00, 0x1f, 0x63, 0xf0, 0x00, 0x00, 0x06, 0xfe, 0xf4, 0x00, 0x00, 0x00, 0x07, 0xff, 0x80, 0x00, 0x00, 0x03, 0xf6, 0xf0, 0x00, 0x1a,
  0x23, 0xf5, 0xf0, 0x00, 0x0d, 0xb5, 0xf9, 0xc0, 0x00, 0x02, 0xbf, 0xfe, 0x30, 0x00, 0x00, 0x03, 0xf0, 0x00, 0x00, 0x07, 0xee, 0x40, 0x0b, 0x40,
  0x00, 0x1f, 0x68, 0xe0, 0x4c, 0x00, 0x00, 0x2f, 0x36, 0xf0, 0xc3, 0x00, 0x00, 0x09, 0xff, 0x75, 0xb0, 0x00, 0x00, 0x00, 0x10, 0x0d, 0x30, 0x00,
  0x00, 0x00, 0x00, 0x6a, 0x00, 0x00, 0x00, 0x00, 0x00, 0xd2, 0x6d, 0xc4, 0x00, 0x00, 0x06, 0x91, 0xf3, 0x6e, 0x00, 0x00, 0x0e, 0x12, 0xf6, 0x8f,
  0x00, 0x00, 0x78, 0x00, 0x8e, 0xe5, 0x00, 0x00, 0x1b, 0xfe, 0x50, 0x00, 0x00, 0x00, 0xc8, 0x29, 0xf1, 0x00, 0x00, 0x00, 0xe2, 0x01, 0x61, 0x00,
  0x00, 0x00, 0xaa, 0x00, 0x00, 0x00, 0x00, 0x01, 0xbf, 0xb0, 0x00, 0x00, 0x00, 0x0b, 0xb3, 0xdc, 0x10, 0xab, 0x00, 0x2f, 0x20, 0x1b, 0xe7, 0xf2,
  0x00, 0x2f, 0x20, 0x00, 0xaf, 0x80, 0x00, 0x0d, 0xc4, 0x26, 0xfc, 0xe2, 0x00, 0x01, 0xae, 0xfc, 0x50, 0x9e, 0x20, 0x3d, 0x00, 0x3f, 0x10, 0x3f,
  0x10, 0x00, 0x00, 0x00, 0x00, 0x00, 0x00, 0x00, 0x00, 0x00, 0x00, 0x00, 0x00, 0x00, 0x00, 0x00, 0x00, 0x00, 0x00, 0x00, 0x00, 0x8d, 0x00, 0x00,
  0x05, 0xe2, 0x00, 0x00, 0x0e, 0x70, 0x00, 0x00, 0x6e, 0x00, 0x00, 0x00, 0xba, 0x00, 0x00, 0x00, 0xf5, 0x00, 0x00, 0x01, 0xf3, 0x00, 0x00, 0x02,
  0xf1, 0x00, 0x00, 0x03, 0xf1, 0x00, 0x00, 0x01, 0xf2, 0x00, 0x00, 0x00, 0xf4, 0x00, 0x00, 0x00, 0xc9, 0x00, 0x00, 0x00, 0x7d, 0x00, 0x00, 0x00,
  0x1f, 0x50, 0x00, 0x00, 0x08, 0xd1, 0x00, 0x00, 0x00, 0xbb, 0x00, 0x2e, 0x50, 0x00, 0x04, 0xf3, 0x00, 0x00, 0xab, 0x00, 0x00, 0x2f, 0x30, 0x00,
  0x0d, 0x80, 0x00, 0x08, 0xc0, 0x00, 0x06, 0xe0, 0x00, 0x04, 0xf0, 0x00, 0x04, 0xf0, 0x00, 0x05, 0xf0, 0x00, 0x07, 0xd0, 0x00, 0x0c, 0x90, 0x00,
  0x1f, 0x40, 0x00, 0x8d, 0x00, 0x02, 0xf5, 0x00, 0x0d, 0x80, 0x00, 0x00, 0x0e, 0x00, 0x00, 0x0d, 0x6b, 0x8a, 0x00, 0x01, 0xbf, 0x90, 0x00, 0x0d,
  0x6b, 0x8a, 0x00, 0x00, 0x0e, 0x00, 0x00, 0x00, 0x00, 0x00, 0x00, 0x00, 0x00, 0x00, 0x00, 0x00, 0x00, 0x00, 0x00, 0x00, 0x00, 0x00, 0x00, 0x00,
  0x00, 0x00, 0x00, 0x00, 0x00, 0x00, 0x00, 0x00, 0x03, 0xf0, 0x00, 0x00, 0x00, 0x03, 0xf0, 0x00, 0x00, 0x00, 0x03, 0xf0, 0x00, 0x00, 0x0f, 0xff,
  0xff, 0xff, 0x00, 0x02, 0x25, 0xf3, 0x22, 0x00, 0x00, 0x03, 0xf0, 0x00, 0x00, 0x00, 0x03, 0xf0, 0x00, 0x00, 0x00, 0x00, 0x00, 0x00, 0x00, 0x00,
  0x00, 0x00, 0x00, 0x00, 0x02, 0xf3, 0x06, 0xc0, 0x0a, 0x60, 0x0d, 0x00, 0x0f, 0xff, 0xff, 0xf0, 0x02, 0x22, 0x22, 0x20, 0x00, 0x00, 0x00, 0x00,
  0x00, 0x00, 0x00, 0x00, 0x00, 0x00, 0x00, 0x00, 0x00, 0x00, 0x00, 0x00, 0x1b, 0x00, 0x1d, 0x00, 0x00, 0x00, 0x8b, 0x00, 0x00, 0x00, 0xc7, 0x00,
  0x00, 0x00, 0xf3, 0x00, 0x00, 0x04, 0xf0, 0x00, 0x00, 0x08, 0xc0, 0x00, 0x00, 0x0c, 0x80, 0x00, 0x00, 0x0f, 0x40, 0x00, 0x00, 0x3f, 0x00, 0x00,
  0x00, 0x7c, 0x00, 0x00, 0x00, 0xb8, 0x00, 0x00, 0x00, 0xf5, 0x00, 0x00, 0x03, 0xf1, 0x00, 0x00, 0x06, 0xd0, 0x00, 0x00, 0x0a, 0x90, 0x00, 0x00,
  0x0e, 0x50, 0x00, 0x00, 0x2f, 0x10, 0x00, 0x00, 0x00, 0x7e, 0xfd, 0x50, 0x00, 0x06, 0xf5, 0x27, 0xf3, 0x00, 0x0d, 0x70, 0x00, 0xaa, 0x00, 0x1f,
  0x30, 0x00, 0x5e, 0x00, 0x3f, 0x10, 0x00, 0x4f, 0x00, 0x3f, 0x10, 0x00, 0x3f, 0x00, 0x3f, 0x10, 0x00, 0x4f, 0x00, 0x1f, 0x30, 0x00, 0x5e, 0x00,
  0x0d, 0x70, 0x00, 0xaa, 0x00, 0x06, 0xf5, 0x27, 0xf3, 0x00, 0x00, 0x7e, 0xfd, 0x50, 0x00, 0x9f, 0xf1, 0x15, 0xf1, 0x03, 0xf1, 0x03, 0xf1, 0x03,
  0xf1, 0x03, 0xf1, 0x03, 0xf1, 0x03, 0xf1, 0x03, 0xf1, 0x03, 0xf1, 0x03, 0xf1, 0x01, 0x9e, 0xe9, 0x00, 0x0b, 0xd3, 0x3d, 0x90, 0x1f, 0x30, 0x05,
  0xe0, 0x18, 0x00, 0x04, 0xf0, 0x00, 0x00, 0x08, 0xd0, 0x00, 0x00, 0x1e, 0x70, 0x00, 0x00, 0xad, 0x00, 0x00, 0x09, 0xe2, 0x00, 0x00, 0x9e, 0x20,
  0x00, 0x0a, 0xf4, 0x22, 0x21, 0x3f, 0xff, 0xff, 0xfc, 0x02, 0xbe, 0xea, 0x10, 0x0d, 0xb3, 0x4d, 0xb0, 0x4f, 0x00, 0x05, 0xf0, 0x00, 0x00, 0x05,
  0xf0, 0x00, 0x00, 0x3d, 0x80, 0x00, 0x3f, 0xf8, 0x00, 0x00, 0x03, 0x6e, 0x70, 0x00, 0x00, 0x05, 0xf0, 0x7c, 0x00, 0x05, 0xf0, 0x2f, 0x93, 0x4d,
  0xb0, 0x03, 0xbf, 0xfa, 0x10, 0x00, 0x00, 0x0c, 0xf0, 0x00, 0x00, 0x00, 0x6e, 0xf0, 0x00, 0x00, 0x01, 0xe5, 0xf0, 0x00, 0x00, 0x0b, 0x73, 0xf0,
  0x00, 0x00, 0x5d, 0x03, 0xf0, 0x00, 0x00, 0xe4, 0x03, 0xf0, 0x00, 0x09, 0xa0, 0x03, 0xf0, 0x00, 0x0f, 0xff, 0xff, 0xff, 0xf0, 0x02, 0x22, 0x25,
  0xf3, 0x20, 0x00, 0x00, 0x03, 0xf0, 0x00, 0x3f, 0xff, 0xff, 0x60, 0x00, 0x3f, 0x32, 0x22, 0x00, 0x00, 0x3f, 0x10, 0x00, 0x00, 0x00, 0x3f, 0x10,
  0x00, 0x00, 0x00, 0x3f, 0x6d, 0xe9, 0x00, 0x00, 0x3f, 0xc3, 0x4e, 0x90, 0x00, 0x17, 0x20, 0x06, 0xe0, 0x00, 0x00, 0x00, 0x04, 0xf0, 0x00, 0x4d,
  0x00, 0x06, 0xe0, 0x00, 0x0e, 0xb3, 0x4e, 0x80, 0x00, 0x02, 0xbf, 0xe8, 0x00, 0x00, 0x00, 0x6d, 0xfd, 0x40, 0x00, 0x05, 0xf6, 0x26, 0xf3, 0x00,
  0x0d, 0x80, 0x00, 0x98, 0x00, 0x1f, 0x30, 0x00, 0x00, 0x00, 0x3f, 0x3a, 0xed, 0x70, 0x00, 0x3f, 0xc5, 0x36, 0xf7, 0x00, 0x2f, 0x40, 0x00, 0x7e,
  0x00, 0x1f, 0x10, 0x00, 0x4f, 0x00, 0x0d, 0x50, 0x00, 0x7e, 0x00, 0x05, 0xe5, 0x26, 0xf8, 0x00, 0x00, 0x6d, 0xfe, 0x70, 0x00, 0x0f, 0xff, 0xff,
  0xff, 0x02, 0x22, 0x22, 0x8c, 0x00, 0x00, 0x00, 0xd6, 0x00, 0x00, 0x04, 0xe0, 0x00, 0x00, 0x0b, 0x90, 0x00, 0x00, 0x2f, 0x20, 0x00, 0x00, 0x9b,
  0x00, 0x00, 0x00, 0xf5, 0x00, 0x00, 0x06, 0xe0, 0x00, 0x00, 0x0d, 0x80, 0x00, 0x00, 0x4f, 0x10, 0x00, 0x01, 0x9e, 0xfd, 0x80, 0x00, 0x0c, 0xd4,
  0x25, 0xe9, 0x00, 0x2f, 0x20, 0x00, 0x5f, 0x00, 0x2f, 0x20, 0x00, 0x5f, 0x00, 0x0c, 0xb2, 0x03, 0xd8, 0x00, 0x01, 0xef, 0xff, 0xc0, 0x00, 0x0c,
  0xd4, 0x35, 0xe8, 0x00, 0x2f, 0x20, 0x00, 0x5f, 0x00, 0x2f, 0x20, 0x00, 0x5f, 0x00, 0x0c, 0xd4, 0x25, 0xe9, 0x00, 0x01, 0x9e, 0xfd, 0x80, 0x00,
  0x00, 0x8d, 0xfd, 0x50, 0x00, 0x09, 0xe5, 0x36, 0xf4, 0x00, 0x0f, 0x40, 0x00, 0x8a, 0x00, 0x3f, 0x10, 0x00, 0x4e, 0x00, 0x2f, 0x30, 0x00, 0x6f,
  0x00, 0x0c, 0xc2, 0x03, 0xdf, 0x00, 0x01, 0xcf, 0xfd, 0x7f, 0x00, 0x00, 0x01, 0x10, 0x5e, 0x00, 0x0a, 0x60, 0x00, 0x9b, 0x00, 0x07, 0xe5, 0x37,
  0xf4, 0x00, 0x00, 0x7d, 0xfd, 0x50, 0x00, 0x1d, 0x00, 0x1b, 0x00, 0x00, 0x00, 0x00, 0x00, 0x00, 0x00, 0x00, 0x00, 0x1b, 0x00, 0x1d, 0x00, 0x1d,
  0x00, 0x1b, 0x00, 0x00, 0x00, 0x00, 0x00, 0x00, 0x00, 0x00, 0x00, 0x0e, 0x00, 0x4b, 0x00, 0x85, 0x00, 0xa1, 0x00, 0x00, 0x01, 0xda, 0x00, 0x00,
  0x1d, 0xa0, 0x00, 0x00, 0xcb, 0x00, 0x00, 0x09, 0xf1, 0x00, 0x00, 0x00, 0xcb, 0x00, 0x00, 0x00, 0x1d, 0xa0, 0x00, 0x00, 0x01, 0xda, 0x00, 0x00,
  0x00, 0x00, 0x00, 0x00, 0x00, 0x00, 0x00, 0x0f, 0xff, 0xff, 0xff, 0x00, 0x02, 0x22, 0x22, 0x22, 0x00, 0x00, 0x00, 0x00, 0x00, 0x00, 0x0f, 0xff,
  0xff, 0xff, 0x00, 0x02, 0x22, 0x22, 0x22, 0x00, 0x00, 0x00, 0x00, 0x00, 0x00, 0x00, 0x00, 0x00, 0x00, 0x00, 0x03, 0xf6, 0x00, 0x00, 0x00, 0x4f,
  0x60, 0x00, 0x00, 0x04, 0xf5, 0x00, 0x00, 0x00, 0x8f, 0x10, 0x00, 0x04, 0xf5, 0x00, 0x00, 0x4f, 0x60, 0x00, 0x03, 0xf6, 0x00, 0x00, 0x00, 0x00,
  0x00, 0x00, 0x00, 0x00, 0x00, 0x00, 0x02, 0xbf, 0xe9, 0x00, 0x0d, 0xb3, 0x4d, 0x90, 0x2e, 0x20, 0x05, 0xf0, 0x00, 0x00, 0x05, 0xf0, 0x00, 0x00,
  0x2c, 0xc0, 0x00, 0x3f, 0xfd, 0x20, 0x00, 0x3f, 0x20, 0x00, 0x00, 0x03, 0x00, 0x00, 0x00, 0x1b, 0x00, 0x00, 0x00, 0x1d, 0x00, 0x00, 0x00, 0x00,
  0x18, 0xce, 0xec, 0x60, 0x00, 0x00, 0x06, 0xfa, 0x53, 0x47, 0xec, 0x00, 0x00, 0x7e, 0x36, 0xde, 0x6f, 0x1e, 0x80, 0x03, 0xf3, 0x5f, 0x53, 0xdd,
  0x07, 0xe0, 0x0a, 0xa0, 0xe7, 0x00, 0x7b, 0x04, 0xf0, 0x0f, 0x42, 0xf2, 0x00, 0x68, 0x05, 0xf0, 0x2f, 0x23, 0xf1, 0x00, 0xa6, 0x08, 0xc0, 0x3f,
  0x10, 0xf6, 0x05, 0xe6, 0x1e, 0x40, 0x1f, 0x30, 0x5e, 0xd7, 0x3e, 0xe6, 0x00, 0x0c, 0xb0, 0x00, 0x00, 0x00, 0x00, 0x00, 0x02, 0xfc, 0x41, 0x02,
  0x30, 0x00, 0x00, 0x00, 0x2b, 0xff, 0xfe, 0x50, 0x00, 0x00, 0x00, 0x00, 0x01, 0x10, 0x00, 0x00, 0x00, 0x00, 0x03, 0xfa, 0x00, 0x00, 0x00, 0x08,
  0xff, 0x00, 0x00, 0x00, 0x0e, 0x8f, 0x50, 0x00, 0x00, 0x4f, 0x2b, 0xa0, 0x00, 0x00, 0x9c, 0x05, 0xf0, 0x00, 0x00, 0xe7, 0x00, 0xf6, 0x00, 0x04,
  0xf2, 0x00, 0xbb, 0x00, 0x0a, 0xff, 0xff, 0xff, 0x10, 0x0f, 0x72, 0x22, 0x2f, 0x70, 0x5f, 0x00, 0x00, 0x09, 0xc0, 0x3f, 0xff, 0xfb, 0x20, 0x00,
  0x3f, 0x32, 0x3b, 0xd0, 0x00, 0x3f, 0x10, 0x04, 0xf0, 0x00, 0x3f, 0x10, 0x09, 0xb0, 0x00, 0x3f, 0xff, 0xfd, 0x10, 0x00, 0x3f, 0x32, 0x4d, 0x80,
  0x00, 0x3f, 0x10, 0x05, 0xe0, 0x00, 0x3f, 0x10, 0x05, 0xf0, 0x00, 0x3f, 0x32, 0x3d, 0xb0, 0x00, 0x3f, 0xff, 0xfb, 0x10, 0x00, 0x00, 0x07, 0xdf,
  0xea, 0x20, 0x00, 0x00, 0xcd, 0x52, 0x4b, 0xf3, 0x00, 0x09, 0xd0, 0x00, 0x00, 0xad, 0x00, 0x0f, 0x50, 0x00, 0x00, 0x00, 0x00, 0x2f, 0x10, 0x00,
  0x00, 0x00, 0x00, 0x2f, 0x10, 0x00, 0x00, 0x00, 0x00, 0x0f, 0x50, 0x00, 0x00, 0x00, 0x00, 0x09, 0xd0, 0x00, 0x00, 0xad, 0x00, 0x00, 0xcd, 0x52,
  0x4b, 0xf3, 0x00, 0x00, 0x07, 0xdf, 0xea, 0x20, 0x00, 0x3f, 0xff, 0xec, 0x60, 0x00, 0x3f, 0x32, 0x36, 0xeb, 0x00, 0x3f, 0x10, 0x00, 0x1e, 0x60,
  0x3f, 0x10, 0x00, 0x07, 0xd0, 0x3f, 0x10, 0x00, 0x04, 0xf0, 0x3f, 0x10, 0x00, 0x04, 0xf0, 0x3f, 0x10, 0x00, 0x07, 0xd0, 0x3f, 0x10, 0x00, 0x1e,
  0x70, 0x3f, 0x32, 0x37, 0xeb, 0x00, 0x3f, 0xff, 0xec, 0x60, 0x00, 0x3f, 0xff, 0xff, 0x00, 0x3f, 0x32, 0x22, 0x00, 0x3f, 0x10, 0x00, 0x00, 0x3f,
  0x10, 0x00, 0x00, 0x3f, 0xff, 0xf9, 0x00, 0x3f, 0x32, 0x21, 0x00, 0x3f, 0x10, 0x00, 0x00, 0x3f, 0x10, 0x00, 0x00, 0x3f, 0x32, 0x22, 0x00, 0x3f,
  0xff, 0xff, 0x00, 0x3f, 0xff, 0xff, 0x40, 0x3f, 0x32, 0x22, 0x00, 0x3f, 0x10, 0x00, 0x00, 0x3f, 0x10, 0x00, 0x00, 0x3f, 0xff, 0xf7, 0x00, 0x3f,
  0x32, 0x21, 0x00, 0x3f, 0x10, 0x00, 0x00, 0x3f, 0x10, 0x00, 0x00, 0x3f, 0x10, 0x00, 0x00, 0x3f, 0x10, 0x00, 0x00, 0x00, 0x08, 0xef, 0xd8, 0x10,
  0x00, 0x01, 0xdc, 0x52, 0x4c, 0xd1, 0x00, 0x09, 0xc0, 0x00, 0x00, 0x95, 0x00, 0x0f, 0x50, 0x00, 0x00, 0x00, 0x00, 0x2f, 0x10, 0x0f, 0xff, 0xff,
  0x00, 0x2f, 0x10, 0x02, 0x22, 0x7e, 0x00, 0x0f, 0x40, 0x00, 0x00, 0x9b, 0x00, 0x09, 0xc0, 0x00, 0x02, 0xf4, 0x00, 0x01, 0xdc, 0x42, 0x6e, 0x90,
  0x00, 0x00, 0x08, 0xef, 0xd6, 0x00, 0x00, 0x3f, 0x10, 0x00, 0x3f, 0x00, 0x3f, 0x10, 0x00, 0x3f, 0x00, 0x3f, 0x10, 0x00, 0x3f, 0x00, 0x3f, 0x10,
  0x00, 0x3f, 0x00, 0x3f, 0xff, 0xff, 0xff, 0x00, 0x3f, 0x32, 0x22, 0x5f, 0x00, 0x3f, 0x10, 0x00, 0x3f, 0x00, 0x3f, 0x10, 0x00, 0x3f, 0x00, 0x3f,
  0x10, 0x00, 0x3f, 0x00, 0x3f, 0x10, 0x00, 0x3f, 0x00, 0x3f, 0x10, 0x3f, 0x10, 0x3f, 0x10, 0x3f, 0x10, 0x3f, 0x10, 0x3f, 0x10, 0x3f, 0x10, 0x3f,
  0x10, 0x3f, 0x10, 0x3f, 0x10, 0x00, 0x00, 0x3f, 0x00, 0x00, 0x00, 0x3f, 0x00, 0x00, 0x00, 0x3f, 0x00, 0x00, 0x00, 0x3f, 0x00, 0x00, 0x00, 0x3f,
  0x00, 0x00, 0x00, 0x3f, 0x00, 0x00, 0x00, 0x3f, 0x00, 0x2c, 0x10, 0x4f, 0x00, 0x0e, 0x92, 0xbc, 0x00, 0x03, 0xdf, 0xc2, 0x00, 0x3f, 0x10, 0x05,
  0xf4, 0x3f, 0x10, 0x3f, 0x50, 0x3f, 0x12, 0xe7, 0x00, 0x3f, 0x2d, 0x90, 0x00, 0x3f, 0xdb, 0x00, 0x00, 0x3f, 0xdb, 0x00, 0x00, 0x3f, 0x2e, 0x90,
  0x00, 0x3f, 0x12, 0xf7, 0x00, 0x3f, 0x10, 0x4f, 0x60, 0x3f, 0x10, 0x05, 0xf4, 0x3f, 0x10, 0x00, 0x3f, 0x10, 0x00, 0x3f, 0x10, 0x00, 0x3f, 0x10,
  0x00, 0x3f, 0x10, 0x00, 0x3f, 0x10, 0x00, 0x3f, 0x10, 0x00, 0x3f, 0x10, 0x00, 0x3f, 0x11, 0x10, 0x3f, 0xff, 0xf7, 0x3f, 0x60, 0x00, 0x00, 0x08,
  0xf0, 0x3f, 0xd0, 0x00, 0x00, 0x0f, 0xf0, 0x3f, 0xf4, 0x00, 0x00, 0x7f, 0xf0, 0x3f, 0x9c, 0x00, 0x00, 0xe9, 0xf0, 0x3f, 0x2f, 0x30, 0x05, 0xd3,
  0xf0, 0x3f, 0x19, 0xa0, 0x0d, 0x63, 0xf0, 0x3f, 0x12, 0xf2, 0x4e, 0x03, 0xf0, 0x3f, 0x10, 0xa9, 0xb8, 0x03, 0xf0, 0x3f, 0x10, 0x3f, 0xf1, 0x03,
  0xf0, 0x3f, 0x10, 0x0c, 0x90, 0x03, 0xf0, 0x3f, 0x50, 0x00, 0x3f, 0x00, 0x3f, 0xe0, 0x00, 0x3f, 0x00, 0x3f, 0xb8, 0x00, 0x3f, 0x00, 0x3f, 0x2f,
  0x20, 0x3f, 0x00, 0x3f, 0x17, 0xb0, 0x3f, 0x00, 0x3f, 0x10, 0xd5, 0x3f, 0x00, 0x3f, 0x10, 0x4e, 0x4f, 0x00, 0x3f, 0x10, 0x0b, 0xbf, 0x00, 0x3f,
  0x10, 0x02, 0xff, 0x00, 0x3f, 0x10, 0x00, 0x8f, 0x00, 0x00, 0x06, 0xcf, 0xeb, 0x50, 0x00, 0x00, 0xbe, 0x63, 0x37, 0xf9, 0x00, 0x08, 0xd1, 0x00,
  0x00, 0x2f, 0x50, 0x0f, 0x50, 0x00, 0x00, 0x08, 0xc0, 0x2f, 0x10, 0x00, 0x00, 0x04, 0xf0, 0x2f, 0x10, 0x00, 0x00, 0x04, 0xf0, 0x0f, 0x50, 0x00,
  0x00, 0x08, 0xc0, 0x09, 0xd1, 0x00, 0x00, 0x2f, 0x50, 0x00, 0xcd, 0x62, 0x37, 0xe9, 0x00, 0x00, 0x07, 0xcf, 0xeb, 0x50, 0x00, 0x3f, 0xff, 0xe9,
  0x00, 0x3f, 0x32, 0x4d, 0x90, 0x3f, 0x10, 0x05, 0xf0, 0x3f, 0x10, 0x04, 0xf0, 0x3f, 0x10, 0x1b, 0xb0, 0x3f, 0xff, 0xfc, 0x10, 0x3f, 0x32, 0x00,
  0x00, 0x3f, 0x10, 0x00, 0x00, 0x3f, 0x10, 0x00, 0x00, 0x3f, 0x10, 0x00, 0x00, 0x00, 0x06, 0xcf, 0xeb, 0x50, 0x00, 0x00, 0xbe, 0x63, 0x37, 0xf9,
  0x00, 0x08, 0xd1, 0x00, 0x00, 0x2f, 0x50, 0x0f, 0x50, 0x00, 0x00, 0x08, 0xc0, 0x2f, 0x10, 0x00, 0x00, 0x04, 0xf0, 0x2f, 0x10, 0x00, 0x00, 0x04,
  0xf0, 0x0f, 0x50, 0x00, 0x00, 0x08, 0xc0, 0x08, 0xd1, 0x00, 0x00, 0x2f, 0x50, 0x00, 0xbd, 0x62, 0x37, 0xe9, 0x00, 0x00, 0x06, 0xcf, 0xee, 0xe1,
  0x00, 0x00, 0x00, 0x00, 0x00, 0xcc, 0x00, 0x00, 0x00, 0x00, 0x00, 0x1d, 0xb0, 0x3f, 0xff, 0xe9, 0x00, 0x00, 0x3f, 0x32, 0x4d, 0xa0, 0x00, 0x3f,
  0x10, 0x05, 0xf0, 0x00, 0x3f, 0x10, 0x04, 0xf0, 0x00, 0x3f, 0x10, 0x1c, 0xb0, 0x00, 0x3f, 0xff, 0xfb, 0x10, 0x00, 0x3f, 0x36, 0xf1, 0x00, 0x00,
  0x3f, 0x10, 0xba, 0x00, 0x00, 0x3f, 0x10, 0x2f, 0x40, 0x00, 0x3f, 0x10, 0x09, 0xd0, 0x00, 0x02, 0xbf, 0xe9, 0x00, 0x0e, 0xa3, 0x5e, 0x90, 0x3f,
  0x10, 0x04, 0x70, 0x1f, 0x60, 0x00, 0x00, 0x07, 0xfc, 0x71, 0x00, 0x00, 0x16, 0xbf, 0x50, 0x00, 0x00, 0x07, 0xe0, 0x2c, 0x10, 0x04, 0xf0, 0x0e,
  0xb3, 0x3c, 0xa0, 0x02, 0xbf, 0xea, 0x10, 0x0f, 0xff, 0xff, 0xff, 0x02, 0x25, 0xf2, 0x22, 0x00, 0x03, 0xf0, 0x00, 0x00, 0x03, 0xf0, 0x00, 0x00,
  0x03, 0xf0, 0x00, 0x00, 0x03, 0xf0, 0x00, 0x00, 0x03, 0xf0, 0x00, 0x00, 0x03, 0xf0, 0x00, 0x00, 0x03, 0xf0, 0x00, 0x00, 0x03, 0xf0, 0x00, 0x3f,
  0x10, 0x00, 0x3f, 0x00, 0x3f, 0x10, 0x00, 0x3f, 0x00, 0x3f, 0x10, 0x00, 0x3f, 0x00, 0x3f, 0x10, 0x00, 0x3f, 0x00, 0x3f, 0x10, 0x00, 0x3f, 0x00,
  0x3f, 0x10, 0x00, 0x3f, 0x00, 0x3f, 0x10, 0x00, 0x4f, 0x00, 0x1f, 0x40, 0x00, 0x7d, 0x00, 0x09, 0xe5, 0x26, 0xf6, 0x00, 0x00, 0x8e, 0xfd, 0x60,
  0x00, 0x8d, 0x00, 0x00, 0x06, 0xe0, 0x2f, 0x30, 0x00, 0x0b, 0x90, 0x0c, 0x80, 0x00, 0x1f, 0x30, 0x06, 0xe0, 0x00, 0x7d, 0x00, 0x01, 0xf4, 0x00,
  0xc7, 0x00, 0x00, 0xa9, 0x02, 0xf1, 0x00, 0x00, 0x4f, 0x08, 0xb0, 0x00, 0x00, 0x0e, 0x5d, 0x50, 0x00, 0x00, 0x09, 0xdf, 0x00, 0x00, 0x00, 0x03,
  0xfa, 0x00, 0x00, 0x8c, 0x00, 0x00, 0xfb, 0x00, 0x02, 0xf3, 0x4f, 0x10, 0x04, 0xff, 0x00, 0x06, 0xe0, 0x0f, 0x50, 0x08, 0xbf, 0x40, 0x0a, 0xa0,
  0x0b, 0x90, 0x0d, 0x5c, 0x80, 0x0e, 0x50, 0x07, 0xd0, 0x1f, 0x17, 0xc0, 0x2f, 0x10, 0x02, 0xf1, 0x5c, 0x02, 0xf0, 0x6c, 0x00, 0x00, 0xe5, 0xa7,
  0x00, 0xe4, 0xa8, 0x00, 0x00, 0xa9, 0xe3, 0x00, 0x99, 0xe3, 0x00, 0x00, 0x5f, 0xe0, 0x00, 0x5f, 0xe0, 0x00, 0x00, 0x1f, 0x90, 0x00, 0x1f, 0xa0,
  0x00, 0x1f, 0x50, 0x00, 0xac, 0x00, 0x07, 0xe0, 0x03, 0xf2, 0x00, 0x00, 0xd8, 0x0c, 0x90, 0x00, 0x00, 0x4f, 0x8e, 0x00, 0x00, 0x00, 0x0a, 0xf5,
  0x00, 0x00, 0x00, 0x0a, 0xf5, 0x00, 0x00, 0x00, 0x4f, 0x9e, 0x00, 0x00, 0x00, 0xd7, 0x0d, 0x80, 0x00, 0x07, 0xe0, 0x04, 0xf2, 0x00, 0x1f, 0x50,
  0x00, 0xac, 0x00, 0x2f, 0x30, 0x00, 0x6e, 0x00, 0x0a, 0xb0, 0x00, 0xd7, 0x00, 0x02, 0xf3, 0x05, 0xe0, 0x00, 0x00, 0xaa, 0x0d, 0x70, 0x00, 0x00,
  0x2f, 0x7e, 0x00, 0x00, 0x00, 0x09, 0xf6, 0x00, 0x00, 0x00, 0x03, 0xf1, 0x00, 0x00, 0x00, 0x03, 0xf1, 0x00, 0x00, 0x00, 0x03, 0xf1, 0x00, 0x00,
  0x00, 0x03, 0xf1, 0x00, 0x00, 0x0f, 0xff, 0xff, 0xf0, 0x02, 0x22, 0x2c, 0xb0, 0x00, 0x00, 0x4f, 0x20, 0x00, 0x00, 0xd9, 0x00, 0x00, 0x06, 0xe1,
  0x00, 0x00, 0x1e, 0x60, 0x00, 0x00, 0x9d, 0x00, 0x00, 0x02, 0xf3, 0x00, 0x00, 0x0b, 0xb2, 0x22, 0x20, 0x0f, 0xff, 0xff, 0xf0, 0x03, 0xff, 0x60,
  0x03, 0xf3, 0x00, 0x03, 0xf1, 0x00, 0x03, 0xf1, 0x00, 0x03, 0xf1, 0x00, 0x03, 0xf1, 0x00, 0x03, 0xf1, 0x00, 0x03, 0xf1, 0x00, 0x03, 0xf1, 0x00,
  0x03, 0xf1, 0x00, 0x03, 0xf1, 0x00, 0x03, 0xf1, 0x00, 0x03, 0xf1, 0x00, 0x03, 0xf1, 0x00, 0x03, 0xf1, 0x00, 0x03, 0xff, 0x60, 0x00, 0x22, 0x00,
  0x00, 0xf3, 0x00, 0x00, 0x00, 0x00, 0xc8, 0x00, 0x00, 0x00, 0x00, 0x7c, 0x00, 0x00, 0x00, 0x00, 0x3f, 0x10, 0x00, 0x00, 0x00, 0x0e, 0x50, 0x00,
  0x00, 0x00, 0x0a, 0x90, 0x00, 0x00, 0x00, 0x06, 0xd0, 0x00, 0x00, 0x00, 0x01, 0xf2, 0x00, 0x00, 0x00, 0x00, 0xd6, 0x00, 0x00, 0x00, 0x00, 0x9b,
  0x00, 0x00, 0x00, 0x00, 0x4f, 0x00, 0x00, 0x00, 0x00, 0x0f, 0x30, 0x00, 0x00, 0x00, 0x0b, 0x80, 0x00, 0x00, 0x00, 0x07, 0xc0, 0x00, 0x00, 0x00,
  0x03, 0xf1, 0x00, 0x00, 0x00, 0x00, 0xe5, 0x00, 0x08, 0xff, 0x00, 0x01, 0x5f, 0x10, 0x00, 0x3f, 0x10, 0x00, 0x3f, 0x10, 0x00, 0x3f, 0x10, 0x00,
  0x3f, 0x10, 0x00, 0x3f, 0x10, 0x00, 0x3f, 0x10, 0x00, 0x3f, 0x10, 0x00, 0x3f, 0x10, 0x00, 0x3f, 0x10, 0x00, 0x3f, 0x10, 0x00, 0x3f, 0x10, 0x00,
  0x3f, 0x10, 0x00, 0x3f, 0x10, 0x08, 0xff, 0x10, 0x01, 0x22, 0x00, 0x00, 0x02, 0x80, 0x00, 0x00, 0x00, 0x0a, 0xf7, 0x00, 0x00, 0x00, 0x1f, 0xad,
  0x00, 0x00, 0x00, 0x8c, 0x0e, 0x50, 0x00, 0x00, 0xe5, 0x08, 0xc0, 0x00, 0x06, 0xe0, 0x02, 0xf3, 0x00, 0x0d, 0x70, 0x00, 0xaa, 0x00, 0x4f, 0x10,
  0x00, 0x3f, 0x10, 0x00, 0x00, 0x00, 0x00, 0x00, 0x00, 0x00, 0x00, 0x00, 0x00, 0x00, 0x00, 0x00, 0x00, 0x00, 0x0f, 0xff, 0xff, 0xff, 0x00, 0x02,
  0x22, 0x22, 0x22, 0x00, 0x00, 0x00, 0x0e, 0x50, 0x03, 0xbb, 0x00, 0x04, 0x00, 0x00, 0x00, 0x00, 0x00, 0x00, 0x00, 0x00, 0x00, 0x00, 0x00, 0x00,
  0x00, 0x00, 0x00, 0x00, 0x00, 0x8e, 0xfa, 0x4f, 0x00, 0x08, 0xf6, 0x27, 0xef, 0x00, 0x0f, 0x60, 0x00, 0x9f, 0x00, 0x3f, 0x10, 0x00, 0x4f, 0x00,
  0x2f, 0x10, 0x00, 0x4f, 0x00, 0x0f, 0x60, 0x00, 0x9f, 0x00, 0x08, 0xf6, 0x27, 0xdf, 0x00, 0x00, 0x8e, 0xfa, 0x4f, 0x00, 0x3f, 0x10, 0x00, 0x00,
  0x00, 0x3f, 0x10, 0x00, 0x00, 0x00, 0x3f, 0x10, 0x00, 0x00, 0x00, 0x3f, 0x2b, 0xfd, 0x60, 0x00, 0x3f, 0xd6, 0x27, 0xf5, 0x00, 0x3f, 0x60, 0x00,
  0x9d, 0x00, 0x3f, 0x10, 0x00, 0x4f, 0x00, 0x3f, 0x10, 0x00, 0x4f, 0x00, 0x3f, 0x60, 0x00, 0x9c, 0x00, 0x3f, 0xd6, 0x27, 0xf5, 0x00, 0x3f, 0x3b,
  0xfd, 0x60, 0x00, 0x00, 0x6d, 0xfd, 0x70, 0x00, 0x07, 0xf6, 0x25, 0xe8, 0x00, 0x0f, 0x60, 0x00, 0x49, 0x00, 0x2f, 0x20, 0x00, 0x00, 0x00, 0x2f,
  0x20, 0x00, 0x00, 0x00, 0x0f, 0x60, 0x00, 0x49, 0x00, 0x07, 0xf6, 0x25, 0xe7, 0x00, 0x00, 0x6d, 0xfd, 0x60, 0x00, 0x00, 0x00, 0x00, 0x3f, 0x00,
  0x00, 0x00, 0x00, 0x3f, 0x00, 0x00, 0x00, 0x00, 0x3f, 0x00, 0x00, 0x8e, 0xfa, 0x4f, 0x00, 0x08, 0xf6, 0x27, 0xef, 0x00, 0x0f, 0x60, 0x00, 0x9f,
  0x00, 0x3f, 0x10, 0x00, 0x4f, 0x00, 0x2f, 0x10, 0x00, 0x4f, 0x00, 0x0f, 0x60, 0x00, 0x9f, 0x00, 0x08, 0xf6, 0x27, 0xdf, 0x00, 0x00, 0x8e, 0xfa,
  0x4f, 0x00, 0x00, 0x7d, 0xfd, 0x60, 0x00, 0x08, 0xd5, 0x36, 0xe7, 0x00, 0x0f, 0x30, 0x00, 0x5e, 0x00, 0x2f, 0xff, 0xff, 0xff, 0x00, 0x2f, 0x42,
  0x22, 0x22, 0x00, 0x0f, 0x50, 0x00, 0x68, 0x00, 0x07, 0xe6, 0x26, 0xf4, 0x00, 0x00, 0x7d, 0xfd, 0x50, 0x00, 0x00, 0x4c, 0xf0, 0x01, 0xf9, 0x30,
  0x03, 0xf1, 0x00, 0x0f, 0xff, 0xf0, 0x05, 0xf2, 0x20, 0x03, 0xf0, 0x00, 0x03, 0xf0, 0x00, 0x03, 0xf0, 0x00, 0x03, 0xf0, 0x00, 0x03, 0xf0, 0x00,
  0x03, 0xf0, 0x00, 0x00, 0x8e, 0xfa, 0x4f, 0x00, 0x08, 0xf6, 0x27, 0xef, 0x00, 0x0f, 0x60, 0x00, 0x9f, 0x00, 0x3f, 0x10, 0x00, 0x4f, 0x00, 0x2f,
  0x10, 0x00, 0x4f, 0x00, 0x0f, 0x60, 0x00, 0x9f, 0x00, 0x08, 0xf6, 0x27, 0xdf, 0x00, 0x00, 0x8e, 0xfa, 0x4f, 0x00, 0x00, 0x00, 0x00, 0x4f, 0x00,
  0x09, 0x80, 0x00, 0x8d, 0x00, 0x04, 0xf7, 0x26, 0xf6, 0x00, 0x00, 0x5d, 0xfd, 0x60, 0x00, 0x3f, 0x10, 0x00, 0x00, 0x00, 0x3f, 0x10, 0x00, 0x00,
  0x00, 0x3f, 0x10, 0x00, 0x00, 0x00, 0x3f, 0x4c, 0xfe, 0x80, 0x00, 0x3f, 0xd5, 0x26, 0xf8, 0x00, 0x3f, 0x40, 0x00, 0x7e, 0x00, 0x3f, 0x10, 0x00,
  0x4f, 0x00, 0x3f, 0x10, 0x00, 0x3f, 0x00, 0x3f, 0x10, 0x00, 0x3f, 0x00, 0x3f, 0x10, 0x00, 0x3f, 0x00, 0x3f, 0x10, 0x00, 0x3f, 0x00, 0x1d, 0x00,
  0x1b, 0x00, 0x00, 0x00, 0x3f, 0x10, 0x3f, 0x10, 0x3f, 0x10, 0x3f, 0x10, 0x3f, 0x10, 0x3f, 0x10, 0x3f, 0x10, 0x3f, 0x10, 0x01, 0xd0, 0x01, 0xb0,
  0x00, 0x00, 0x03, 0xf1, 0x03, 0xf1, 0x03, 0xf1, 0x03, 0xf1, 0x03, 0xf1, 0x03, 0xf1, 0x03, 0xf1, 0x03, 0xf1, 0x03, 0xf1, 0x03, 0xf0, 0x07, 0xf0,
  0x8f, 0x70, 0x3f, 0x10, 0x00, 0x00, 0x3f, 0x10, 0x00, 0x00, 0x3f, 0x10, 0x00, 0x00, 0x3f, 0x10, 0x6f, 0x50, 0x3f, 0x14, 0xf6, 0x00, 0x3f, 0x3e,
  0x80, 0x00, 0x3f, 0xe9, 0x00, 0x00, 0x3f, 0xea, 0x00, 0x00, 0x3f, 0x3e, 0x80, 0x00, 0x3f, 0x13, 0xf7, 0x00, 0x3f, 0x10, 0x5f, 0x50, 0x3f, 0x10,
  0x3f, 0x10, 0x3f, 0x10, 0x3f, 0x10, 0x3f, 0x10, 0x3f, 0x10, 0x3f, 0x10, 0x3f, 0x10, 0x3f, 0x10, 0x3f, 0x10, 0x3f, 0x10, 0x3f, 0x4c, 0xfe, 0x80,
  0x3c, 0xfe, 0x80, 0x00, 0x3f, 0xd5, 0x26, 0xfa, 0xd5, 0x26, 0xf8, 0x00, 0x3f, 0x50, 0x00, 0x7f, 0x40, 0x00, 0x7e, 0x00, 0x3f, 0x10, 0x00, 0x4f,
  0x10, 0x00, 0x4f, 0x00, 0x3f, 0x10, 0x00, 0x3f, 0x00, 0x00, 0x3f, 0x00, 0x3f, 0x10, 0x00, 0x3f, 0x00, 0x00, 0x3f, 0x00, 0x3f, 0x10, 0x00, 0x3f,
  0x00, 0x00, 0x3f, 0x00, 0x3f, 0x10, 0x00, 0x3f, 0x00, 0x00, 0x3f, 0x00, 0x3f, 0x4c, 0xfd, 0x70, 0x00, 0x3f, 0xd5, 0x26, 0xf8, 0x00, 0x3f, 0x40,
  0x00, 0x7e, 0x00, 0x3f, 0x10, 0x00, 0x4f, 0x00, 0x3f, 0x10, 0x00, 0x3f, 0x00, 0x3f, 0x10, 0x00, 0x3f, 0x00, 0x3f, 0x10, 0x00, 0x3f, 0x00, 0x3f,
  0x10, 0x00, 0x3f, 0x00, 0x00, 0x6d, 0xfc, 0x50, 0x00, 0x07, 0xe5, 0x27, 0xf4, 0x00, 0x0f, 0x60, 0x00, 0x9c, 0x00, 0x2f, 0x10, 0x00, 0x4f, 0x00,
  0x2f, 0x10, 0x00, 0x4f, 0x00, 0x0f, 0x60, 0x00, 0x9c, 0x00, 0x08, 0xe5, 0x27, 0xf4, 0x00, 0x00, 0x7e, 0xfc, 0x40, 0x00, 0x3f, 0x3b, 0xfd, 0x60,
  0x00, 0x3f, 0xd6, 0x27, 0xf5, 0x00, 0x3f, 0x60, 0x00, 0x9d, 0x00, 0x3f, 0x10, 0x00, 0x4f, 0x00, 0x3f, 0x10, 0x00, 0x4f, 0x00, 0x3f, 0x60, 0x00,
  0x9c, 0x00, 0x3f, 0xd6, 0x27, 0xf5, 0x00, 0x3f, 0x3b, 0xfd, 0x60, 0x00, 0x3f, 0x10, 0x00, 0x00, 0x00, 0x3f, 0x10, 0x00, 0x00, 0x00, 0x3f, 0x10,
  0x00, 0x00, 0x00, 0x3f, 0x10, 0x00, 0x00, 0x00, 0x00, 0x8e, 0xfa, 0x4f, 0x00, 0x08, 0xf6, 0x27, 0xef, 0x00, 0x0f, 0x60, 0x00, 0x9f, 0x00, 0x3f,
  0x10, 0x00, 0x4f, 0x00, 0x2f, 0x10, 0x00, 0x4f, 0x00, 0x0f, 0x60, 0x00, 0x9f, 0x00, 0x08, 0xf6, 0x27, 0xef, 0x00, 0x00, 0x8e, 0xfa, 0x4f, 0x00,
  0x00, 0x00, 0x00, 0x3f, 0x00, 0x00, 0x00, 0x00, 0x3f, 0x00, 0x00, 0x00, 0x00, 0x3f, 0x00, 0x00, 0x00, 0x00, 0x3f, 0x00, 0x3f, 0x5d, 0x80, 0x3f,
  0xc4, 0x10, 0x3f, 0x40, 0x00, 0x3f, 0x10, 0x00, 0x3f, 0x10, 0x00, 0x3f, 0x10, 0x00, 0x3f, 0x10, 0x00, 0x3f, 0x10, 0x00, 0x05, 0xdf, 0xc2, 0x00,
  0x1f, 0x73, 0xbd, 0x00, 0x2f, 0x30, 0x27, 0x00, 0x0a, 0xe8, 0x20, 0x00, 0x00, 0x49, 0xf7, 0x00, 0x26, 0x00, 0x5f, 0x00, 0x2f, 0x82, 0x9e, 0x00,
  0x05, 0xdf, 0xd3, 0x00, 0x03, 0xf0, 0x00, 0x03, 0xf0, 0x00, 0x0f, 0xff, 0xf0, 0x05, 0xf2, 0x20, 0x03, 0xf0, 0x00, 0x03, 0xf0, 0x00, 0x03, 0xf0,
  0x00, 0x03, 0xf0, 0x00, 0x02, 0xf5, 0x10, 0x00, 0x9f, 0xf0, 0x3f, 0x10, 0x00, 0x3f, 0x00, 0x3f, 0x10, 0x00, 0x3f, 0x00, 0x3f, 0x10, 0x00, 0x3f,
  0x00, 0x3f, 0x10, 0x00, 0x3f, 0x00, 0x3f, 0x10, 0x00, 0x4f, 0x00, 0x1f, 0x40, 0x00, 0x7f, 0x00, 0x0b, 0xe5, 0x26, 0xef, 0x00, 0x01, 0xae, 0xfb,
  0x5f, 0x00, 0xab, 0x00, 0x00, 0xd7, 0x4f, 0x10, 0x03, 0xf1, 0x0e, 0x70, 0x09, 0xb0, 0x08, 0xc0, 0x0e, 0x50, 0x02, 0xf2, 0x4f, 0x00, 0x00, 0xc8,
  0xa9, 0x00, 0x00, 0x6e, 0xf3, 0x00, 0x00, 0x0f, 0xd0, 0x00, 0xa9, 0x00, 0x0f, 0x90, 0x01, 0xf2, 0x6d, 0x00, 0x4f, 0xd0, 0x05, 0xd0, 0x1f, 0x10,
  0x98, 0xf2, 0x09, 0x80, 0x0c, 0x60, 0xd3, 0xb6, 0x0d, 0x30, 0x07, 0xa2, 0xe0, 0x6a, 0x2e, 0x00, 0x02, 0xe6, 0x90, 0x2f, 0x6a, 0x00, 0x00, 0xdd,
  0x50, 0x0d, 0xd5, 0x00, 0x00, 0x9f, 0x00, 0x08, 0xf1, 0x00, 0x8e, 0x00, 0x2f, 0x30, 0x0d, 0x80, 0xb9, 0x00, 0x04, 0xf7, 0xe0, 0x00, 0x00, 0xaf,
  0x50, 0x00, 0x00, 0xaf, 0x60, 0x00, 0x04, 0xe8, 0xe1, 0x00, 0x0d, 0x60, 0xd9, 0x00, 0x8c, 0x00, 0x3f, 0x30, 0xac, 0x00, 0x00, 0xc7, 0x4f, 0x20,
  0x02, 0xf1, 0x0d, 0x70, 0x08, 0xb0, 0x07, 0xd0, 0x0e, 0x50, 0x01, 0xf3, 0x4e, 0x00, 0x00, 0xb9, 0x99, 0x00, 0x00, 0x5e, 0xf2, 0x00, 0x00, 0x0e,
  0xc0, 0x00, 0x00, 0x0e, 0x60, 0x00, 0x00, 0x4f, 0x00, 0x00, 0x00, 0xaa, 0x00, 0x00, 0x01, 0xf4, 0x00, 0x00, 0x0f, 0xff, 0xff, 0x02, 0x22, 0xbc,
  0x00, 0x04, 0xf2, 0x00, 0x0d, 0x80, 0x00, 0x8d, 0x00, 0x02, 0xf4, 0x00, 0x0c, 0xb2, 0x22, 0x0f, 0xff, 0xff, 0x00, 0x08, 0xe6, 0x00, 0x2f, 0x61,
  0x00, 0x3f, 0x10, 0x00, 0x3f, 0x10, 0x00, 0x3f, 0x00, 0x00, 0x3f, 0x00, 0x00, 0x5f, 0x00, 0x01, 0xd9, 0x00, 0x02, 0xe6, 0x00, 0x00, 0x6f, 0x00,
  0x00, 0x3f, 0x00, 0x00, 0x3f, 0x00, 0x00, 0x3f, 0x00, 0x00, 0x3f, 0x10, 0x00, 0x2f, 0x30, 0x00, 0x0b, 0xf6, 0x00, 0x00, 0x11, 0x03, 0xf1, 0x03,
  0xf1, 0x03, 0xf1, 0x03, 0xf1, 0x03, 0xf1, 0x03, 0xf1, 0x03, 0xf1, 0x03, 0xf1, 0x03, 0xf1, 0x03, 0xf1, 0x03, 0xf1, 0x03, 0xf1, 0x03, 0xf1, 0x09,
  0xe5, 0x00, 0x01, 0x8e, 0x00, 0x00, 0x3f, 0x00, 0x00, 0x3f, 0x00, 0x00, 0x3f, 0x00, 0x00, 0x3f, 0x00, 0x00, 0x2f, 0x20, 0x00, 0x0b, 0xc1, 0x00,
  0x09, 0xe2, 0x00, 0x2f, 0x30, 0x00, 0x3f, 0x00, 0x00, 0x3f, 0x00, 0x00, 0x3f, 0x00, 0x00, 0x3f, 0x00, 0x00, 0x6f, 0x00, 0x09, 0xf8, 0x00, 0x01,
  0x10, 0x00, 0x09, 0xe9, 0x16, 0x90, 0x4c, 0x3a, 0xfe, 0x20, 0x11, 0x00, 0x10, 0x00, 0x00, 0x00, 0x00, 0x00, 0x00, 0x00, 0x00, 0x00, 0x00, 0x00,
  0x00, 0x00, 0x00, 0x6d, 0xfd, 0x70, 0x00, 0x06, 0xf6, 0x25, 0xe8, 0x00, 0x0e, 0x60, 0x00, 0x5b, 0x00, 0x2f, 0x20, 0x00, 0x00, 0x00, 0x3f, 0x10,
  0x00, 0x00, 0x00, 0x0f, 0x40, 0x00, 0x25, 0x00, 0x0a, 0xd1, 0x00, 0xbc, 0x00, 0x00, 0xbf, 0xdf, 0xd2, 0x00, 0x00, 0x02, 0xd4, 0x00, 0x00, 0x00,
  0x00, 0xac, 0x40, 0x00, 0x00, 0x00, 0x04, 0xb0, 0x00, 0x00, 0x07, 0xff, 0x60, 0x00, 0x00, 0x01, 0x21, 0x00, 0x00, 0x00, 0x01, 0x00, 0x00, 0x00,
  0x00, 0x1c, 0x28, 0x50, 0x00, 0x00, 0x08, 0xfb, 0x00, 0x00, 0x00, 0x00, 0x00, 0x00, 0x00, 0x00, 0x8e, 0xfa, 0x4f, 0x00, 0x08, 0xf6, 0x27, 0xef,
  0x00, 0x0f, 0x60, 0x00, 0x9f, 0x00, 0x3f, 0x10, 0x00, 0x4f, 0x00, 0x2f, 0x10, 0x00, 0x4f, 0x00, 0x0f, 0x60, 0x00, 0x9f, 0x00, 0x08, 0xf6, 0x27,
  0xdf, 0x00, 0x00, 0x8e, 0xfa, 0x4f, 0x00, 0x00, 0x00, 0x00, 0x4f, 0x00, 0x09, 0x80, 0x00, 0x8d, 0x00, 0x04, 0xf7, 0x26, 0xf6, 0x00, 0x00, 0x5d,
  0xfd, 0x60, 0x00, 0x3f, 0x10, 0x3f, 0x10, 0x3f, 0x10, 0x3f, 0x10, 0x3f, 0x10, 0x3f, 0x10, 0x3f, 0x10, 0x3f, 0x10, 0x00, 0x1d, 0x2d, 0x00, 0x00,
  0x00, 0x00, 0x00, 0x00, 0x00, 0x00, 0x00, 0x00, 0x00, 0x00, 0x00, 0x6d, 0xfc, 0x50, 0x00, 0x07, 0xe5, 0x27, 0xf4, 0x00, 0x0f, 0x60, 0x00, 0x9c,
  0x00, 0x2f, 0x10, 0x00, 0x4f, 0x00, 0x2f, 0x10, 0x00, 0x4f, 0x00, 0x0f, 0x60, 0x00, 0x9c, 0x00, 0x08, 0xe5, 0x27, 0xf4, 0x00, 0x00, 0x7e, 0xfc,
  0x40, 0x00, 0x03, 0xcf, 0xea, 0x10, 0x1f, 0x82, 0x4d, 0xc0, 0x3f, 0x20, 0x03, 0x80, 0x0b, 0xe8, 0x30, 0x00, 0x00, 0x5a, 0xed, 0x40, 0x02, 0x00,
  0x08, 0xe0, 0x1f, 0x40, 0x07, 0xf0, 0x07, 0xfd, 0xdf, 0x50, 0x00, 0x1b, 0x91, 0x00, 0x00, 0x08, 0xe5, 0x00, 0x00, 0x00, 0x2c, 0x00, 0x00, 0x5f,
  0xf7, 0x00, 0x00, 0x02, 0x10, 0x00, 0x00, 0x1d, 0x2d, 0x00, 0x00, 0x00, 0x00, 0x00, 0x00, 0x00, 0x00, 0x00, 0x00, 0x00, 0x00, 0x3f, 0x10, 0x00,
  0x3f, 0x00, 0x3f, 0x10, 0x00, 0x3f, 0x00, 0x3f, 0x10, 0x00, 0x3f, 0x00, 0x3f, 0x10, 0x00, 0x3f, 0x00, 0x3f, 0x10, 0x00, 0x4f, 0x00, 0x1f, 0x40,
  0x00, 0x7f, 0x00, 0x0b, 0xe5, 0x26, 0xef, 0x00, 0x01, 0xae, 0xfb, 0x5f, 0x00, 0x00, 0x08, 0xdf, 0xd9, 0x10, 0x00, 0x00, 0xcc, 0x52, 0x4c, 0xe2,
  0x00, 0x09, 0xd0, 0x00, 0x00, 0xcb, 0x00, 0x0f, 0x50, 0x00, 0x00, 0x00, 0x00, 0x2f, 0x10, 0x00, 0x00, 0x00, 0x00, 0x2f, 0x10, 0x00, 0x00, 0x00,
  0x00, 0x0f, 0x50, 0x00, 0x00, 0x00, 0x00, 0x0a, 0xd0, 0x00, 0x00, 0xcb, 0x00, 0x01, 0xdc, 0x52, 0x4c, 0xe2, 0x00, 0x00, 0x19, 0xef, 0xfa, 0x20,
  0x00, 0x00, 0x00, 0x0b, 0x10, 0x00, 0x00, 0x00, 0x00, 0x0b, 0xe4, 0x00, 0x00, 0x00, 0x00, 0x01, 0x7b, 0x00, 0x00, 0x00, 0x00, 0x6f, 0xf6, 0x00,
  0x00, 0x00, 0x00, 0x02, 0x10, 0x00, 0x00, 0x00, 0x01, 0x00, 0x10, 0x00, 0x00, 0x00, 0x06, 0x82, 0xa4, 0x00, 0x00, 0x00, 0x00, 0xbf, 0xa0, 0x00,
  0x00, 0x00, 0x00, 0x00, 0x00, 0x00, 0x00, 0x00, 0x08, 0xef, 0xd8, 0x10, 0x00, 0x01, 0xdc, 0x52, 0x4c, 0xd1, 0x00, 0x09, 0xc0, 0x00, 0x00, 0x95,
  0x00, 0x0f, 0x50, 0x00, 0x00, 0x00, 0x00, 0x2f, 0x10, 0x0f, 0xff, 0xff, 0x00, 0x2f, 0x10, 0x02, 0x22, 0x7e, 0x00, 0x0f, 0x40, 0x00, 0x00, 0x9a,
  0x00, 0x09, 0xc0, 0x00, 0x02, 0xf4, 0x00, 0x01, 0xdc, 0x42, 0x6e, 0x80, 0x00, 0x00, 0x08, 0xef, 0xd6, 0x00, 0x00, 0x00, 0x00, 0x1d, 0x00, 0x00,
  0x00, 0x3f, 0x10, 0x3f, 0x10, 0x3f, 0x10, 0x3f, 0x10, 0x3f, 0x10, 0x3f, 0x10, 0x3f, 0x10, 0x3f, 0x10, 0x3f, 0x10, 0x3f, 0x10, 0x00, 0x00, 0x00,
  0x00, 0x00, 0x00, 0x00, 0x01, 0xd1, 0xd0, 0x00, 0x00, 0x00, 0x00, 0x00, 0x00, 0x00, 0x00, 0x00, 0x06, 0xcf, 0xeb, 0x50, 0x00, 0x00, 0xbe, 0x63,
  0x37, 0xf9, 0x00, 0x08, 0xd1, 0x00, 0x00, 0x2f, 0x50, 0x0f, 0x50, 0x00, 0x00, 0x08, 0xc0, 0x2f, 0x10, 0x00, 0x00, 0x04, 0xf0, 0x2f, 0x10, 0x00,
  0x00, 0x04, 0xf0, 0x0f, 0x50, 0x00, 0x00, 0x08, 0xc0, 0x09, 0xd1, 0x00, 0x00, 0x2f, 0x50, 0x00, 0xcd, 0x62, 0x37, 0xe9, 0x00, 0x00, 0x07, 0xcf,
  0xeb, 0x50, 0x00, 0x02, 0xbf, 0xe8, 0x00, 0x0e, 0xa3, 0x5e, 0x80, 0x3f, 0x10, 0x05, 0x80, 0x2f, 0x50, 0x00, 0x00, 0x09, 0xfa, 0x50, 0x00, 0x00,
  0x49, 0xee, 0x40, 0x00, 0x00, 0x0a, 0xd0, 0x17, 0x00, 0x04, 0xf0, 0x0f, 0x70, 0x09, 0xd0, 0x05, 0xfe, 0xee, 0x30, 0x00, 0x09, 0x70, 0x00, 0x00,
  0x06, 0xd7, 0x00, 0x00, 0x00, 0x0f, 0x00, 0x00, 0x0f, 0xfb, 0x00, 0x00, 0x02, 0x20, 0x00, 0x00, 0x00, 0x00, 0x00, 0x00, 0x00, 0x1d, 0x1d, 0x00,
  0x00, 0x00, 0x00, 0x00, 0x00, 0x00, 0x3f, 0x10, 0x00, 0x3f, 0x00, 0x3f, 0x10, 0x00, 0x3f, 0x00, 0x3f, 0x10, 0x00, 0x3f, 0x00, 0x3f, 0x10, 0x00,
  0x3f, 0x00, 0x3f, 0x10, 0x00, 0x3f, 0x00, 0x3f, 0x10, 0x00, 0x3f, 0x00, 0x3f, 0x10, 0x00, 0x4f, 0x00, 0x1f, 0x40, 0x00, 0x7d, 0x00, 0x09, 0xe5,
  0x26, 0xf6, 0x00, 0x00, 0x8e, 0xfd, 0x60, 0x00, 0x03, 0xce, 0xb2, 0x00, 0x0e, 0x93, 0xbc, 0x00, 0x3f, 0x10, 0x4f, 0x00, 0x1f, 0x60, 0x9d, 0x00,
  0x06, 0xff, 0xe4, 0x00, 0x00, 0x02, 0x00, 0x00, 0x00, 0x00, 0x00, 0x00, 0x00, 0x00, 0x00, 0x00, 0x00, 0x00, 0x00, 0x00, 0x00, 0x00, 0x00, 0x00,
  0x1b, 0x00, 0x1d, 0x00, 0x00, 0x00, 0x00, 0x00, 0x00, 0x00, 0x00, 0x00, 0x1b, 0x01, 0xb0, 0x1b, 0x00, 0x1d, 0x01, 0xd0, 0x1d, 0x00, 0x0f, 0xff,
  0xff, 0xff, 0x00, 0x02, 0x22, 0x22, 0x22, 0x00, 0x00, 0x00, 0x00, 0x00, 0x00, 0x00, 0x00, 0x00, 0x00, 0x00, 0x00, 0x00, 0x00, 0x00, 0x00, 0x00,
  0x00, 0x00, 0x00, 0x00,
};
STATIC CONST GLYPH mFontSmallGlyphs[] = {
  { 0x0020, 0, 0, 0, 0, 4, 0 },
  { 0x0021, 4, 10, 0, 5, 4, 0 },
  { 0x0022, 5, 12, 0, 3, 4, 20 },
  { 0x0023, 12, 11, 0, 4, 12, 56 },
  { 0x0024, 9, 13, 0, 3, 9, 122 },
  { 0x0025, 11, 10, 0, 5, 11, 187 },
  { 0x0026, 11, 10, 0, 5, 10, 247 },
  { 0x0027, 3, 12, 0, 3, 2, 307 },
  { 0x0028, 7, 16, 0, 2, 6, 331 },
  { 0x0029, 6, 16, 0, 2, 6, 395 },
  { 0x002a, 7, 11, 0, 4, 7, 443 },
  { 0x002b, 10, 9, 0, 6, 10, 487 },
  { 0x002c, 4, 4, -1, 13, 3, 532 },
  { 0x002d, 8, 6, 0, 9, 8, 540 },
  { 0x002e, 3, 2, 0, 13, 3, 564 },
  { 0x002f, 7, 16, 0, 1, 7, 568 },
  { 0x0030, 9, 11, 0, 4, 9, 632 },
  { 0x0031, 4, 11, 0, 4, 4, 687 },
  { 0x0032, 8, 11, 0, 4, 8, 709 },
  { 0x0033, 8, 11, 0, 4, 8, 753 },
  { 0x0034, 9, 10, 0, 5, 9, 797 },
  { 0x0035, 9, 11, 0, 4, 9, 847 },
  { 0x0036, 9, 11, 0, 4, 9, 902 },
  { 0x0037, 8, 11, 0, 4, 8, 957 },
  { 0x0038, 9, 11, 0, 4, 9, 1001 },
  { 0x0039, 9, 11, 0, 4, 9, 1056 },
  { 0x003a, 3, 8, 0, 7, 3, 1111 },
  { 0x003b, 4, 10, 0, 7, 4, 1127 },
  { 0x003c, 8, 9, 0, 6, 8, 1147 },
  { 0x003d, 10, 7, 0, 8, 10, 1183 },
  { 0x003e, 8, 9, 0, 6, 8, 1218 },
  { 0x003f, 8, 10, 0, 5, 7, 1254 },
  { 0x0040, 14, 13, 0, 6, 14, 1294 },
  { 0x0041, 9, 10, 0, 5, 9, 1385 },
  { 0x0042, 9, 10, 0, 5, 9, 1435 },
  { 0x0043, 11, 10, 0, 5, 11, 1485 },
  { 0x0044, 10, 10, 0, 5, 10, 1545 },
  { 0x0045, 7, 10, 0, 5, 7, 1595 },
  { 0x0046, 7, 10, 0, 5, 7, 1635 },
  { 0x0047, 11, 10, 0, 5, 11, 1675 },
  { 0x0048, 10, 10, 0, 5, 10, 1735 },
  { 0x0049, 3, 10, 0, 5, 3, 1785 },
  { 0x004a, 7, 10, 0, 5, 7, 1805 },
  { 0x004b, 8, 10, 0, 5, 8, 1845 },
  { 0x004c, 6, 10, 0, 5, 6, 1885 },
  { 0x004d, 12, 10, 0, 5, 12, 1915 },
  { 0x004e, 10, 10, 0, 5, 10, 1975 },
  { 0x004f, 12, 10, 0, 5, 11, 2025 },
  { 0x0050, 8, 10, 0, 5, 8, 2085 },
  { 0x0051, 12, 12, 0, 5, 11, 2125 },
  { 0x0052, 9, 10, 0, 5, 9, 2197 },
  { 0x0053, 8, 10, 0, 5, 8, 2247 },
  { 0x0054, 8, 10, 0, 5, 8, 2287 },
  { 0x0055, 9, 10, 0, 5, 9, 2327 },
  { 0x0056, 10, 10, 0, 5, 9, 2377 },
  { 0x0057, 14, 10, 0, 5, 14, 2427 },
  { 0x0058, 9, 10, 0, 5, 9, 2497 },
  { 0x0059, 9, 10, 0, 5, 8, 2547 },
  { 0x005a, 8, 10, 0, 5, 8, 2597 },
  { 0x005b, 6, 17, 0, 2, 6, 2637 },
  { 0x005c, 9, 16, 0, 1, 9, 2688 },
  { 0x005d, 6, 17, 0, 2, 6, 2768 },
  { 0x005e, 9, 10, 0, 5, 9, 2819 },
  { 0x005f, 10, 3, 0, 15, 10, 2869 },
  { 0x0060, 4, 12, 0, 3, 4, 2884 },
  { 0x0061, 9, 8, 0, 7, 9, 2908 },
  { 0x0062, 9, 11, 0, 4, 9, 2948 },
  { 0x0063, 9, 8, 0, 7, 8, 3003 },
  { 0x0064, 9, 11, 0, 4, 9, 3043 },
  { 0x0065, 9, 8, 0, 7, 9, 3098 },
  { 0x0066, 5, 11, 0, 4, 5, 3138 },
  { 0x0067, 9, 12, 0, 7, 9, 3171 },
  { 0x0068, 9, 11, 0, 4, 9, 3231 },
  { 0x0069, 3, 11, 0, 4, 3, 3286 },
  { 0x006a, 4, 15, -1, 4, 3, 3308 },
  { 0x006b, 7, 11, 0, 4, 7, 3338 },
  { 0x006c, 3, 11, 0, 4, 3, 3382 },
  { 0x006d, 15, 8, 0, 7, 14, 3404 },
  { 0x006e, 9, 8, 0, 7, 9, 3468 },
  { 0x006f, 9, 8, 0, 7, 9, 3508 },
  { 0x0070, 9, 12, 0, 7, 9, 3548 },
  { 0x0071, 9, 12, 0, 7, 9, 3608 },
  { 0x0072, 5, 8, 0, 7, 5, 3668 },
  { 0x0073, 7, 8, 0, 7, 7, 3692 },
  { 0x0074, 5, 10, 0, 5, 5, 3724 },
  { 0x0075, 9, 8, 0, 7, 9, 3754 },
  { 0x0076, 8, 8, 0, 7, 8, 3794 },
  { 0x0077, 12, 8, 0, 7, 11, 3826 },
  { 0x0078, 7, 8, 0, 7, 7, 3874 },
  { 0x0079, 8, 12, 0, 7, 8, 3906 },
  { 0x007a, 6, 8, 0, 7, 6, 3954 },
  { 0x007b, 6, 17, 0, 2, 6, 3978 },
  { 0x007c, 4, 13, 0, 4, 4, 4029 },
  { 0x007d, 6, 17, 0, 2, 6, 4055 },
  { 0x007e, 7, 6, 0, 9, 7, 4106 },
  { 0x00e7, 9, 13, 0, 7, 8, 4130 },
  { 0x011f, 9, 16, 0, 3, 9, 4195 },
  { 0x0131, 3, 8, 0, 7, 3, 4275 },
  { 0x00f6, 9, 11, 0, 4, 9, 4291 },
  { 0x015f, 8, 13, 0, 7, 7, 4346 },
  { 0x00fc, 9, 11, 0, 4, 9, 4398 },
  { 0x00c7, 11, 15, 0, 5, 11, 4453 },
  { 0x011e, 11, 14, 0, 1, 11, 4543 },
  { 0x0130, 3, 13, 0, 2, 3, 4627 },
  { 0x00d6, 12, 13, 0, 2, 11, 4653 },
  { 0x015e, 8, 15, 0, 5, 8, 4731 },
  { 0x00dc, 9, 13, 0, 2, 9, 4791 },
  { 0x00b0, 7, 10, 0, 5, 6, 4856 },
  { 0x00b7, 3, 6, 0, 9, 3, 4896 },
  { 0x2026, 9, 2, 0, 13, 8, 4908 },
  { 0x2013, 9, 6, 0, 9, 9, 4918 },
};
STATIC CONST FONT mFontSmall = { 20, 15, 111, mFontSmallGlyphs, mFontSmallData };
STATIC CONST UINT8 mFontBodyData[] = {
  0x00, 0xf9, 0x00, 0x00, 0xf9, 0x00, 0x00, 0xf9, 0x00, 0x00, 0xf9, 0x00, 0x00, 0xf9, 0x00, 0x00, 0xf9, 0x00, 0x00, 0xf9, 0x00, 0x00, 0xf9, 0x00,
  0x00, 0xf9, 0x00, 0x00, 0x00, 0x00, 0x00, 0x10, 0x00, 0x00, 0xd6, 0x00, 0x00, 0xc5, 0x00, 0x0f, 0x9f, 0x90, 0x0f, 0x9f, 0x90, 0x0f, 0x9f, 0x90,
  0x0f, 0x9f, 0x90, 0x00, 0x00, 0x00, 0x00, 0x00, 0x00, 0x00, 0x00, 0x00, 0x00, 0x00, 0x00, 0x00, 0x00, 0x00, 0x00, 0x00, 0x00, 0x00, 0x00, 0x00,
  0x00, 0x00, 0x00, 0x00, 0x00, 0x00, 0x00, 0x00, 0x00, 0x00, 0x00, 0x00, 0x00, 0x00, 0x06, 0xf1, 0x00, 0x5f, 0x30, 0x00, 0x00, 0x0a, 0xd0, 0x00,
  0x8e, 0x00, 0x00, 0x00, 0x0e, 0x90, 0x00, 0xcb, 0x00, 0x00, 0xff, 0xff, 0xff, 0xff, 0xff, 0xff, 0x00, 0x66, 0xaf, 0x76, 0x69, 0xf8, 0x66, 0x00,
  0x00, 0x8f, 0x00, 0x06, 0xf1, 0x00, 0x00, 0x00, 0xbc, 0x00, 0x09, 0xe0, 0x00, 0x01, 0x11, 0xea, 0x11, 0x1d, 0xb1, 0x10, 0x0f, 0xff, 0xff, 0xff,
  0xff, 0xff, 0xf0, 0x04, 0x48, 0xf6, 0x44, 0x7f, 0x74, 0x40, 0x00, 0x08, 0xf0, 0x00, 0x6f, 0x10, 0x00, 0x00, 0x0b, 0xc0, 0x00, 0x9e, 0x00, 0x00,
  0x00, 0x0e, 0x90, 0x00, 0xcb, 0x00, 0x00, 0x00, 0x00, 0xe0, 0x00, 0x00, 0x00, 0x00, 0x8e, 0xfe, 0xa2, 0x00, 0x00, 0x07, 0xf9, 0xf8, 0xfe, 0x20,
  0x00, 0x0d, 0xb0, 0xe0, 0x3f, 0xa0, 0x00, 0x0f, 0x90, 0xe0, 0x03, 0x20, 0x00, 0x0d, 0xd0, 0xe0, 0x00, 0x00, 0x00, 0x07, 0xfb, 0xe0, 0x00, 0x00,
  0x00, 0x00, 0x6d, 0xff, 0xb4, 0x00, 0x00, 0x00, 0x00, 0xe8, 0xef, 0x50, 0x00, 0x00, 0x00, 0xe0, 0x1d, 0xd0, 0x00, 0x06, 0x40, 0xe0, 0x0a, 0xf0,
  0x00, 0x0d, 0xd0, 0xe0, 0x0d, 0xc0, 0x00, 0x06, 0xfa, 0xf7, 0xdf, 0x40, 0x00, 0x00, 0x7e, 0xff, 0xb3, 0x00, 0x00, 0x00, 0x00, 0xe0, 0x00, 0x00,
  0x00, 0x00, 0x00, 0x70, 0x00, 0x00, 0x00, 0x01, 0xbf, 0xb1, 0x00, 0x0b, 0x70, 0x00, 0x0a, 0xf8, 0xfa, 0x00, 0x3e, 0x00, 0x00, 0x0e, 0xa0, 0xae,
  0x00, 0xc6, 0x00, 0x00, 0x0f, 0x90, 0x9f, 0x04, 0xe0, 0x00, 0x00, 0x0c, 0xd3, 0xec, 0x0c, 0x60, 0x00, 0x00, 0x03, 0xff, 0xf3, 0x5d, 0x00, 0x00,
  0x00, 0x00, 0x13, 0x10, 0xd5, 0x00, 0x00, 0x00, 0x00, 0x00, 0x05, 0xc0, 0x00, 0x00, 0x00, 0x00, 0x00, 0x0d, 0x40, 0x7d, 0xd7, 0x00, 0x00, 0x00,
  0x6b, 0x05, 0xf5, 0x5f, 0x50, 0x00, 0x00, 0xe3, 0x08, 0xf0, 0x0f, 0x80, 0x00, 0x07, 0xb0, 0x05, 0xfa, 0xaf, 0x50, 0x00, 0x0e, 0x20, 0x00, 0x8e,
  0xe8, 0x00, 0x00, 0x01, 0xae, 0xfa, 0x10, 0x00, 0x00, 0x00, 0x0b, 0xf8, 0x8f, 0xa0, 0x00, 0x00, 0x00, 0x0f, 0xa0, 0x09, 0xd0, 0x00, 0x00, 0x00,
  0x0d, 0xb0, 0x00, 0x00, 0x00, 0x00, 0x00, 0x06, 0xf5, 0x00, 0x00, 0x00, 0x00, 0x00, 0x19, 0xff, 0x40, 0x00, 0x00, 0x00, 0x01, 0xde, 0x5a, 0xf3,
  0x00, 0x9f, 0x10, 0x0a, 0xf1, 0x00, 0xce, 0x22, 0xf9, 0x00, 0x0e, 0xa0, 0x00, 0x1d, 0xeb, 0xf1, 0x00, 0x0f, 0xa0, 0x00, 0x02, 0xef, 0x80, 0x00,
  0x0b, 0xf2, 0x00, 0x03, 0xff, 0xc0, 0x00, 0x03, 0xfe, 0x87, 0xaf, 0xd6, 0xfa, 0x00, 0x00, 0x2a, 0xef, 0xd7, 0x00, 0x7f, 0x80, 0x0f, 0x90, 0x0f,
  0x90, 0x0f, 0x90, 0x0f, 0x90, 0x00, 0x00, 0x00, 0x00, 0x00, 0x00, 0x00, 0x00, 0x00, 0x00, 0x00, 0x00, 0x00, 0x00, 0x00, 0x00, 0x00, 0x00, 0x00,
  0x00, 0x00, 0x00, 0x00, 0x00, 0x0b, 0xf3, 0x00, 0x00, 0x8f, 0x60, 0x00, 0x02, 0xfa, 0x00, 0x00, 0x09, 0xf2, 0x00, 0x00, 0x1f, 0xa0, 0x00, 0x00,
  0x5f, 0x50, 0x00, 0x00, 0x9f, 0x10, 0x00, 0x00, 0xcd, 0x00, 0x00, 0x00, 0xdb, 0x00, 0x00, 0x00, 0xfa, 0x00, 0x00, 0x00, 0xf9, 0x00, 0x00, 0x00,
  0xea, 0x00, 0x00, 0x00, 0xdc, 0x00, 0x00, 0x00, 0xaf, 0x00, 0x00, 0x00, 0x6f, 0x30, 0x00, 0x00, 0x2f, 0x70, 0x00, 0x00, 0x0b, 0xe0, 0x00, 0x00,
  0x04, 0xf6, 0x00, 0x00, 0x00, 0xbe, 0x10, 0x00, 0x00, 0x1d, 0xb0, 0x0b, 0xf2, 0x00, 0x00, 0x00, 0xdd, 0x10, 0x00, 0x00, 0x2f, 0x90, 0x00, 0x00,
  0x09, 0xf2, 0x00, 0x00, 0x02, 0xf9, 0x00, 0x00, 0x00, 0xbd, 0x00, 0x00, 0x00, 0x7f, 0x20, 0x00, 0x00, 0x3f, 0x50, 0x00, 0x00, 0x1f, 0x70, 0x00,
  0x00, 0x0f, 0x80, 0x00, 0x00, 0x0f, 0x80, 0x00, 0x00, 0x1f, 0x70, 0x00, 0x00, 0x3f, 0x60, 0x00, 0x00, 0x6f, 0x30, 0x00, 0x00, 0xbe, 0x00, 0x00,
  0x00, 0xfa, 0x00, 0x00, 0x07, 0xf4, 0x00, 0x00, 0x0e, 0xc0, 0x00, 0x00, 0xaf, 0x30, 0x00, 0x07, 0xf5, 0x00, 0x00, 0x00, 0x07, 0xb0, 0x00, 0x06,
  0x35, 0xa0, 0x70, 0x09, 0xf9, 0xbd, 0xb0, 0x00, 0x3e, 0xf6, 0x00, 0x09, 0xfa, 0xbe, 0xb0, 0x06, 0x35, 0xa1, 0x80, 0x00, 0x07, 0xb0, 0x00, 0x00,
  0x00, 0x00, 0x00, 0x00, 0x00, 0x00, 0x00, 0x00, 0x00, 0x00, 0x00, 0x00, 0x00, 0x00, 0x00, 0x00, 0x00, 0x00, 0x00, 0x00, 0x00, 0x00, 0x00, 0x00,
  0x00, 0x9f, 0x00, 0x00, 0x00, 0x00, 0x00, 0x9f, 0x00, 0x00, 0x00, 0x00, 0x00, 0x9f, 0x00, 0x00, 0x00, 0x01, 0x11, 0x9f, 0x11, 0x11, 0x00, 0x0f,
  0xff, 0xff, 0xff, 0xff, 0x00, 0x04, 0x44, 0xbf, 0x44, 0x44, 0x00, 0x00, 0x00, 0x9f, 0x00, 0x00, 0x00, 0x00, 0x00, 0x9f, 0x00, 0x00, 0x00, 0x00,
  0x00, 0x9f, 0x00, 0x00, 0x00, 0x00, 0x00, 0x00, 0x00, 0x00, 0x00, 0x00, 0x00, 0x00, 0x00, 0x00, 0x00, 0x00, 0xeb, 0x02, 0xf5, 0x06, 0xe0, 0x0a,
  0x90, 0x0e, 0x30, 0x02, 0x22, 0x22, 0x22, 0x00, 0x0f, 0xff, 0xff, 0xff, 0x00, 0x04, 0x44, 0x44, 0x44, 0x00, 0x00, 0x00, 0x00, 0x00, 0x00, 0x00,
  0x00, 0x00, 0x00, 0x00, 0x00, 0x00, 0x00, 0x00, 0x00, 0x00, 0x00, 0x00, 0x00, 0x00, 0x00, 0x00, 0x00, 0x00, 0x00, 0x01, 0x00, 0x0d, 0x60, 0x0c,
  0x50, 0x00, 0x00, 0x09, 0xf0, 0x00, 0x00, 0x0c, 0xb0, 0x00, 0x00, 0x0f, 0x80, 0x00, 0x00, 0x4f, 0x40, 0x00, 0x00, 0x8f, 0x00, 0x00, 0x00, 0xbc,
  0x00, 0x00, 0x00, 0xf9, 0x00, 0x00, 0x03, 0xf5, 0x00, 0x00, 0x06, 0xf1, 0x00, 0x00, 0x0a, 0xe0, 0x00, 0x00, 0x0e, 0xa0, 0x00, 0x00, 0x1f, 0x60,
  0x00, 0x00, 0x5f, 0x20, 0x00, 0x00, 0x9f, 0x00, 0x00, 0x00, 0xdb, 0x00, 0x00, 0x00, 0xf7, 0x00, 0x00, 0x04, 0xf4, 0x00, 0x00, 0x08, 0xf0, 0x00,
  0x00, 0x0b, 0xc0, 0x00, 0x00, 0x0f, 0x80, 0x00, 0x00, 0x00, 0x1a, 0xef, 0xd6, 0x00, 0x00, 0x00, 0xdf, 0x97, 0xcf, 0x70, 0x00, 0x06, 0xf4, 0x00,
  0x0b, 0xe0, 0x00, 0x0b, 0xd0, 0x00, 0x04, 0xf4, 0x00, 0x0d, 0xa0, 0x00, 0x01, 0xf7, 0x00, 0x0f, 0x90, 0x00, 0x00, 0xf8, 0x00, 0x0f, 0x90, 0x00,
  0x00, 0xf9, 0x00, 0x0f, 0x90, 0x00, 0x00, 0xf8, 0x00, 0x0d, 0xb0, 0x00, 0x02, 0xf6, 0x00, 0x0a, 0xd0, 0x00, 0x04, 0xf4, 0x00, 0x06, 0xf4, 0x00,
  0x0b, 0xe0, 0x00, 0x00, 0xdf, 0x97, 0xbf, 0x70, 0x00, 0x00, 0x1a, 0xef, 0xd6, 0x00, 0x00, 0xaf, 0xf9, 0x00, 0x46, 0xf9, 0x00, 0x00, 0xf9, 0x00,
  0x00, 0xf9, 0x00, 0x00, 0xf9, 0x00, 0x00, 0xf9, 0x00, 0x00, 0xf9, 0x00, 0x00, 0xf9, 0x00, 0x00, 0xf9, 0x00, 0x00, 0xf9, 0x00, 0x00, 0xf9, 0x00,
  0x00, 0xf9, 0x00, 0x00, 0xf9, 0x00, 0x00, 0x4c, 0xfe, 0xa1, 0x00, 0x04, 0xfd, 0x78, 0xfd, 0x00, 0x0b, 0xf1, 0x00, 0x4f, 0x60, 0x0f, 0xa0, 0x00,
  0x0f, 0x80, 0x02, 0x10, 0x00, 0x1f, 0x70, 0x00, 0x00, 0x00, 0x6f, 0x40, 0x00, 0x00, 0x00, 0xdd, 0x00, 0x00, 0x00, 0x09, 0xf3, 0x00, 0x00, 0x00,
  0x7f, 0x70, 0x00, 0x00, 0x07, 0xf8, 0x00, 0x00, 0x00, 0x8f, 0x70, 0x00, 0x00, 0x0a, 0xfc, 0x66, 0x66, 0x60, 0x0f, 0xff, 0xff, 0xff, 0xf0, 0x00,
  0x19, 0xdf, 0xea, 0x20, 0x01, 0xee, 0x97, 0x8e, 0xf2, 0x08, 0xf2, 0x00, 0x03, 0xf8, 0x01, 0x10, 0x00, 0x01, 0xf7, 0x00, 0x00, 0x12, 0x5d, 0xd1,
  0x00, 0x00, 0xff, 0xf8, 0x00, 0x00, 0x00, 0x56, 0xaf, 0x80, 0x00, 0x00, 0x00, 0x07, 0xf3, 0x00, 0x00, 0x00, 0x01, 0xf7, 0x0c, 0xc0, 0x00, 0x01,
  0xf8, 0x07, 0xf4, 0x00, 0x07, 0xf5, 0x00, 0xdf, 0x97, 0xaf, 0xd0, 0x00, 0x19, 0xef, 0xe9, 0x10, 0x00, 0x00, 0x00, 0x4f, 0xf0, 0x00, 0x00, 0x00,
  0x00, 0xdf, 0xf0, 0x00, 0x00, 0x00, 0x09, 0xea, 0xf0, 0x00, 0x00, 0x00, 0x4f, 0x49, 0xf0, 0x00, 0x00, 0x00, 0xea, 0x09, 0xf0, 0x00, 0x00, 0x09,
  0xe1, 0x09, 0xf0, 0x00, 0x00, 0x4f, 0x50, 0x09, 0xf0, 0x00, 0x00, 0xeb, 0x00, 0x09, 0xf0, 0x00, 0x0a, 0xf3, 0x11, 0x19, 0xf1, 0x10, 0x0f, 0xff,
  0xff, 0xff, 0xff, 0xf0, 0x04, 0x44, 0x44, 0x4b, 0xf4, 0x40, 0x00, 0x00, 0x00, 0x09, 0xf0, 0x00, 0x00, 0x00, 0x00, 0x09, 0xf0, 0x00, 0x0f, 0xff,
  0xff, 0xff, 0x20, 0x00, 0x0f, 0xc6, 0x66, 0x66, 0x10, 0x00, 0x0f, 0x90, 0x00, 0x00, 0x00, 0x00, 0x0f, 0x90, 0x01, 0x00, 0x00, 0x00, 0x0f, 0x99,
  0xff, 0xe5, 0x00, 0x00, 0x0f, 0xfc, 0x56, 0xdf, 0x40, 0x00, 0x0f, 0xd0, 0x00, 0x1f, 0xb0, 0x00, 0x01, 0x00, 0x00, 0x0a, 0xe0, 0x00, 0x00, 0x00,
  0x00, 0x09, 0xf0, 0x00, 0x1b, 0x50, 0x00, 0x0b, 0xe0, 0x00, 0x0e, 0xd0, 0x00, 0x2f, 0x90, 0x00, 0x04, 0xfd, 0x78, 0xee, 0x10, 0x00, 0x00, 0x4c,
  0xfe, 0xa2, 0x00, 0x00, 0x00, 0x09, 0xef, 0xd7, 0x00, 0x00, 0x00, 0xcf, 0x97, 0xaf, 0x80, 0x00, 0x05, 0xf5, 0x00, 0x08, 0xe0, 0x00, 0x0a, 0xd0,
  0x00, 0x00, 0x00, 0x00, 0x0d, 0xa4, 0xdf, 0xfb, 0x10, 0x00, 0x0f, 0xce, 0x75, 0x9f, 0xc0, 0x00, 0x0f, 0xf2, 0x00, 0x08, 0xf4, 0x00, 0x0f, 0xa0,
  0x00, 0x02, 0xf7, 0x00, 0x0d, 0x90, 0x00, 0x00, 0xf8, 0x00, 0x0b, 0xc0, 0x00, 0x02, 0xf7, 0x00, 0x06, 0xf4, 0x00, 0x09, 0xf3, 0x00, 0x00, 0xcf,
  0x97, 0xbf, 0xa0, 0x00, 0x00, 0x19, 0xdf, 0xd8, 0x00, 0x00, 0x0f, 0xff, 0xff, 0xff, 0xf0, 0x06, 0x66, 0x66, 0x6c, 0xe0, 0x00, 0x00, 0x00, 0x0e,
  0x80, 0x00, 0x00, 0x00, 0x5f, 0x10, 0x00, 0x00, 0x00, 0xcb, 0x00, 0x00, 0x00, 0x02, 0xf4, 0x00, 0x00, 0x00, 0x09, 0xe0, 0x00, 0x00, 0x00, 0x0f,
  0x80, 0x00, 0x00, 0x00, 0x6f, 0x10, 0x00, 0x00, 0x00, 0xcb, 0x00, 0x00, 0x00, 0x03, 0xf4, 0x00, 0x00, 0x00, 0x0a, 0xe0, 0x00, 0x00, 0x00, 0x1f,
  0x80, 0x00, 0x00, 0x00, 0x2a, 0xef, 0xea, 0x20, 0x00, 0x02, 0xfe, 0x97, 0x9e, 0xf2, 0x00, 0x08, 0xf3, 0x00, 0x03, 0xf8, 0x00, 0x07, 0xf1, 0x00,
  0x01, 0xf7, 0x00, 0x01, 0xec, 0x42, 0x4c, 0xe1, 0x00, 0x00, 0x2e, 0xff, 0xfe, 0x10, 0x00, 0x02, 0xed, 0x65, 0x8f, 0xc0, 0x00, 0x0b, 0xe0, 0x00,
  0x06, 0xf5, 0x00, 0x0f, 0xa0, 0x00, 0x01, 0xf8, 0x00, 0x0e, 0xa0, 0x00, 0x01, 0xf8, 0x00, 0x0b, 0xf2, 0x00, 0x08, 0xf4, 0x00, 0x02, 0xfe, 0x87,
  0xbf, 0xb0, 0x00, 0x00, 0x2a, 0xef, 0xd7, 0x00, 0x00, 0x00, 0x3b, 0xff, 0xd6, 0x00, 0x00, 0x03, 0xff, 0x87, 0xbf, 0x70, 0x00, 0x0b, 0xf2, 0x00,
  0x09, 0xf0, 0x00, 0x0f, 0xa0, 0x00, 0x02, 0xf4, 0x00, 0x0f, 0xa0, 0x00, 0x00, 0xf7, 0x00, 0x0c, 0xe0, 0x00, 0x05, 0xf8, 0x00, 0x06, 0xfb, 0x32,
  0x6d, 0xf9, 0x00, 0x00, 0x8f, 0xff, 0xe5, 0xf8, 0x00, 0x00, 0x01, 0x33, 0x01, 0xf7, 0x00, 0x04, 0x70, 0x00, 0x05, 0xf4, 0x00, 0x05, 0xf4, 0x00,
  0x0b, 0xf0, 0x00, 0x00, 0xcf, 0x97, 0xbf, 0x70, 0x00, 0x00, 0x19, 0xef, 0xd6, 0x00, 0x00, 0x0c, 0x50, 0x0d, 0x70, 0x01, 0x00, 0x00, 0x00, 0x00,
  0x00, 0x00, 0x00, 0x00, 0x00, 0x01, 0x00, 0x0d, 0x60, 0x0c, 0x50, 0x0c, 0x50, 0x0d, 0x70, 0x01, 0x00, 0x00, 0x00, 0x00, 0x00, 0x00, 0x00, 0x00,
  0x00, 0x06, 0x50, 0x0e, 0x50, 0x2f, 0x00, 0x6b, 0x00, 0x96, 0x00, 0x10, 0x00, 0x00, 0x00, 0x1d, 0xd1, 0x00, 0x00, 0x02, 0xed, 0x10, 0x00, 0x00,
  0x2e, 0xd1, 0x00, 0x00, 0x02, 0xec, 0x10, 0x00, 0x00, 0x02, 0xec, 0x10, 0x00, 0x00, 0x00, 0x2e, 0xd1, 0x00, 0x00, 0x00, 0x02, 0xdd, 0x10, 0x00,
  0x00, 0x00, 0x1d, 0xd1, 0x00, 0x00, 0x00, 0x00, 0x00, 0x00, 0x00, 0x00, 0x00, 0x00, 0x00, 0x00, 0x11, 0x11, 0x11, 0x11, 0x10, 0x00, 0xff, 0xff,
  0xff, 0xff, 0xf0, 0x00, 0x44, 0x44, 0x44, 0x44, 0x40, 0x00, 0x00, 0x00, 0x00, 0x00, 0x00, 0x00, 0x22, 0x22, 0x22, 0x22, 0x20, 0x00, 0xff, 0xff,
  0xff, 0xff, 0xf0, 0x00, 0x44, 0x44, 0x44, 0x44, 0x40, 0x00, 0x00, 0x00, 0x00, 0x00, 0x00, 0x00, 0x00, 0x00, 0x00, 0x00, 0x00, 0x00, 0x00, 0x00,
  0x00, 0x00, 0x00, 0x01, 0xce, 0x20, 0x00, 0x00, 0x00, 0x1c, 0xe2, 0x00, 0x00, 0x00, 0x00, 0xce, 0x30, 0x00, 0x00, 0x00, 0x0b, 0xf3, 0x00, 0x00,
  0x00, 0x0c, 0xe3, 0x00, 0x00, 0x00, 0xce, 0x30, 0x00, 0x00, 0x1c, 0xe2, 0x00, 0x00, 0x01, 0xde, 0x20, 0x00, 0x00, 0x00, 0x00, 0x00, 0x00, 0x00,
  0x00, 0x00, 0x00, 0x00, 0x00, 0x00, 0x5c, 0xfe, 0x91, 0x00, 0x06, 0xfc, 0x78, 0xfd, 0x00, 0x0d, 0xd0, 0x00, 0x4f, 0x60, 0x07, 0x40, 0x00, 0x0f,
  0x80, 0x00, 0x00, 0x00, 0x3f, 0x70, 0x00, 0x01, 0x36, 0xef, 0x20, 0x00, 0x0f, 0xff, 0xe5, 0x00, 0x00, 0x0f, 0xb2, 0x00, 0x00, 0x00, 0x0f, 0x90,
  0x00, 0x00, 0x00, 0x03, 0x10, 0x00, 0x00, 0x00, 0x01, 0x00, 0x00, 0x00, 0x00, 0x0d, 0x60, 0x00, 0x00, 0x00, 0x0c, 0x50, 0x00, 0x00, 0x00, 0x00,
  0x00, 0x00, 0x01, 0x00, 0x00, 0x00, 0x00, 0x00, 0x00, 0x01, 0x7d, 0xff, 0xfe, 0x81, 0x00, 0x00, 0x00, 0x00, 0x4e, 0xf9, 0x65, 0x6a, 0xfe, 0x30,
  0x00, 0x00, 0x06, 0xfa, 0x10, 0x00, 0x00, 0x2e, 0xe1, 0x00, 0x00, 0x3f, 0x90, 0x00, 0x10, 0x01, 0x04, 0xf7, 0x00, 0x00, 0xdd, 0x00, 0x6e, 0xfe,
  0x5f, 0x20, 0xdc, 0x00, 0x05, 0xf5, 0x06, 0xfa, 0x58, 0xff, 0x00, 0xae, 0x00, 0x0a, 0xf0, 0x1f, 0xa0, 0x00, 0xbd, 0x00, 0x9f, 0x00, 0x0d, 0xb0,
  0x6f, 0x30, 0x00, 0x8b, 0x00, 0xbd, 0x00, 0x0f, 0xa0, 0x8f, 0x00, 0x00, 0xb8, 0x00, 0xda, 0x00, 0x0f, 0x90, 0x7f, 0x10, 0x02, 0xf6, 0x03, 0xf4,
  0x00, 0x0d, 0xc0, 0x3f, 0xa2, 0x4c, 0xda, 0x3d, 0xb0, 0x00, 0x09, 0xf2, 0x06, 0xef, 0xb2, 0x3e, 0xe9, 0x00, 0x00, 0x02, 0xfc, 0x00, 0x00, 0x00,
  0x00, 0x00, 0x00, 0x00, 0x00, 0x6f, 0xd6, 0x32, 0x36, 0x20, 0x00, 0x00, 0x00, 0x00, 0x04, 0xcf, 0xff, 0xfd, 0x30, 0x00, 0x00, 0x00, 0x00, 0x00,
  0x01, 0x34, 0x20, 0x00, 0x00, 0x00, 0x00, 0x00, 0x00, 0x5f, 0xc0, 0x00, 0x00, 0x00, 0x00, 0xaf, 0xf1, 0x00, 0x00, 0x00, 0x00, 0xfc, 0xf7, 0x00,
  0x00, 0x00, 0x04, 0xf4, 0xdc, 0x00, 0x00, 0x00, 0x0a, 0xf0, 0x8f, 0x10, 0x00, 0x00, 0x0f, 0xa0, 0x3f, 0x60, 0x00, 0x00, 0x4f, 0x50, 0x0e, 0xc0,
  0x00, 0x00, 0xaf, 0x10, 0x09, 0xf1, 0x00, 0x00, 0xec, 0x11, 0x15, 0xf6, 0x00, 0x04, 0xff, 0xff, 0xff, 0xfb, 0x00, 0x09, 0xf4, 0x44, 0x44, 0xaf,
  0x10, 0x0e, 0xb0, 0x00, 0x00, 0x4f, 0x60, 0x4f, 0x50, 0x00, 0x00, 0x0e, 0xb0, 0x0f, 0xff, 0xff, 0xc5, 0x00, 0x0f, 0xc6, 0x67, 0xcf, 0x60, 0x0f,
  0x90, 0x00, 0x0d, 0xd0, 0x0f, 0x90, 0x00, 0x09, 0xf0, 0x0f, 0x90, 0x00, 0x0c, 0xd0, 0x0f, 0x91, 0x12, 0x8f, 0x50, 0x0f, 0xff, 0xff, 0xf8, 0x00,
  0x0f, 0xb4, 0x45, 0x8f, 0x90, 0x0f, 0x90, 0x00, 0x04, 0xf4, 0x0f, 0x90, 0x00, 0x00, 0xf8, 0x0f, 0x90, 0x00, 0x05, 0xf6, 0x0f, 0xc6, 0x67, 0x9f,
  0xe1, 0x0f, 0xff, 0xff, 0xe9, 0x10, 0x00, 0x00, 0x6c, 0xfe, 0xc5, 0x00, 0x00, 0x00, 0x1c, 0xfb, 0x78, 0xcf, 0xc0, 0x00, 0x00, 0xbe, 0x30, 0x00,
  0x06, 0xfb, 0x00, 0x05, 0xf5, 0x00, 0x00, 0x00, 0x9c, 0x20, 0x0b, 0xe0, 0x00, 0x00, 0x00, 0x00, 0x00, 0x0e, 0xa0, 0x00, 0x00, 0x00, 0x00, 0x00,
  0x0f, 0x90, 0x00, 0x00, 0x00, 0x00, 0x00, 0x0e, 0xa0, 0x00, 0x00, 0x00, 0x00, 0x00, 0x0b, 0xe0, 0x00, 0x00, 0x00, 0x00, 0x00, 0x05, 0xf5, 0x00,
  0x00, 0x00, 0x8c, 0x20, 0x00, 0xce, 0x30, 0x00, 0x06, 0xfb, 0x00, 0x00, 0x1c, 0xfb, 0x77, 0xcf, 0xc0, 0x00, 0x00, 0x00, 0x6c, 0xfe, 0xc6, 0x00,
  0x00, 0x0f, 0xff, 0xfe, 0xc6, 0x00, 0x00, 0x0f, 0xc6, 0x67, 0xbf, 0xd2, 0x00, 0x0f, 0x90, 0x00, 0x03, 0xed, 0x00, 0x0f, 0x90, 0x00, 0x00, 0x4f,
  0x60, 0x0f, 0x90, 0x00, 0x00, 0x0d, 0xb0, 0x0f, 0x90, 0x00, 0x00, 0x0a, 0xe0, 0x0f, 0x90, 0x00, 0x00, 0x09, 0xf0, 0x0f, 0x90, 0x00, 0x00, 0x0a,
  0xe0, 0x0f, 0x90, 0x00, 0x00, 0x0d, 0xc0, 0x0f, 0x90, 0x00, 0x00, 0x4f, 0x60, 0x0f, 0x90, 0x00, 0x02, 0xed, 0x00, 0x0f, 0xc6, 0x67, 0xbf, 0xd2,
  0x00, 0x0f, 0xff, 0xfe, 0xc7, 0x00, 0x00, 0x0f, 0xff, 0xff, 0xf6, 0x00, 0x0f, 0xc6, 0x66, 0x62, 0x00, 0x0f, 0x90, 0x00, 0x00, 0x00, 0x0f, 0x90,
  0x00, 0x00, 0x00, 0x0f, 0x90, 0x00, 0x00, 0x00, 0x0f, 0x91, 0x11, 0x10, 0x00, 0x0f, 0xff, 0xff, 0xe0, 0x00, 0x0f, 0xb4, 0x44, 0x40, 0x00, 0x0f,
  0x90, 0x00, 0x00, 0x00, 0x0f, 0x90, 0x00, 0x00, 0x00, 0x0f, 0x90, 0x00, 0x00, 0x00, 0x0f, 0xc6, 0x66, 0x62, 0x00, 0x0f, 0xff, 0xff, 0xf6, 0x00,
  0x0f, 0xff, 0xff, 0xfb, 0x00, 0x0f, 0xc6, 0x66, 0x64, 0x00, 0x0f, 0x90, 0x00, 0x00, 0x00, 0x0f, 0x90, 0x00, 0x00, 0x00, 0x0f, 0x90, 0x00, 0x00,
  0x00, 0x0f, 0x91, 0x11, 0x10, 0x00, 0x0f, 0xff, 0xff, 0xc0, 0x00, 0x0f, 0xb4, 0x44, 0x30, 0x00, 0x0f, 0x90, 0x00, 0x00, 0x00, 0x0f, 0x90, 0x00,
  0x00, 0x00, 0x0f, 0x90, 0x00, 0x00, 0x00, 0x0f, 0x90, 0x00, 0x00, 0x00, 0x0f, 0x90, 0x00, 0x00, 0x00, 0x00, 0x00, 0x6c, 0xef, 0xc7, 0x00, 0x00,
  0x00, 0x1c, 0xfc, 0x87, 0xaf, 0xe2, 0x00, 0x00, 0xbf, 0x40, 0x00, 0x02, 0xde, 0x00, 0x05, 0xf6, 0x00, 0x00, 0x00, 0x3b, 0x50, 0x0b, 0xe0, 0x00,
  0x00, 0x00, 0x00, 0x00, 0x0e, 0xa0, 0x00, 0x01, 0x11, 0x11, 0x10, 0x0f, 0x90, 0x00, 0x0f, 0xff, 0xff, 0xf0, 0x0e, 0xa0, 0x00, 0x04, 0x44, 0x4b,
  0xf0, 0x0b, 0xe0, 0x00, 0x00, 0x00, 0x0d, 0xb0, 0x05, 0xf6, 0x00, 0x00, 0x00, 0x4f, 0x50, 0x00, 0xbf, 0x40, 0x00, 0x02, 0xec, 0x00, 0x00, 0x1c,
  0xfb, 0x87, 0xaf, 0xc1, 0x00, 0x00, 0x00, 0x6c, 0xef, 0xc6, 0x00, 0x00, 0x0f, 0x90, 0x00, 0x00, 0x9f, 0x00, 0x0f, 0x90, 0x00, 0x00, 0x9f, 0x00,
  0x0f, 0x90, 0x00, 0x00, 0x9f, 0x00, 0x0f, 0x90, 0x00, 0x00, 0x9f, 0x00, 0x0f, 0x90, 0x00, 0x00, 0x9f, 0x00, 0x0f, 0x91, 0x11, 0x11, 0x9f, 0x00,
  0x0f, 0xff, 0xff, 0xff, 0xff, 0x00, 0x0f, 0xb4, 0x44, 0x44, 0xbf, 0x00, 0x0f, 0x90, 0x00, 0x00, 0x9f, 0x00, 0x0f, 0x90, 0x00, 0x00, 0x9f, 0x00,
  0x0f, 0x90, 0x00, 0x00, 0x9f, 0x00, 0x0f, 0x90, 0x00, 0x00, 0x9f, 0x00, 0x0f, 0x90, 0x00, 0x00, 0x9f, 0x00, 0x0f, 0x90, 0x0f, 0x90, 0x0f, 0x90,
  0x0f, 0x90, 0x0f, 0x90, 0x0f, 0x90, 0x0f, 0x90, 0x0f, 0x90, 0x0f, 0x90, 0x0f, 0x90, 0x0f, 0x90, 0x0f, 0x90, 0x0f, 0x90, 0x00, 0x00, 0x00, 0xf9,
  0x00, 0x00, 0x00, 0x00, 0xf9, 0x00, 0x00, 0x00, 0x00, 0xf9, 0x00, 0x00, 0x00, 0x00, 0xf9, 0x00, 0x00, 0x00, 0x00, 0xf9, 0x00, 0x00, 0x00, 0x00,
  0xf9, 0x00, 0x00, 0x00, 0x00, 0xf9, 0x00, 0x00, 0x00, 0x00, 0xf9, 0x00, 0x00, 0x00, 0x00, 0xf9, 0x00, 0x08, 0x50, 0x00, 0xf8, 0x00, 0x0d, 0xc0,
  0x03, 0xf6, 0x00, 0x06, 0xfa, 0x7d, 0xe1, 0x00, 0x00, 0x7d, 0xfc, 0x30, 0x00, 0x0f, 0x90, 0x00, 0x1d, 0xe1, 0x0f, 0x90, 0x00, 0xbf, 0x30, 0x0f,
  0x90, 0x08, 0xf5, 0x00, 0x0f, 0x90, 0x5f, 0x80, 0x00, 0x0f, 0x93, 0xfb, 0x00, 0x00, 0x0f, 0xae, 0xd0, 0x00, 0x00, 0x0f, 0xff, 0x40, 0x00, 0x00,
  0x0f, 0xbe, 0xd0, 0x00, 0x00, 0x0f, 0x94, 0xfb, 0x00, 0x00, 0x0f, 0x90, 0x6f, 0x80, 0x00, 0x0f, 0x90, 0x09, 0xf6, 0x00, 0x0f, 0x90, 0x00, 0xcf,
  0x30, 0x0f, 0x90, 0x00, 0x1e, 0xe2, 0x0f, 0x90, 0x00, 0x00, 0x0f, 0x90, 0x00, 0x00, 0x0f, 0x90, 0x00, 0x00, 0x0f, 0x90, 0x00, 0x00, 0x0f, 0x90,
  0x00, 0x00, 0x0f, 0x90, 0x00, 0x00, 0x0f, 0x90, 0x00, 0x00, 0x0f, 0x90, 0x00, 0x00, 0x0f, 0x90, 0x00, 0x00, 0x0f, 0x90, 0x00, 0x00, 0x0f, 0x90,
  0x00, 0x00, 0x0f, 0xb5, 0x55, 0x30, 0x0f, 0xff, 0xff, 0xb0, 0x0f, 0xe0, 0x00, 0x00, 0x00, 0x0d, 0xf0, 0x00, 0x0f, 0xf4, 0x00, 0x00, 0x00, 0x4f,
  0xf0, 0x00, 0x0f, 0xfb, 0x00, 0x00, 0x00, 0xaf, 0xf0, 0x00, 0x0f, 0xef, 0x10, 0x00, 0x01, 0xfe, 0xf0, 0x00, 0x0f, 0x9e, 0x80, 0x00, 0x07, 0xe9,
  0xf0, 0x00, 0x0f, 0x98, 0xe0, 0x00, 0x0d, 0x89, 0xf0, 0x00, 0x0f, 0x92, 0xf4, 0x00, 0x4f, 0x29, 0xf0, 0x00, 0x0f, 0x90, 0xbb, 0x00, 0xab, 0x09,
  0xf0, 0x00, 0x0f, 0x90, 0x5f, 0x11, 0xf5, 0x09, 0xf0, 0x00, 0x0f, 0x90, 0x0e, 0x87, 0xe0, 0x09, 0xf0, 0x00, 0x0f, 0x90, 0x08, 0xee, 0x80, 0x09,
  0xf0, 0x00, 0x0f, 0x90, 0x02, 0xff, 0x20, 0x09, 0xf0, 0x00, 0x0f, 0x90, 0x00, 0xbb, 0x00, 0x09, 0xf0, 0x00, 0x0f, 0xd0, 0x00, 0x00, 0x0f, 0x90,
  0x0f, 0xf8, 0x00, 0x00, 0x0f, 0x90, 0x0f, 0xff, 0x20, 0x00, 0x0f, 0x90, 0x0f, 0x9d, 0xc0, 0x00, 0x0f, 0x90, 0x0f, 0x94, 0xf6, 0x00, 0x0f, 0x90,
  0x0f, 0x90, 0xae, 0x10, 0x0f, 0x90, 0x0f, 0x90, 0x1f, 0x90, 0x0f, 0x90, 0x0f, 0x90, 0x06, 0xf4, 0x0f, 0x90, 0x0f, 0x90, 0x00, 0xcd, 0x0f, 0x90,
  0x0f, 0x90, 0x00, 0x3f, 0x7f, 0x90, 0x0f, 0x90, 0x00, 0x08, 0xff, 0x90, 0x0f, 0x90, 0x00, 0x00, 0xef, 0x90, 0x0f, 0x90, 0x00, 0x00, 0x4f, 0x90,
  0x00, 0x00, 0x6c, 0xee, 0xc6, 0x00, 0x00, 0x00, 0x1c, 0xfb, 0x77, 0xbf, 0xc1, 0x00, 0x00, 0xbf, 0x40, 0x00, 0x04, 0xfb, 0x00, 0x05, 0xf5, 0x00,
  0x00, 0x00, 0x5f, 0x50, 0x0b, 0xe0, 0x00, 0x00, 0x00, 0x0e, 0xb0, 0x0e, 0xa0, 0x00, 0x00, 0x00, 0x0a, 0xe0, 0x0f, 0x90, 0x00, 0x00, 0x00, 0x09,
  0xf0, 0x0e, 0xa0, 0x00, 0x00, 0x00, 0x0a, 0xe0, 0x0b, 0xe0, 0x00, 0x00, 0x00, 0x0e, 0xb0, 0x05, 0xf6, 0x00, 0x00, 0x00, 0x6f, 0x50, 0x00, 0xbf,
  0x40, 0x00, 0x04, 0xfb, 0x00, 0x00, 0x1c, 0xfb, 0x77, 0xbf, 0xc1, 0x00, 0x00, 0x00, 0x6c, 0xef, 0xc6, 0x00, 0x00, 0x0f, 0xff, 0xff, 0xb3, 0x00,
  0x0f, 0xc6, 0x68, 0xef, 0x30, 0x0f, 0x90, 0x00, 0x1e, 0xb0, 0x0f, 0x90, 0x00, 0x0a, 0xf0, 0x0f, 0x90, 0x00, 0x0a, 0xf0, 0x0f, 0x90, 0x00, 0x0d,
  0xc0, 0x0f, 0x91, 0x13, 0x9f, 0x60, 0x0f, 0xff, 0xff, 0xf8, 0x00, 0x0f, 0xb4, 0x44, 0x10, 0x00, 0x0f, 0x90, 0x00, 0x00, 0x00, 0x0f, 0x90, 0x00,
  0x00, 0x00, 0x0f, 0x90, 0x00, 0x00, 0x00, 0x0f, 0x90, 0x00, 0x00, 0x00, 0x00, 0x00, 0x6c, 0xee, 0xc6, 0x00, 0x00, 0x00, 0x1c, 0xfb, 0x77, 0xbf,
  0xc1, 0x00, 0x00, 0xbf, 0x40, 0x00, 0x04, 0xfb, 0x00, 0x05, 0xf5, 0x00, 0x00, 0x00, 0x5f, 0x50, 0x0b, 0xe0, 0x00, 0x00, 0x00, 0x0e, 0xb0, 0x0e,
  0xa0, 0x00, 0x00, 0x00, 0x0a, 0xe0, 0x0f, 0x90, 0x00, 0x00, 0x00, 0x09, 0xf0, 0x0e, 0xa0, 0x00, 0x00, 0x00, 0x0a, 0xe0, 0x0b, 0xe0, 0x00, 0x00,
  0x00, 0x0e, 0xb0, 0x05, 0xf6, 0x00, 0x00, 0x00, 0x6f, 0x50, 0x00, 0xbf, 0x40, 0x00, 0x04, 0xfc, 0x00, 0x00, 0x1c, 0xfb, 0x77, 0xbf, 0xc1, 0x00,
  0x00, 0x00, 0x6c, 0xee, 0xdf, 0x90, 0x00, 0x00, 0x00, 0x00, 0x00, 0x06, 0xfa, 0x00, 0x00, 0x00, 0x00, 0x00, 0x00, 0x5f, 0xa0, 0x0f, 0xff, 0xfe,
  0xb3, 0x00, 0x0f, 0xc6, 0x68, 0xef, 0x30, 0x0f, 0x90, 0x00, 0x1e, 0xb0, 0x0f, 0x90, 0x00, 0x0a, 0xe0, 0x0f, 0x90, 0x00, 0x0a, 0xf0, 0x0f, 0x90,
  0x00, 0x0d, 0xc0, 0x0f, 0x91, 0x13, 0xaf, 0x50, 0x0f, 0xff, 0xff, 0xf7, 0x00, 0x0f, 0xb4, 0x8f, 0x60, 0x00, 0x0f, 0x90, 0x0c, 0xe1, 0x00, 0x0f,
  0x90, 0x03, 0xf9, 0x00, 0x0f, 0x90, 0x00, 0x9f, 0x30, 0x0f, 0x90, 0x00, 0x1e, 0xd0, 0x00, 0x4c, 0xfe, 0xb3, 0x00, 0x05, 0xfc, 0x78, 0xef, 0x30,
  0x0d, 0xd0, 0x00, 0x2f, 0xa0, 0x0f, 0x90, 0x00, 0x03, 0x30, 0x0d, 0xd1, 0x00, 0x00, 0x00, 0x05, 0xfe, 0x72, 0x00, 0x00, 0x00, 0x4b, 0xff, 0xd5,
  0x00, 0x00, 0x00, 0x15, 0xdf, 0x60, 0x00, 0x00, 0x00, 0x0d, 0xd0, 0x08, 0x50, 0x00, 0x09, 0xf0, 0x0c, 0xe0, 0x00, 0x0d, 0xc0, 0x04, 0xfd, 0x87,
  0xdf, 0x40, 0x00, 0x4b, 0xff, 0xc4, 0x00, 0x0f, 0xff, 0xff, 0xff, 0xf0, 0x06, 0x66, 0xcf, 0x66, 0x60, 0x00, 0x00, 0x9f, 0x00, 0x00, 0x00, 0x00,
  0x9f, 0x00, 0x00, 0x00, 0x00, 0x9f, 0x00, 0x00, 0x00, 0x00, 0x9f, 0x00, 0x00, 0x00, 0x00, 0x9f, 0x00, 0x00, 0x00, 0x00, 0x9f, 0x00, 0x00, 0x00,
  0x00, 0x9f, 0x00, 0x00, 0x00, 0x00, 0x9f, 0x00, 0x00, 0x00, 0x00, 0x9f, 0x00, 0x00, 0x00, 0x00, 0x9f, 0x00, 0x00, 0x00, 0x00, 0x9f, 0x00, 0x00,
  0x0f, 0x90, 0x00, 0x00, 0x9f, 0x00, 0x0f, 0x90, 0x00, 0x00, 0x9f, 0x00, 0x0f, 0x90, 0x00, 0x00, 0x9f, 0x00, 0x0f, 0x90, 0x00, 0x00, 0x9f, 0x00,
  0x0f, 0x90, 0x00, 0x00, 0x9f, 0x00, 0x0f, 0x90, 0x00, 0x00, 0x9f, 0x00, 0x0f, 0x90, 0x00, 0x00, 0x9f, 0x00, 0x0f, 0x90, 0x00, 0x00, 0x9f, 0x00,
  0x0f, 0x90, 0x00, 0x00, 0x9f, 0x00, 0x0d, 0xc0, 0x00, 0x00, 0xcd, 0x00, 0x08, 0xf3, 0x00, 0x04, 0xf8, 0x00, 0x00, 0xdf, 0x97, 0x9f, 0xd0, 0x00,
  0x00, 0x19, 0xef, 0xe8, 0x00, 0x00, 0x7f, 0x20, 0x00, 0x00, 0x0b, 0xe0, 0x1f, 0x80, 0x00, 0x00, 0x0f, 0x90, 0x0c, 0xd0, 0x00, 0x00, 0x5f, 0x30,
  0x06, 0xf2, 0x00, 0x00, 0xbe, 0x00, 0x01, 0xf8, 0x00, 0x00, 0xf8, 0x00, 0x00, 0xbd, 0x00, 0x05, 0xf3, 0x00, 0x00, 0x6f, 0x20, 0x0b, 0xd0, 0x00,
  0x00, 0x1f, 0x80, 0x0f, 0x80, 0x00, 0x00, 0x0b, 0xd0, 0x5f, 0x20, 0x00, 0x00, 0x05, 0xf2, 0xad, 0x00, 0x00, 0x00, 0x00, 0xf9, 0xf7, 0x00, 0x00,
  0x00, 0x00, 0xaf, 0xf2, 0x00, 0x00, 0x00, 0x00, 0x5f, 0xc0, 0x00, 0x00, 0x7f, 0x20, 0x00, 0x0a, 0xf5, 0x00, 0x00, 0x9f, 0x10, 0x3f, 0x60, 0x00,
  0x0e, 0xf9, 0x00, 0x00, 0xdc, 0x00, 0x0f, 0xa0, 0x00, 0x2f, 0xfd, 0x00, 0x01, 0xf8, 0x00, 0x0b, 0xd0, 0x00, 0x6f, 0x8f, 0x10, 0x04, 0xf4, 0x00,
  0x07, 0xf1, 0x00, 0xab, 0x3f, 0x50, 0x08, 0xf0, 0x00, 0x03, 0xf5, 0x00, 0xe7, 0x0e, 0x90, 0x0c, 0xb0, 0x00, 0x00, 0xf9, 0x03, 0xf3, 0x0a, 0xd0,
  0x0f, 0x70, 0x00, 0x00, 0xbc, 0x07, 0xe0, 0x06, 0xf1, 0x3f, 0x30, 0x00, 0x00, 0x7f, 0x0b, 0xa0, 0x02, 0xf5, 0x7f, 0x00, 0x00, 0x00, 0x3f, 0x4f,
  0x60, 0x00, 0xe9, 0xbb, 0x00, 0x00, 0x00, 0x0e, 0xbf, 0x10, 0x00, 0xad, 0xf6, 0x00, 0x00, 0x00, 0x0a, 0xfd, 0x00, 0x00, 0x5f, 0xf2, 0x00, 0x00,
  0x00, 0x06, 0xf8, 0x00, 0x00, 0x1f, 0xe0, 0x00, 0x00, 0x0e, 0xc0, 0x00, 0x03, 0xf8, 0x00, 0x06, 0xf5, 0x00, 0x0b, 0xe0, 0x00, 0x00, 0xdd, 0x00,
  0x4f, 0x60, 0x00, 0x00, 0x4f, 0x70, 0xcd, 0x00, 0x00, 0x00, 0x0b, 0xf6, 0xf4, 0x00, 0x00, 0x00, 0x02, 0xff, 0xb0, 0x00, 0x00, 0x00, 0x00, 0xbf,
  0x40, 0x00, 0x00, 0x00, 0x02, 0xff, 0xb0, 0x00, 0x00, 0x00, 0x0b, 0xd7, 0xf4, 0x00, 0x00, 0x00, 0x4f, 0x50, 0xed, 0x00, 0x00, 0x00, 0xdd, 0x00,
  0x5f, 0x60, 0x00, 0x06, 0xf4, 0x00, 0x0c, 0xe0, 0x00, 0x0e, 0xc0, 0x00, 0x03, 0xf8, 0x00, 0xaf, 0x10, 0x00, 0x08, 0xf3, 0x2f, 0x80, 0x00, 0x0e,
  0xb0, 0x0a, 0xe0, 0x00, 0x6f, 0x30, 0x03, 0xf6, 0x00, 0xdc, 0x00, 0x00, 0xbd, 0x04, 0xf4, 0x00, 0x00, 0x3f, 0x4b, 0xc0, 0x00, 0x00, 0x0c, 0xdf,
  0x50, 0x00, 0x00, 0x04, 0xfd, 0x00, 0x00, 0x00, 0x00, 0xf9, 0x00, 0x00, 0x00, 0x00, 0xf9, 0x00, 0x00, 0x00, 0x00, 0xf9, 0x00, 0x00, 0x00, 0x00,
  0xf9, 0x00, 0x00, 0x00, 0x00, 0xf9, 0x00, 0x00, 0x0f, 0xff, 0xff, 0xff, 0xf0, 0x06, 0x66, 0x66, 0x8f, 0xd0, 0x00, 0x00, 0x00, 0x9f, 0x40, 0x00,
  0x00, 0x03, 0xfb, 0x00, 0x00, 0x00, 0x0c, 0xf2, 0x00, 0x00, 0x00, 0x5f, 0x80, 0x00, 0x00, 0x00, 0xee, 0x00, 0x00, 0x00, 0x08, 0xf5, 0x00, 0x00,
  0x00, 0x2f, 0xb0, 0x00, 0x00, 0x00, 0xbf, 0x20, 0x00, 0x00, 0x04, 0xf8, 0x00, 0x00, 0x00, 0x0d, 0xf7, 0x66, 0x66, 0x60, 0x0f, 0xff, 0xff, 0xff,
  0xf0, 0x00, 0x11, 0x10, 0x00, 0x00, 0xff, 0xf3, 0x00, 0x00, 0xfb, 0x40, 0x00, 0x00, 0xf9, 0x00, 0x00, 0x00, 0xf9, 0x00, 0x00, 0x00, 0xf9, 0x00,
  0x00, 0x00, 0xf9, 0x00, 0x00, 0x00, 0xf9, 0x00, 0x00, 0x00, 0xf9, 0x00, 0x00, 0x00, 0xf9, 0x00, 0x00, 0x00, 0xf9, 0x00, 0x00, 0x00, 0xf9, 0x00,
  0x00, 0x00, 0xf9, 0x00, 0x00, 0x00, 0xf9, 0x00, 0x00, 0x00, 0xf9, 0x00, 0x00, 0x00, 0xf9, 0x00, 0x00, 0x00, 0xf9, 0x00, 0x00, 0x00, 0xf9, 0x00,
  0x00, 0x00, 0xf9, 0x00, 0x00, 0x00, 0xfa, 0x20, 0x00, 0x00, 0xff, 0xf3, 0x00, 0x00, 0x44, 0x40, 0x00, 0x00, 0xae, 0x00, 0x00, 0x00, 0x00, 0x00,
  0x5f, 0x20, 0x00, 0x00, 0x00, 0x00, 0x1f, 0x60, 0x00, 0x00, 0x00, 0x00, 0x0d, 0xa0, 0x00, 0x00, 0x00, 0x00, 0x09, 0xe0, 0x00, 0x00, 0x00, 0x00,
  0x04, 0xf3, 0x00, 0x00, 0x00, 0x00, 0x00, 0xf7, 0x00, 0x00, 0x00, 0x00, 0x00, 0xcb, 0x00, 0x00, 0x00, 0x00, 0x00, 0x8f, 0x00, 0x00, 0x00, 0x00,
  0x00, 0x3f, 0x40, 0x00, 0x00, 0x00, 0x00, 0x0f, 0x80, 0x00, 0x00, 0x00, 0x00, 0x0b, 0xd0, 0x00, 0x00, 0x00, 0x00, 0x07, 0xf1, 0x00, 0x00, 0x00,
  0x00, 0x02, 0xf5, 0x00, 0x00, 0x00, 0x00, 0x00, 0xe9, 0x00, 0x00, 0x00, 0x00, 0x00, 0xae, 0x00, 0x00, 0x00, 0x00, 0x00, 0x6f, 0x20, 0x00, 0x00,
  0x00, 0x00, 0x1f, 0x60, 0x00, 0x00, 0x00, 0x00, 0x0d, 0xa0, 0x00, 0x00, 0x00, 0x00, 0x09, 0xe0, 0x00, 0x01, 0x11, 0x10, 0x00, 0x09, 0xff, 0x90,
  0x00, 0x02, 0x4f, 0x90, 0x00, 0x00, 0x0f, 0x90, 0x00, 0x00, 0x0f, 0x90, 0x00, 0x00, 0x0f, 0x90, 0x00, 0x00, 0x0f, 0x90, 0x00, 0x00, 0x0f, 0x90,
  0x00, 0x00, 0x0f, 0x90, 0x00, 0x00, 0x0f, 0x90, 0x00, 0x00, 0x0f, 0x90, 0x00, 0x00, 0x0f, 0x90, 0x00, 0x00, 0x0f, 0x90, 0x00, 0x00, 0x0f, 0x90,
  0x00, 0x00, 0x0f, 0x90, 0x00, 0x00, 0x0f, 0x90, 0x00, 0x00, 0x0f, 0x90, 0x00, 0x00, 0x0f, 0x90, 0x00, 0x00, 0x0f, 0x90, 0x00, 0x01, 0x2f, 0x90,
  0x00, 0x09, 0xff, 0x90, 0x00, 0x02, 0x44, 0x20, 0x00, 0x00, 0x00, 0x38, 0x10, 0x00, 0x00, 0x00, 0x00, 0xcf, 0x70, 0x00, 0x00, 0x00, 0x03, 0xfe,
  0xe0, 0x00, 0x00, 0x00, 0x0a, 0xe4, 0xf5, 0x00, 0x00, 0x00, 0x1f, 0x80, 0xcc, 0x00, 0x00, 0x00, 0x7f, 0x20, 0x6f, 0x20, 0x00, 0x00, 0xeb, 0x00,
  0x0f, 0x90, 0x00, 0x05, 0xf4, 0x00, 0x09, 0xf1, 0x00, 0x0b, 0xd0, 0x00, 0x02, 0xf7, 0x00, 0x2f, 0x70, 0x00, 0x00, 0xbd, 0x00, 0x00, 0x00, 0x00,
  0x00, 0x00, 0x00, 0x00, 0x00, 0x00, 0x00, 0x00, 0x00, 0x00, 0x00, 0x00, 0x00, 0x00, 0x00, 0x00, 0x22, 0x22, 0x22, 0x22, 0x20, 0x00, 0xff, 0xff,
  0xff, 0xff, 0xf0, 0x00, 0x44, 0x44, 0x44, 0x44, 0x40, 0x00, 0x00, 0x00, 0x0b, 0x20, 0x00, 0x0a, 0xf7, 0x00, 0x00, 0x4d, 0x70, 0x00, 0x00, 0x20,
  0x00, 0x00, 0x00, 0x00, 0x00, 0x00, 0x00, 0x00, 0x00, 0x00, 0x00, 0x00, 0x00, 0x00, 0x00, 0x00, 0x00, 0x00, 0x00, 0x00, 0x00, 0x00, 0x00, 0x00,
  0x00, 0x00, 0x00, 0x00, 0x00, 0x00, 0x00, 0x08, 0xdf, 0xd7, 0x0f, 0x90, 0x00, 0xcf, 0xb7, 0x8e, 0xaf, 0x90, 0x07, 0xf7, 0x00, 0x01, 0xdf, 0x90,
  0x0c, 0xd0, 0x00, 0x00, 0x4f, 0x90, 0x0f, 0xa0, 0x00, 0x00, 0x0f, 0x90, 0x0f, 0xa0, 0x00, 0x00, 0x0f, 0x90, 0x0c, 0xd0, 0x00, 0x00, 0x4f, 0x90,
  0x06, 0xf7, 0x00, 0x01, 0xdf, 0x90, 0x00, 0xbf, 0xb7, 0x8e, 0xaf, 0x90, 0x00, 0x08, 0xdf, 0xd7, 0x0f, 0x90, 0x0f, 0x90, 0x00, 0x00, 0x00, 0x00,
  0x0f, 0x90, 0x00, 0x00, 0x00, 0x00, 0x0f, 0x90, 0x00, 0x00, 0x00, 0x00, 0x0f, 0x92, 0xae, 0xfb, 0x40, 0x00, 0x0f, 0xbe, 0xb7, 0x8e, 0xf5, 0x00,
  0x0f, 0xf7, 0x00, 0x01, 0xdf, 0x10, 0x0f, 0xd0, 0x00, 0x00, 0x4f, 0x60, 0x0f, 0xa0, 0x00, 0x00, 0x0f, 0x80, 0x0f, 0xa0, 0x00, 0x00, 0x0f, 0x80,
  0x0f, 0xd0, 0x00, 0x00, 0x4f, 0x50, 0x0f, 0xf7, 0x00, 0x01, 0xde, 0x00, 0x0f, 0xbf, 0xb7, 0x8e, 0xf5, 0x00, 0x0f, 0x92, 0xae, 0xfb, 0x40, 0x00,
  0x00, 0x08, 0xdf, 0xd9, 0x10, 0x00, 0xcf, 0xa7, 0x9f, 0xd1, 0x07, 0xf5, 0x00, 0x04, 0xf8, 0x0c, 0xd0, 0x00, 0x00, 0x43, 0x0f, 0xa0, 0x00, 0x00,
  0x00, 0x0f, 0xa0, 0x00, 0x00, 0x00, 0x0c, 0xd0, 0x00, 0x00, 0x43, 0x07, 0xf5, 0x00, 0x04, 0xf8, 0x00, 0xcf, 0xa7, 0x9f, 0xd0, 0x00, 0x08, 0xdf,
  0xd8, 0x10, 0x00, 0x00, 0x00, 0x00, 0x0f, 0x90, 0x00, 0x00, 0x00, 0x00, 0x0f, 0x90, 0x00, 0x00, 0x00, 0x00, 0x0f, 0x90, 0x00, 0x08, 0xdf, 0xd7,
  0x0f, 0x90, 0x00, 0xcf, 0xb7, 0x8e, 0xaf, 0x90, 0x07, 0xf7, 0x00, 0x01, 0xdf, 0x90, 0x0c, 0xd0, 0x00, 0x00, 0x4f, 0x90, 0x0f, 0xa0, 0x00, 0x00,
  0x0f, 0x90, 0x0f, 0xa0, 0x00, 0x00, 0x0f, 0x90, 0x0c, 0xd0, 0x00, 0x00, 0x4f, 0x90, 0x06, 0xf7, 0x00, 0x01, 0xdf, 0x90, 0x00, 0xbf, 0xb7, 0x8e,
  0xaf, 0x90, 0x00, 0x08, 0xdf, 0xd7, 0x0f, 0x90, 0x00, 0x08, 0xdf, 0xe9, 0x10, 0x00, 0x00, 0xcf, 0x97, 0x9f, 0xe1, 0x00, 0x07, 0xf3, 0x00, 0x02,
  0xf9, 0x00, 0x0c, 0xb1, 0x11, 0x11, 0xae, 0x00, 0x0f, 0xff, 0xff, 0xff, 0xff, 0x00, 0x0f, 0xb4, 0x44, 0x44, 0x44, 0x00, 0x0c, 0xc0, 0x00, 0x00,
  0x54, 0x00, 0x07, 0xf5, 0x00, 0x04, 0xf7, 0x00, 0x00, 0xcf, 0xa7, 0x9f, 0xc0, 0x00, 0x00, 0x08, 0xdf, 0xd8, 0x00, 0x00, 0x00, 0x1a, 0xef, 0x00,
  0xbf, 0x97, 0x00, 0xf9, 0x00, 0x0f, 0xff, 0xff, 0x06, 0xfc, 0x66, 0x00, 0xf9, 0x00, 0x00, 0xf9, 0x00, 0x00, 0xf9, 0x00, 0x00, 0xf9, 0x00, 0x00,
  0xf9, 0x00, 0x00, 0xf9, 0x00, 0x00, 0xf9, 0x00, 0x00, 0xf9, 0x00, 0x00, 0x08, 0xdf, 0xd7, 0x0f, 0x90, 0x00, 0xcf, 0xb7, 0x8e, 0xaf, 0x90, 0x07,
  0xf7, 0x00, 0x01, 0xdf, 0x90, 0x0c, 0xd0, 0x00, 0x00, 0x4f, 0x90, 0x0f, 0xa0, 0x00, 0x00, 0x0f, 0x90, 0x0f, 0xa0, 0x00, 0x00, 0x0f, 0x90, 0x0c,
  0xd0, 0x00, 0x00, 0x4f, 0x90, 0x06, 0xf7, 0x00, 0x01, 0xdf, 0x90, 0x00, 0xbf, 0xb7, 0x8e, 0xaf, 0x90, 0x00, 0x08, 0xdf, 0xd7, 0x0f, 0x90, 0x00,
  0x00, 0x00, 0x00, 0x0f, 0x80, 0x04, 0x91, 0x00, 0x00, 0x3f, 0x60, 0x03, 0xfa, 0x00, 0x00, 0xbf, 0x10, 0x00, 0x9f, 0xd8, 0x8d, 0xf6, 0x00, 0x00,
  0x05, 0xce, 0xfc, 0x40, 0x00, 0x0f, 0x90, 0x00, 0x00, 0x00, 0x00, 0x0f, 0x90, 0x00, 0x00, 0x00, 0x00, 0x0f, 0x90, 0x00, 0x00, 0x00, 0x00, 0x0f,
  0x95, 0xcf, 0xe9, 0x00, 0x00, 0x0f, 0xdf, 0x97, 0xbf, 0xc0, 0x00, 0x0f, 0xf3, 0x00, 0x09, 0xf4, 0x00, 0x0f, 0xb0, 0x00, 0x02, 0xf8, 0x00, 0x0f,
  0x90, 0x00, 0x00, 0xf9, 0x00, 0x0f, 0x90, 0x00, 0x00, 0xf9, 0x00, 0x0f, 0x90, 0x00, 0x00, 0xf9, 0x00, 0x0f, 0x90, 0x00, 0x00, 0xf9, 0x00, 0x0f,
  0x90, 0x00, 0x00, 0xf9, 0x00, 0x0f, 0x90, 0x00, 0x00, 0xf9, 0x00, 0x00, 0x00, 0x0d, 0xd0, 0x0b, 0xc0, 0x00, 0x00, 0x09, 0xf0, 0x09, 0xf0, 0x09,
  0xf0, 0x09, 0xf0, 0x09, 0xf0, 0x09, 0xf0, 0x09, 0xf0, 0x09, 0xf0, 0x09, 0xf0, 0x09, 0xf0, 0x00, 0x00, 0x00, 0x00, 0xdd, 0x00, 0x00, 0xcc, 0x00,
  0x00, 0x00, 0x00, 0x00, 0x9f, 0x00, 0x00, 0x9f, 0x00, 0x00, 0x9f, 0x00, 0x00, 0x9f, 0x00, 0x00, 0x9f, 0x00, 0x00, 0x9f, 0x00, 0x00, 0x9f, 0x00,
  0x00, 0x9f, 0x00, 0x00, 0x9f, 0x00, 0x00, 0x9f, 0x00, 0x00, 0x9f, 0x00, 0x00, 0x9f, 0x00, 0x00, 0x9f, 0x00, 0x37, 0xec, 0x00, 0x9f, 0xc3, 0x00,
  0x0f, 0x90, 0x00, 0x00, 0x00, 0x0f, 0x90, 0x00, 0x00, 0x00, 0x0f, 0x90, 0x00, 0x00, 0x00, 0x0f, 0x90, 0x04, 0xfd, 0x00, 0x0f, 0x90, 0x2e, 0xe1,
  0x00, 0x0f, 0x90, 0xdf, 0x20, 0x00, 0x0f, 0x9a, 0xf4, 0x00, 0x00, 0x0f, 0xef, 0x50, 0x00, 0x00, 0x0f, 0xef, 0x60, 0x00, 0x00, 0x0f, 0x9a, 0xf4,
  0x00, 0x00, 0x0f, 0x90, 0xcf, 0x30, 0x00, 0x0f, 0x90, 0x1e, 0xe1, 0x00, 0x0f, 0x90, 0x03, 0xfd, 0x10, 0x0f, 0x90, 0x0f, 0x90, 0x0f, 0x90, 0x0f,
  0x90, 0x0f, 0x90, 0x0f, 0x90, 0x0f, 0x90, 0x0f, 0x90, 0x0f, 0x90, 0x0f, 0x90, 0x0f, 0x90, 0x0f, 0x90, 0x0f, 0x90, 0x0f, 0x95, 0xcf, 0xe8, 0x00,
  0x5c, 0xfe, 0x80, 0x00, 0x0f, 0xdf, 0x97, 0xbf, 0xc6, 0xf9, 0x7b, 0xfc, 0x00, 0x0f, 0xf3, 0x00, 0x09, 0xff, 0x30, 0x00, 0x9f, 0x40, 0x0f, 0xb0,
  0x00, 0x02, 0xfb, 0x00, 0x00, 0x2f, 0x80, 0x0f, 0x90, 0x00, 0x00, 0xf9, 0x00, 0x00, 0x0f, 0x90, 0x0f, 0x90, 0x00, 0x00, 0xf9, 0x00, 0x00, 0x0f,
  0x90, 0x0f, 0x90, 0x00, 0x00, 0xf9, 0x00, 0x00, 0x0f, 0x90, 0x0f, 0x90, 0x00, 0x00, 0xf9, 0x00, 0x00, 0x0f, 0x90, 0x0f, 0x90, 0x00, 0x00, 0xf9,
  0x00, 0x00, 0x0f, 0x90, 0x0f, 0x90, 0x00, 0x00, 0xf9, 0x00, 0x00, 0x0f, 0x90, 0x0f, 0x95, 0xcf, 0xe9, 0x00, 0x00, 0x0f, 0xdf, 0x97, 0xbf, 0xc0,
  0x00, 0x0f, 0xf3, 0x00, 0x09, 0xf4, 0x00, 0x0f, 0xb0, 0x00, 0x02, 0xf8, 0x00, 0x0f, 0x90, 0x00, 0x00, 0xf9, 0x00, 0x0f, 0x90, 0x00, 0x00, 0xf9,
  0x00, 0x0f, 0x90, 0x00, 0x00, 0xf9, 0x00, 0x0f, 0x90, 0x00, 0x00, 0xf9, 0x00, 0x0f, 0x90, 0x00, 0x00, 0xf9, 0x00, 0x0f, 0x90, 0x00, 0x00, 0xf9,
  0x00, 0x00, 0x06, 0xdf, 0xea, 0x30, 0x00, 0x00, 0xbf, 0xb7, 0x8e, 0xf4, 0x00, 0x06, 0xf6, 0x00, 0x00, 0xce, 0x00, 0x0c, 0xd0, 0x00, 0x00, 0x4f,
  0x50, 0x0f, 0xa0, 0x00, 0x00, 0x0f, 0x80, 0x0f, 0x90, 0x00, 0x00, 0x0f, 0x80, 0x0c, 0xd0, 0x00, 0x00, 0x4f, 0x50, 0x06, 0xf6, 0x00, 0x01, 0xde,
  0x00, 0x00, 0xbf, 0xa7, 0x8e, 0xf4, 0x00, 0x00, 0x07, 0xdf, 0xea, 0x20, 0x00, 0x0f, 0x92, 0xae, 0xfb, 0x40, 0x00, 0x0f, 0xbe, 0xb7, 0x8e, 0xf5,
  0x00, 0x0f, 0xf7, 0x00, 0x01, 0xdf, 0x10, 0x0f, 0xd0, 0x00, 0x00, 0x4f, 0x60, 0x0f, 0xa0, 0x00, 0x00, 0x0f, 0x80, 0x0f, 0xa0, 0x00, 0x00, 0x0f,
  0x80, 0x0f, 0xd0, 0x00, 0x00, 0x4f, 0x50, 0x0f, 0xf7, 0x00, 0x01, 0xde, 0x00, 0x0f, 0xbe, 0xb7, 0x8e, 0xf5, 0x00, 0x0f, 0x92, 0xae, 0xfb, 0x40,
  0x00, 0x0f, 0x90, 0x00, 0x00, 0x00, 0x00, 0x0f, 0x90, 0x00, 0x00, 0x00, 0x00, 0x0f, 0x90, 0x00, 0x00, 0x00, 0x00, 0x0f, 0x90, 0x00, 0x00, 0x00,
  0x00, 0x0f, 0x90, 0x00, 0x00, 0x00, 0x00, 0x00, 0x08, 0xdf, 0xd7, 0x0f, 0x90, 0x00, 0xcf, 0xb7, 0x8e, 0xaf, 0x90, 0x07, 0xf7, 0x00, 0x01, 0xdf,
  0x90, 0x0c, 0xd0, 0x00, 0x00, 0x4f, 0x90, 0x0f, 0xa0, 0x00, 0x00, 0x0f, 0x90, 0x0f, 0xa0, 0x00, 0x00, 0x0f, 0x90, 0x0c, 0xd0, 0x00, 0x00, 0x4f,
  0x90, 0x06, 0xf7, 0x00, 0x01, 0xdf, 0x90, 0x00, 0xbf, 0xb7, 0x8e, 0xaf, 0x90, 0x00, 0x08, 0xdf, 0xd7, 0x0f, 0x90, 0x00, 0x00, 0x00, 0x00, 0x0f,
  0x90, 0x00, 0x00, 0x00, 0x00, 0x0f, 0x90, 0x00, 0x00, 0x00, 0x00, 0x0f, 0x90, 0x00, 0x00, 0x00, 0x00, 0x0f, 0x90, 0x00, 0x00, 0x00, 0x00, 0x0f,
  0x90, 0x0f, 0x96, 0xd7, 0x0f, 0xee, 0x83, 0x0f, 0xf1, 0x00, 0x0f, 0xb0, 0x00, 0x0f, 0x90, 0x00, 0x0f, 0x90, 0x00, 0x0f, 0x90, 0x00, 0x0f, 0x90,
  0x00, 0x0f, 0x90, 0x00, 0x0f, 0x90, 0x00, 0x00, 0x8e, 0xfd, 0x70, 0x00, 0x09, 0xf9, 0x7b, 0xf8, 0x00, 0x0f, 0xa0, 0x00, 0xbe, 0x00, 0x0d, 0xd1,
  0x00, 0x01, 0x00, 0x04, 0xef, 0xa5, 0x00, 0x00, 0x00, 0x06, 0xbf, 0xe4, 0x00, 0x00, 0x00, 0x01, 0xdd, 0x00, 0x0e, 0xa0, 0x00, 0xaf, 0x00, 0x07,
  0xfa, 0x7a, 0xfa, 0x00, 0x00, 0x6d, 0xfe, 0x80, 0x00, 0x00, 0xf9, 0x00, 0x00, 0xf9, 0x00, 0x00, 0xf9, 0x00, 0x0f, 0xff, 0xff, 0x06, 0xfc, 0x66,
  0x00, 0xf9, 0x00, 0x00, 0xf9, 0x00, 0x00, 0xf9, 0x00, 0x00, 0xf9, 0x00, 0x00, 0xf9, 0x00, 0x00, 0xf9, 0x00, 0x00, 0xce, 0x66, 0x00, 0x3c, 0xff,
  0x0f, 0x90, 0x00, 0x00, 0xf9, 0x00, 0x0f, 0x90, 0x00, 0x00, 0xf9, 0x00, 0x0f, 0x90, 0x00, 0x00, 0xf9, 0x00, 0x0f, 0x90, 0x00, 0x00, 0xf9, 0x00,
  0x0f, 0x90, 0x00, 0x00, 0xf9, 0x00, 0x0f, 0x90, 0x00, 0x00, 0xf9, 0x00, 0x0e, 0xb0, 0x00, 0x02, 0xf9, 0x00, 0x0b, 0xf2, 0x00, 0x09, 0xf9, 0x00,
  0x03, 0xff, 0x87, 0xbd, 0xf9, 0x00, 0x00, 0x3b, 0xfe, 0xa1, 0xf9, 0x00, 0x9f, 0x10, 0x00, 0x08, 0xf2, 0x4f, 0x60, 0x00, 0x0d, 0xc0, 0x0e, 0xb0,
  0x00, 0x3f, 0x60, 0x08, 0xf1, 0x00, 0x8f, 0x10, 0x02, 0xf7, 0x00, 0xea, 0x00, 0x00, 0xcc, 0x03, 0xf4, 0x00, 0x00, 0x6f, 0x29, 0xe0, 0x00, 0x00,
  0x1f, 0x8e, 0x90, 0x00, 0x00, 0x0b, 0xff, 0x30, 0x00, 0x00, 0x05, 0xfd, 0x00, 0x00, 0xae, 0x00, 0x00, 0xee, 0x00, 0x00, 0xe9, 0x5f, 0x20, 0x02,
  0xff, 0x30, 0x03, 0xf4, 0x1f, 0x60, 0x07, 0xde, 0x70, 0x07, 0xf0, 0x0c, 0xa0, 0x0b, 0x8a, 0xc0, 0x0b, 0xb0, 0x07, 0xe0, 0x0f, 0x45, 0xf0, 0x0e,
  0x60, 0x03, 0xf2, 0x4f, 0x01, 0xf4, 0x3f, 0x10, 0x00, 0xe7, 0x8b, 0x00, 0xc8, 0x7d, 0x00, 0x00, 0x9b, 0xd6, 0x00, 0x7d, 0xb8, 0x00, 0x00, 0x5f,
  0xf2, 0x00, 0x3f, 0xf3, 0x00, 0x00, 0x0f, 0xd0, 0x00, 0x0e, 0xf0, 0x00, 0x7f, 0x40, 0x01, 0xe9, 0x0d, 0xd0, 0x08, 0xe1, 0x04, 0xf7, 0x2f, 0x60,
  0x00, 0xaf, 0xcc, 0x00, 0x00, 0x1f, 0xf2, 0x00, 0x00, 0x1f, 0xf3, 0x00, 0x00, 0xad, 0xdd, 0x00, 0x04, 0xf4, 0x4f, 0x60, 0x0d, 0xb0, 0x0b, 0xf1,
  0x7f, 0x20, 0x02, 0xf9, 0x9f, 0x10, 0x00, 0x07, 0xf2, 0x3f, 0x70, 0x00, 0x0c, 0xc0, 0x0d, 0xc0, 0x00, 0x2f, 0x60, 0x07, 0xf2, 0x00, 0x7f, 0x00,
  0x01, 0xf8, 0x00, 0xda, 0x00, 0x00, 0xbd, 0x03, 0xf4, 0x00, 0x00, 0x5f, 0x38, 0xe0, 0x00, 0x00, 0x0f, 0x9e, 0x80, 0x00, 0x00, 0x0a, 0xff, 0x20,
  0x00, 0x00, 0x04, 0xfc, 0x00, 0x00, 0x00, 0x03, 0xf6, 0x00, 0x00, 0x00, 0x09, 0xf0, 0x00, 0x00, 0x00, 0x0e, 0xa0, 0x00, 0x00, 0x00, 0x5f, 0x40,
  0x00, 0x00, 0x00, 0xbe, 0x00, 0x00, 0x00, 0x0f, 0xff, 0xff, 0xf0, 0x06, 0x66, 0x6e, 0xe0, 0x00, 0x00, 0x5f, 0x50, 0x00, 0x00, 0xeb, 0x00, 0x00,
  0x09, 0xf2, 0x00, 0x00, 0x2f, 0x80, 0x00, 0x00, 0xce, 0x00, 0x00, 0x05, 0xf5, 0x00, 0x00, 0x0e, 0xe6, 0x66, 0x60, 0x0f, 0xff, 0xff, 0xf0, 0x00,
  0x00, 0x01, 0x10, 0x00, 0x03, 0xdf, 0xb0, 0x00, 0x0c, 0xe6, 0x30, 0x00, 0x0f, 0x90, 0x00, 0x00, 0x0f, 0x90, 0x00, 0x00, 0x0d, 0x90, 0x00, 0x00,
  0x0b, 0xa0, 0x00, 0x00, 0x0a, 0xe0, 0x00, 0x00, 0x09, 0xf0, 0x00, 0x00, 0x0d, 0xd0, 0x00, 0x05, 0xed, 0x30, 0x00, 0x06, 0xfb, 0x10, 0x00, 0x00,
  0x2e, 0xb0, 0x00, 0x00, 0x09, 0xf0, 0x00, 0x00, 0x0a, 0xe0, 0x00, 0x00, 0x0b, 0xb0, 0x00, 0x00, 0x0d, 0x90, 0x00, 0x00, 0x0e, 0x90, 0x00, 0x00,
  0x0f, 0x90, 0x00, 0x00, 0x0d, 0xd3, 0x10, 0x00, 0x05, 0xff, 0xb0, 0x00, 0x00, 0x14, 0x30, 0x00, 0xf9, 0x00, 0x00, 0xf9, 0x00, 0x00, 0xf9, 0x00,
  0x00, 0xf9, 0x00, 0x00, 0xf9, 0x00, 0x00, 0xf9, 0x00, 0x00, 0xf9, 0x00, 0x00, 0xf9, 0x00, 0x00, 0xf9, 0x00, 0x00, 0xf9, 0x00, 0x00, 0xf9, 0x00,
  0x00, 0xf9, 0x00, 0x00, 0xf9, 0x00, 0x00, 0xf9, 0x00, 0x00, 0xf9, 0x00, 0x00, 0xf9, 0x00, 0x01, 0x10, 0x00, 0x00, 0x0b, 0xfd, 0x30, 0x00, 0x03,
  0x6e, 0xc0, 0x00, 0x00, 0x09, 0xf0, 0x00, 0x00, 0x0b, 0xf0, 0x00, 0x00, 0x0e, 0xd0, 0x00, 0x00, 0x0f, 0xc0, 0x00, 0x00, 0x0f, 0xa0, 0x00, 0x00,
  0x0f, 0x90, 0x00, 0x00, 0x0d, 0xc0, 0x00, 0x00, 0x03, 0xdc, 0x00, 0x00, 0x02, 0xbe, 0x00, 0x00, 0x0c, 0xd0, 0x00, 0x00, 0x0f, 0x90, 0x00, 0x00,
  0x0e, 0xa0, 0x00, 0x00, 0x0b, 0xb0, 0x00, 0x00, 0x09, 0xd0, 0x00, 0x00, 0x09, 0xf0, 0x00, 0x00, 0x09, 0xf0, 0x00, 0x01, 0x3d, 0xd0, 0x00, 0x0b,
  0xff, 0x50, 0x00, 0x03, 0x41, 0x00, 0x00, 0x00, 0x00, 0x00, 0x01, 0x00, 0x07, 0xff, 0xa3, 0x6f, 0x00, 0x2f, 0x77, 0xef, 0xf7, 0x00, 0x14, 0x00,
  0x04, 0x20, 0x00, 0x00, 0x00, 0x00, 0x00, 0x00, 0x00, 0x00, 0x00, 0x00, 0x00, 0x00, 0x00, 0x00, 0x00, 0x00, 0x00, 0x00, 0x00, 0x00, 0x00, 0x00,
  0x07, 0xdf, 0xea, 0x30, 0x00, 0x00, 0xbf, 0xb7, 0x8e, 0xf4, 0x00, 0x06, 0xf6, 0x00, 0x01, 0xdd, 0x00, 0x0c, 0xd0, 0x00, 0x00, 0x35, 0x00, 0x0f,
  0xa0, 0x00, 0x00, 0x00, 0x00, 0x0f, 0xa0, 0x00, 0x00, 0x00, 0x00, 0x0d, 0xc0, 0x00, 0x00, 0x12, 0x00, 0x07, 0xf4, 0x00, 0x00, 0xce, 0x00, 0x00,
  0xdf, 0x84, 0x5c, 0xf5, 0x00, 0x00, 0x19, 0xff, 0xfc, 0x40, 0x00, 0x00, 0x00, 0x0f, 0x10, 0x00, 0x00, 0x00, 0x00, 0x0f, 0xfa, 0x00, 0x00, 0x00,
  0x00, 0x00, 0x2f, 0x70, 0x00, 0x00, 0x00, 0x11, 0x4f, 0x80, 0x00, 0x00, 0x00, 0xcf, 0xfe, 0x20, 0x00, 0x00, 0x00, 0x34, 0x40, 0x00, 0x00, 0x00,
  0x06, 0xff, 0xfd, 0x00, 0x00, 0x00, 0x00, 0x36, 0x50, 0x00, 0x00, 0x00, 0x00, 0x00, 0x00, 0x00, 0x00, 0x00, 0x08, 0xdf, 0xd7, 0x0f, 0x90, 0x00,
  0xcf, 0xb7, 0x8e, 0xaf, 0x90, 0x07, 0xf7, 0x00, 0x01, 0xdf, 0x90, 0x0c, 0xd0, 0x00, 0x00, 0x4f, 0x90, 0x0f, 0xa0, 0x00, 0x00, 0x0f, 0x90, 0x0f,
  0xa0, 0x00, 0x00, 0x0f, 0x90, 0x0c, 0xd0, 0x00, 0x00, 0x4f, 0x90, 0x06, 0xf7, 0x00, 0x01, 0xdf, 0x90, 0x00, 0xbf, 0xb7, 0x8e, 0x9f, 0x90, 0x00,
  0x08, 0xdf, 0xd7, 0x0f, 0x90, 0x00, 0x00, 0x00, 0x00, 0x0f, 0x80, 0x04, 0x90, 0x00, 0x00, 0x3f, 0x60, 0x03, 0xf9, 0x00, 0x00, 0xbf, 0x10, 0x00,
  0x9f, 0xc7, 0x8d, 0xf6, 0x00, 0x00, 0x05, 0xce, 0xfc, 0x40, 0x00, 0x0f, 0x90, 0x0f, 0x90, 0x0f, 0x90, 0x0f, 0x90, 0x0f, 0x90, 0x0f, 0x90, 0x0f,
  0x90, 0x0f, 0x90, 0x0f, 0x90, 0x0f, 0x90, 0x00, 0x06, 0xc0, 0x6c, 0x00, 0x00, 0x00, 0x01, 0x40, 0x14, 0x00, 0x00, 0x00, 0x00, 0x00, 0x00, 0x00,
  0x00, 0x00, 0x06, 0xdf, 0xea, 0x30, 0x00, 0x00, 0xbf, 0xb7, 0x8e, 0xf4, 0x00, 0x06, 0xf6, 0x00, 0x00, 0xce, 0x00, 0x0c, 0xd0, 0x00, 0x00, 0x4f,
  0x50, 0x0f, 0xa0, 0x00, 0x00, 0x0f, 0x80, 0x0f, 0x90, 0x00, 0x00, 0x0f, 0x80, 0x0c, 0xd0, 0x00, 0x00, 0x4f, 0x50, 0x06, 0xf6, 0x00, 0x01, 0xde,
  0x00, 0x00, 0xbf, 0xa7, 0x8e, 0xf4, 0x00, 0x00, 0x07, 0xdf, 0xea, 0x20, 0x00, 0x00, 0x8d, 0xfd, 0x70, 0x00, 0x09, 0xf9, 0x7b, 0xf8, 0x00, 0x0f,
  0xa0, 0x00, 0xce, 0x00, 0x0d, 0xd1, 0x00, 0x11, 0x00, 0x04, 0xff, 0xa5, 0x00, 0x00, 0x00, 0x17, 0xdf, 0xe3, 0x00, 0x00, 0x00, 0x02, 0xed, 0x00,
  0x0d, 0x80, 0x00, 0xaf, 0x00, 0x09, 0xf8, 0x47, 0xfa, 0x00, 0x00, 0x8f, 0xff, 0xa1, 0x00, 0x00, 0x00, 0xf1, 0x00, 0x00, 0x00, 0x00, 0xff, 0xa0,
  0x00, 0x00, 0x00, 0x02, 0xf7, 0x00, 0x00, 0x01, 0x14, 0xf8, 0x00, 0x00, 0x0c, 0xff, 0xe2, 0x00, 0x00, 0x03, 0x44, 0x00, 0x00, 0x00, 0x0c, 0x60,
  0xc6, 0x00, 0x00, 0x00, 0x04, 0x10, 0x41, 0x00, 0x00, 0x00, 0x00, 0x00, 0x00, 0x00, 0x00, 0x0f, 0x90, 0x00, 0x00, 0xf9, 0x00, 0x0f, 0x90, 0x00,
  0x00, 0xf9, 0x00, 0x0f, 0x90, 0x00, 0x00, 0xf9, 0x00, 0x0f, 0x90, 0x00, 0x00, 0xf9, 0x00, 0x0f, 0x90, 0x00, 0x00, 0xf9, 0x00, 0x0f, 0x90, 0x00,
  0x00, 0xf9, 0x00, 0x0e, 0xb0, 0x00, 0x02, 0xf9, 0x00, 0x0b, 0xf2, 0x00, 0x09, 0xf9, 0x00, 0x03, 0xff, 0x87, 0xbd, 0xf9, 0x00, 0x00, 0x3b, 0xfe,
  0xa1, 0xf9, 0x00, 0x00, 0x00, 0x6c, 0xef, 0xc7, 0x10, 0x00, 0x00, 0x1b, 0xfb, 0x77, 0xaf, 0xe2, 0x00, 0x00, 0xbf, 0x40, 0x00, 0x03, 0xee, 0x00,
  0x04, 0xf6, 0x00, 0x00, 0x00, 0x5d, 0x60, 0x0a, 0xe0, 0x00, 0x00, 0x00, 0x00, 0x00, 0x0e, 0xa0, 0x00, 0x00, 0x00, 0x00, 0x00, 0x0f, 0x90, 0x00,
  0x00, 0x00, 0x00, 0x00, 0x0e, 0xa0, 0x00, 0x00, 0x00, 0x00, 0x00, 0x0c, 0xe0, 0x00, 0x00, 0x00, 0x00, 0x00, 0x07, 0xf6, 0x00, 0x00, 0x00, 0x5d,
  0x60, 0x00, 0xef, 0x40, 0x00, 0x03, 0xee, 0x10, 0x00, 0x4f, 0xfb, 0x77, 0xaf, 0xe3, 0x00, 0x00, 0x02, 0xae, 0xff, 0xd8, 0x10, 0x00, 0x00, 0x00,
  0x00, 0xf9, 0x00, 0x00, 0x00, 0x00, 0x00, 0x00, 0xff, 0xe5, 0x00, 0x00, 0x00, 0x00, 0x00, 0x45, 0xde, 0x00, 0x00, 0x00, 0x00, 0x01, 0x12, 0xce,
  0x00, 0x00, 0x00, 0x00, 0x0b, 0xff, 0xf6, 0x00, 0x00, 0x00, 0x00, 0x03, 0x44, 0x10, 0x00, 0x00, 0x00, 0x02, 0x40, 0x00, 0x42, 0x00, 0x00, 0x00,
  0x06, 0xf9, 0x6a, 0xf6, 0x00, 0x00, 0x00, 0x00, 0x8e, 0xfe, 0x80, 0x00, 0x00, 0x00, 0x00, 0x00, 0x00, 0x00, 0x00, 0x00, 0x00, 0x00, 0x6c, 0xef,
  0xc7, 0x00, 0x00, 0x00, 0x1c, 0xfb, 0x77, 0xbf, 0xe2, 0x00, 0x00, 0xbf, 0x40, 0x00, 0x03, 0xfe, 0x00, 0x05, 0xf6, 0x00, 0x00, 0x00, 0x5c, 0x50,
  0x0b, 0xe0, 0x00, 0x00, 0x00, 0x00, 0x00, 0x0e, 0xa0, 0x00, 0x01, 0x11, 0x11, 0x10, 0x0f, 0x90, 0x00, 0x0f, 0xff, 0xff, 0xf0, 0x0e, 0xa0, 0x00,
  0x04, 0x44, 0x4c, 0xe0, 0x0b, 0xe0, 0x00, 0x00, 0x00, 0x0f, 0xb0, 0x05, 0xf6, 0x00, 0x00, 0x00, 0x6f, 0x50, 0x00, 0xbf, 0x40, 0x00, 0x03, 0xfc,
  0x00, 0x00, 0x1c, 0xfb, 0x77, 0xaf, 0xc1, 0x00, 0x00, 0x00, 0x6c, 0xef, 0xc6, 0x00, 0x00, 0x03, 0x10, 0x0c, 0x60, 0x00, 0x00, 0x0f, 0x90, 0x0f,
  0x90, 0x0f, 0x90, 0x0f, 0x90, 0x0f, 0x90, 0x0f, 0x90, 0x0f, 0x90, 0x0f, 0x90, 0x0f, 0x90, 0x0f, 0x90, 0x0f, 0x90, 0x0f, 0x90, 0x0f, 0x90, 0x00,
  0x00, 0x03, 0x11, 0x30, 0x00, 0x00, 0x00, 0x00, 0x0c, 0x66, 0xc0, 0x00, 0x00, 0x00, 0x00, 0x00, 0x00, 0x00, 0x00, 0x00, 0x00, 0x00, 0x6c, 0xee,
  0xc6, 0x00, 0x00, 0x00, 0x1c, 0xfb, 0x77, 0xbf, 0xc1, 0x00, 0x00, 0xbf, 0x40, 0x00, 0x04, 0xfb, 0x00, 0x05, 0xf5, 0x00, 0x00, 0x00, 0x5f, 0x50,
  0x0b, 0xe0, 0x00, 0x00, 0x00, 0x0e, 0xb0, 0x0e, 0xa0, 0x00, 0x00, 0x00, 0x0a, 0xe0, 0x0f, 0x90, 0x00, 0x00, 0x00, 0x09, 0xf0, 0x0e, 0xa0, 0x00,
  0x00, 0x00, 0x0a, 0xe0, 0x0b, 0xe0, 0x00, 0x00, 0x00, 0x0e, 0xb0, 0x05, 0xf6, 0x00, 0x00, 0x00, 0x6f, 0x50, 0x00, 0xbf, 0x40, 0x00, 0x04, 0xfb,
  0x00, 0x00, 0x1c, 0xfb, 0x77, 0xbf, 0xc1, 0x00, 0x00, 0x00, 0x6c, 0xef, 0xc6, 0x00, 0x00, 0x00, 0x4c, 0xfe, 0xb3, 0x00, 0x05, 0xfc, 0x78, 0xff,
  0x30, 0x0d, 0xd0, 0x00, 0x2f, 0xa0, 0x0f, 0x90, 0x00, 0x03, 0x30, 0x0d, 0xd1, 0x00, 0x00, 0x00, 0x06, 0xfe, 0x72, 0x00, 0x00, 0x00, 0x5c, 0xff,
  0xc5, 0x00, 0x00, 0x00, 0x16, 0xef, 0x60, 0x00, 0x00, 0x00, 0x1d, 0xd0, 0x07, 0x40, 0x00, 0x09, 0xf0, 0x0d, 0xd0, 0x00, 0x0d, 0xd0, 0x05, 0xfc,
  0x66, 0xcf, 0x60, 0x00, 0x5d, 0xff, 0xe7, 0x00, 0x00, 0x00, 0x9f, 0x00, 0x00, 0x00, 0x00, 0x9f, 0xd5, 0x00, 0x00, 0x00, 0x23, 0xcf, 0x00, 0x00,
  0x05, 0xff, 0xfa, 0x00, 0x00, 0x01, 0x44, 0x30, 0x00, 0x00, 0x01, 0x40, 0x41, 0x00, 0x00, 0x00, 0x06, 0xc0, 0xd6, 0x00, 0x00, 0x00, 0x00, 0x00,
  0x00, 0x00, 0x00, 0x0f, 0x90, 0x00, 0x00, 0x9f, 0x00, 0x0f, 0x90, 0x00, 0x00, 0x9f, 0x00, 0x0f, 0x90, 0x00, 0x00, 0x9f, 0x00, 0x0f, 0x90, 0x00,
  0x00, 0x9f, 0x00, 0x0f, 0x90, 0x00, 0x00, 0x9f, 0x00, 0x0f, 0x90, 0x00, 0x00, 0x9f, 0x00, 0x0f, 0x90, 0x00, 0x00, 0x9f, 0x00, 0x0f, 0x90, 0x00,
  0x00, 0x9f, 0x00, 0x0f, 0x90, 0x00, 0x00, 0x9f, 0x00, 0x0d, 0xc0, 0x00, 0x00, 0xcd, 0x00, 0x08, 0xf3, 0x00, 0x04, 0xf8, 0x00, 0x00, 0xdf, 0x97,
  0x9f, 0xd0, 0x00, 0x00, 0x19, 0xef, 0xe8, 0x00, 0x00, 0x00, 0x00, 0x00, 0x00, 0x00, 0xaf, 0xfa, 0x00, 0x09, 0xf7, 0x7f, 0x90, 0x0e, 0xa0, 0x0a,
  0xe0, 0x0e, 0xa0, 0x0a, 0xf0, 0x0b, 0xf4, 0x4f, 0xb0, 0x02, 0xdf, 0xfd, 0x20, 0x00, 0x03, 0x30, 0x00, 0x00, 0x00, 0x00, 0x00, 0x00, 0x00, 0x00,
  0x00, 0x00, 0x00, 0x00, 0x00, 0x00, 0x00, 0x00, 0x00, 0x00, 0x00, 0x00, 0x00, 0x01, 0x00, 0x0d, 0x70, 0x0c, 0x50, 0x00, 0x00, 0x00, 0x00, 0x00,
  0x00, 0x00, 0x00, 0x00, 0x00, 0x01, 0x00, 0x01, 0x00, 0x10, 0x0d, 0x60, 0x6d, 0x00, 0xf4, 0x0c, 0x50, 0x5c, 0x00, 0xe3, 0x02, 0x22, 0x22, 0x22,
  0x22, 0x00, 0x0f, 0xff, 0xff, 0xff, 0xff, 0x00, 0x04, 0x44, 0x44, 0x44, 0x44, 0x00, 0x00, 0x00, 0x00, 0x00, 0x00, 0x00, 0x00, 0x00, 0x00, 0x00,
  0x00, 0x00, 0x00, 0x00, 0x00, 0x00, 0x00, 0x00, 0x00, 0x00, 0x00, 0x00, 0x00, 0x00, 0x00, 0x00, 0x00, 0x00, 0x00, 0x00,
};
STATIC CONST GLYPH mFontBodyGlyphs[] = {
  { 0x0020, 0, 0, 0, 0, 5, 0 },
  { 0x0021, 5, 13, 0, 5, 5, 0 },
  { 0x0022, 5, 15, 0, 3, 5, 39 },
  { 0x0023, 14, 13, 0, 5, 14, 84 },
  { 0x0024, 11, 16, 0, 4, 11, 175 },
  { 0x0025, 13, 13, 0, 5, 13, 271 },
  { 0x0026, 13, 13, 0, 5, 13, 362 },
  { 0x0027, 3, 15, 0, 3, 3, 453 },
  { 0x0028, 8, 20, 0, 1, 8, 483 },
  { 0x0029, 8, 20, 0, 1, 8, 563 },
  { 0x002a, 8, 13, 0, 5, 8, 643 },
  { 0x002b, 12, 11, 0, 7, 12, 695 },
  { 0x002c, 4, 5, -1, 16, 3, 761 },
  { 0x002d, 9, 8, 0, 10, 9, 771 },
  { 0x002e, 4, 3, 0, 15, 4, 811 },
  { 0x002f, 8, 20, 0, 1, 8, 817 },
  { 0x0030, 11, 13, 0, 5, 11, 897 },
  { 0x0031, 5, 13, 0, 5, 5, 975 },
  { 0x0032, 10, 13, 0, 5, 10, 1014 },
  { 0x0033, 10, 13, 0, 5, 10, 1079 },
  { 0x0034, 11, 13, 0, 5, 11, 1144 },
  { 0x0035, 11, 13, 0, 5, 11, 1222 },
  { 0x0036, 11, 13, 0, 5, 11, 1300 },
  { 0x0037, 9, 13, 0, 5, 9, 1378 },
  { 0x0038, 11, 13, 0, 5, 11, 1443 },
  { 0x0039, 11, 13, 0, 5, 11, 1521 },
  { 0x003a, 4, 10, 0, 8, 4, 1599 },
  { 0x003b, 4, 13, 0, 8, 4, 1619 },
  { 0x003c, 9, 10, 0, 8, 9, 1645 },
  { 0x003d, 12, 10, 0, 8, 12, 1695 },
  { 0x003e, 9, 10, 0, 8, 9, 1755 },
  { 0x003f, 9, 13, 0, 5, 9, 1805 },
  { 0x0040, 17, 17, 0, 5, 17, 1870 },
  { 0x0041, 11, 13, 0, 5, 11, 2023 },
  { 0x0042, 10, 13, 0, 5, 10, 2101 },
  { 0x0043, 13, 13, 0, 5, 13, 2166 },
  { 0x0044, 12, 13, 0, 5, 12, 2257 },
  { 0x0045, 9, 13, 0, 5, 9, 2335 },
  { 0x0046, 9, 13, 0, 5, 9, 2400 },
  { 0x0047, 13, 13, 0, 5, 13, 2465 },
  { 0x0048, 12, 13, 0, 5, 12, 2556 },
  { 0x0049, 4, 13, 0, 5, 4, 2634 },
  { 0x004a, 9, 13, 0, 5, 9, 2660 },
  { 0x004b, 10, 13, 0, 5, 10, 2725 },
  { 0x004c, 7, 13, 0, 5, 7, 2790 },
  { 0x004d, 15, 13, 0, 5, 15, 2842 },
  { 0x004e, 12, 13, 0, 5, 12, 2946 },
  { 0x004f, 13, 13, 0, 5, 13, 3024 },
  { 0x0050, 10, 13, 0, 5, 10, 3115 },
  { 0x0051, 14, 15, 0, 5, 13, 3180 },
  { 0x0052, 10, 13, 0, 5, 10, 3285 },
  { 0x0053, 10, 13, 0, 5, 10, 3350 },
  { 0x0054, 9, 13, 0, 5, 9, 3415 },
  { 0x0055, 11, 13, 0, 5, 11, 3480 },
  { 0x0056, 12, 13, 0, 5, 11, 3558 },
  { 0x0057, 17, 13, 0, 5, 17, 3636 },
  { 0x0058, 11, 13, 0, 5, 11, 3753 },
  { 0x0059, 10, 13, 0, 5, 10, 3831 },
  { 0x005a, 9, 13, 0, 5, 9, 3896 },
  { 0x005b, 7, 22, 0, 0, 7, 3961 },
  { 0x005c, 11, 20, 0, 1, 11, 4049 },
  { 0x005d, 7, 22, 0, 0, 7, 4169 },
  { 0x005e, 11, 13, 0, 5, 11, 4257 },
  { 0x005f, 12, 3, 0, 18, 12, 4335 },
  { 0x0060, 5, 15, 0, 3, 4, 4353 },
  { 0x0061, 11, 10, 0, 8, 11, 4398 },
  { 0x0062, 11, 13, 0, 5, 11, 4458 },
  { 0x0063, 10, 10, 0, 8, 10, 4536 },
  { 0x0064, 11, 13, 0, 5, 11, 4586 },
  { 0x0065, 11, 10, 0, 8, 11, 4664 },
  { 0x0066, 6, 13, 0, 5, 6, 4724 },
  { 0x0067, 11, 15, 0, 8, 11, 4763 },
  { 0x0068, 11, 13, 0, 5, 11, 4853 },
  { 0x0069, 4, 14, 0, 4, 4, 4931 },
  { 0x006a, 5, 19, -1, 4, 4, 4959 },
  { 0x006b, 9, 13, 0, 5, 9, 5016 },
  { 0x006c, 4, 13, 0, 5, 4, 5081 },
  { 0x006d, 18, 10, 0, 8, 18, 5107 },
  { 0x006e, 11, 10, 0, 8, 11, 5197 },
  { 0x006f, 11, 10, 0, 8, 11, 5257 },
  { 0x0070, 11, 15, 0, 8, 11, 5317 },
  { 0x0071, 11, 15, 0, 8, 11, 5407 },
  { 0x0072, 6, 10, 0, 8, 6, 5497 },
  { 0x0073, 9, 10, 0, 8, 9, 5527 },
  { 0x0074, 6, 13, 0, 5, 6, 5577 },
  { 0x0075, 11, 10, 0, 8, 11, 5616 },
  { 0x0076, 10, 10, 0, 8, 10, 5676 },
  { 0x0077, 14, 10, 0, 8, 14, 5726 },
  { 0x0078, 8, 10, 0, 8, 8, 5796 },
  { 0x0079, 10, 15, 0, 8, 10, 5836 },
  { 0x007a, 8, 10, 0, 8, 8, 5911 },
  { 0x007b, 8, 22, 0, 0, 8, 5951 },
  { 0x007c, 5, 16, 0, 4, 5, 6039 },
  { 0x007d, 8, 22, 0, 0, 8, 6087 },
  { 0x007e, 9, 8, 0, 10, 9, 6175 },
  { 0x00e7, 11, 16, 0, 8, 10, 6215 },
  { 0x011f, 11, 18, 0, 5, 11, 6311 },
  { 0x0131, 4, 10, 0, 8, 4, 6419 },
  { 0x00f6, 11, 13, 0, 5, 11, 6439 },
  { 0x015f, 9, 16, 0, 8, 9, 6517 },
  { 0x00fc, 11, 13, 0, 5, 11, 6597 },
  { 0x00c7, 13, 19, 0, 5, 13, 6675 },
  { 0x011e, 13, 17, 0, 1, 13, 6808 },
  { 0x0130, 4, 16, 0, 2, 4, 6927 },
  { 0x00d6, 13, 16, 0, 2, 13, 6959 },
  { 0x015e, 10, 18, 0, 5, 10, 7071 },
  { 0x00dc, 11, 16, 0, 2, 11, 7161 },
  { 0x00b0, 7, 13, 0, 5, 7, 7257 },
  { 0x00b7, 4, 8, 0, 10, 4, 7309 },
  { 0x2026, 10, 3, 0, 15, 10, 7325 },
  { 0x2013, 12, 8, 0, 10, 12, 7340 },
};
STATIC CONST FONT mFontBody = { 24, 18, 111, mFontBodyGlyphs, mFontBodyData };
STATIC CONST UINT8 mFontMediumData[] = {
  0x0f, 0xf0, 0x00, 0x0f, 0xf0, 0x00, 0x0f, 0xf0, 0x00, 0x0f, 0xf0, 0x00, 0x0f, 0xf0, 0x00, 0x0f, 0xf0, 0x00, 0x0f, 0xf0, 0x00, 0x0f, 0xf0, 0x00,
  0x00, 0x00, 0x00, 0x08, 0x80, 0x00, 0x0f, 0xf0, 0x00, 0x0b, 0xa0, 0x00, 0x0f, 0xff, 0xf0, 0x0f, 0xff, 0xf0, 0x0f, 0xff, 0xf0, 0x0f, 0xff, 0xf0,
  0x00, 0x00, 0x00, 0x00, 0x00, 0x00, 0x00, 0x00, 0x00, 0x00, 0x00, 0x00, 0x00, 0x00, 0x00, 0x00, 0x00, 0x00, 0x00, 0x00, 0x00, 0x00, 0x00, 0x00,
  0x00, 0x00, 0x00, 0x00, 0x00, 0x00, 0x00, 0x00, 0x00, 0x00, 0x00, 0x09, 0xf4, 0x00, 0x8f, 0x40, 0x00, 0x00, 0x00, 0x0c, 0xf0, 0x00, 0xbf, 0x10,
  0x00, 0x00, 0x00, 0x0f, 0xd0, 0x00, 0xed, 0x00, 0x00, 0x00, 0xff, 0xff, 0xff, 0xff, 0xff, 0xff, 0x00, 0x00, 0xcc, 0xdf, 0xdc, 0xcd, 0xfd, 0xcc,
  0x00, 0x00, 0x00, 0x9f, 0x30, 0x08, 0xf4, 0x00, 0x00, 0x00, 0x00, 0xcf, 0x00, 0x0b, 0xf1, 0x00, 0x00, 0x00, 0x00, 0xfd, 0x00, 0x0e, 0xe0, 0x00,
  0x00, 0x0f, 0xff, 0xff, 0xff, 0xff, 0xff, 0xf0, 0x00, 0x0c, 0xcd, 0xfd, 0xcc, 0xdf, 0xdc, 0xc0, 0x00, 0x00, 0x08, 0xf4, 0x00, 0x7f, 0x50, 0x00,
  0x00, 0x00, 0x0c, 0xf0, 0x00, 0xbf, 0x10, 0x00, 0x00, 0x00, 0x0f, 0xd0, 0x00, 0xee, 0x00, 0x00, 0x00, 0x00, 0x00, 0x2f, 0x00, 0x00, 0x00, 0x00,
  0x02, 0x7f, 0x50, 0x00, 0x00, 0x00, 0xaf, 0xff, 0xfd, 0x10, 0x00, 0x09, 0xfc, 0x6f, 0xbf, 0x80, 0x00, 0x0e, 0xf1, 0x2f, 0x3e, 0xb0, 0x00, 0x0f,
  0xf1, 0x2f, 0x00, 0x00, 0x00, 0x0b, 0xfb, 0x5f, 0x00, 0x00, 0x00, 0x02, 0xdf, 0xff, 0x92, 0x00, 0x00, 0x00, 0x05, 0xaf, 0xff, 0x40, 0x00, 0x00,
  0x00, 0x2f, 0x8f, 0xc0, 0x00, 0x00, 0x00, 0x2f, 0x0f, 0xf0, 0x00, 0x0f, 0xf3, 0x2f, 0x1f, 0xe0, 0x00, 0x0a, 0xfd, 0x7f, 0x9f, 0x90, 0x00, 0x01,
  0xbf, 0xff, 0xfd, 0x10, 0x00, 0x00, 0x03, 0x8f, 0x60, 0x00, 0x00, 0x00, 0x00, 0x2f, 0x00, 0x00, 0x00, 0x02, 0xcf, 0xc2, 0x00, 0x04, 0xa0, 0x00,
  0x0c, 0xf3, 0xfc, 0x00, 0x0c, 0x10, 0x00, 0x0f, 0xf0, 0xff, 0x00, 0x77, 0x00, 0x00, 0x0c, 0xf3, 0xfc, 0x01, 0xd0, 0x00, 0x00, 0x02, 0xcf, 0xc2,
  0x09, 0x50, 0x00, 0x00, 0x00, 0x00, 0x00, 0x3b, 0x00, 0x00, 0x00, 0x00, 0x00, 0x00, 0xc3, 0x00, 0x00, 0x00, 0x00, 0x00, 0x05, 0x90, 0x2c, 0xfc,
  0x20, 0x00, 0x00, 0x0d, 0x10, 0xcf, 0x6f, 0xc0, 0x00, 0x00, 0x87, 0x00, 0xff, 0x0f, 0xf0, 0x00, 0x01, 0xc0, 0x00, 0xcf, 0x3f, 0xc0, 0x00, 0x0a,
  0x40, 0x00, 0x2c, 0xfc, 0x20, 0x00, 0x01, 0x9e, 0xfd, 0x50, 0x00, 0x00, 0x00, 0x0c, 0xfe, 0xdf, 0xf3, 0x00, 0x00, 0x00, 0x0f, 0xf1, 0x07, 0xc5,
  0x00, 0x00, 0x00, 0x0a, 0xf4, 0x00, 0x00, 0x00, 0x00, 0x00, 0x08, 0xff, 0x30, 0x00, 0x00, 0x00, 0x01, 0xcf, 0xab, 0xf6, 0x00, 0xbf, 0x60, 0x09,
  0xf8, 0x00, 0xcf, 0x84, 0xfd, 0x00, 0x0e, 0xf1, 0x00, 0x0c, 0xff, 0xf5, 0x00, 0x0f, 0xf1, 0x00, 0x01, 0xef, 0xe0, 0x00, 0x0b, 0xfa, 0x00, 0x07,
  0xff, 0xf7, 0x00, 0x03, 0xff, 0xec, 0xff, 0xf7, 0xff, 0x40, 0x00, 0x2a, 0xef, 0xe9, 0x20, 0x5f, 0xf3, 0x0f, 0xf0, 0x0f, 0xf0, 0x0f, 0xf0, 0x0f,
  0xf0, 0x00, 0x00, 0x00, 0x00, 0x00, 0x00, 0x00, 0x00, 0x00, 0x00, 0x00, 0x00, 0x00, 0x00, 0x00, 0x00, 0x00, 0x00, 0x00, 0x00, 0x00, 0x00, 0x00,
  0x00, 0x09, 0xfb, 0x00, 0x00, 0x6f, 0xd1, 0x00, 0x01, 0xff, 0x20, 0x00, 0x09, 0xf9, 0x00, 0x00, 0x0f, 0xf2, 0x00, 0x00, 0x4f, 0xb0, 0x00, 0x00,
  0x9f, 0x60, 0x00, 0x00, 0xcf, 0x30, 0x00, 0x00, 0xdf, 0x10, 0x00, 0x00, 0xff, 0x00, 0x00, 0x00, 0xff, 0x00, 0x00, 0x00, 0xef, 0x10, 0x00, 0x00,
  0xdf, 0x20, 0x00, 0x00, 0xaf, 0x50, 0x00, 0x00, 0x6f, 0xa0, 0x00, 0x00, 0x2f, 0xe0, 0x00, 0x00, 0x0b, 0xf6, 0x00, 0x00, 0x04, 0xfd, 0x00, 0x00,
  0x00, 0xaf, 0x80, 0x00, 0x00, 0x0d, 0xf4, 0x0b, 0xf7, 0x00, 0x00, 0x01, 0xdf, 0x50, 0x00, 0x00, 0x2f, 0xe0, 0x00, 0x00, 0x0a, 0xf7, 0x00, 0x00,
  0x02, 0xfe, 0x00, 0x00, 0x00, 0xcf, 0x40, 0x00, 0x00, 0x7f, 0x80, 0x00, 0x00, 0x4f, 0xb0, 0x00, 0x00, 0x1f, 0xd0, 0x00, 0x00, 0x0f, 0xe0, 0x00,
  0x00, 0x0f, 0xf0, 0x00, 0x00, 0x1f, 0xd0, 0x00, 0x00, 0x3f, 0xc0, 0x00, 0x00, 0x6f, 0x90, 0x00, 0x00, 0xbf, 0x50, 0x00, 0x00, 0xff, 0x10, 0x00,
  0x07, 0xfa, 0x00, 0x00, 0x0e, 0xf3, 0x00, 0x00, 0xaf, 0x90, 0x00, 0x06, 0xfc, 0x00, 0x00, 0x00, 0x07, 0xf0, 0x00, 0x00, 0x05, 0x65, 0xd1, 0x90,
  0x00, 0x09, 0xfb, 0xdd, 0xe2, 0x00, 0x00, 0x4f, 0xfa, 0x00, 0x00, 0x09, 0xfc, 0xde, 0xe3, 0x00, 0x05, 0x75, 0xd1, 0xa0, 0x00, 0x00, 0x07, 0xf0,
  0x00, 0x00, 0x00, 0x00, 0x00, 0x00, 0x00, 0x00, 0x00, 0x00, 0x00, 0x00, 0x00, 0x00, 0x00, 0x00, 0x00, 0x00, 0x00, 0x00, 0x00, 0x00, 0x00, 0x00,
  0x00, 0x00, 0x00, 0x00, 0x00, 0x00, 0x00, 0x00, 0x00, 0x00, 0x0f, 0xf0, 0x00, 0x00, 0x00, 0x00, 0x0f, 0xf0, 0x00, 0x00, 0x00, 0x00, 0x0f, 0xf0,
  0x00, 0x00, 0x00, 0xcc, 0xcf, 0xfc, 0xcc, 0xc0, 0x00, 0xff, 0xff, 0xff, 0xff, 0xf0, 0x00, 0x00, 0x0f, 0xf0, 0x00, 0x00, 0x00, 0x00, 0x0f, 0xf0,
  0x00, 0x00, 0x00, 0x00, 0x0f, 0xf0, 0x00, 0x00, 0x00, 0x00, 0x0f, 0xf0, 0x00, 0x00, 0x00, 0x00, 0x00, 0x00, 0x00, 0x00, 0x00, 0x00, 0x00, 0x00,
  0x00, 0x00, 0x0d, 0xf3, 0x1f, 0xc0, 0x5f, 0x50, 0x8e, 0x00, 0xc8, 0x00, 0x0c, 0xcc, 0xcc, 0xcc, 0x00, 0x0f, 0xff, 0xff, 0xff, 0x00, 0x00, 0x00,
  0x00, 0x00, 0x00, 0x00, 0x00, 0x00, 0x00, 0x00, 0x00, 0x00, 0x00, 0x00, 0x00, 0x00, 0x00, 0x00, 0x00, 0x00, 0x00, 0x00, 0x00, 0x00, 0x00, 0x00,
  0x00, 0x00, 0x00, 0x00, 0x08, 0x80, 0x0f, 0xe0, 0x0b, 0xa0, 0x00, 0x00, 0x07, 0xf7, 0x00, 0x00, 0x00, 0x0b, 0xf3, 0x00, 0x00, 0x00, 0x0e, 0xf0,
  0x00, 0x00, 0x00, 0x2f, 0xc0, 0x00, 0x00, 0x00, 0x6f, 0x80, 0x00, 0x00, 0x00, 0xaf, 0x40, 0x00, 0x00, 0x00, 0xdf, 0x10, 0x00, 0x00, 0x01, 0xfd,
  0x00, 0x00, 0x00, 0x05, 0xf9, 0x00, 0x00, 0x00, 0x08, 0xf5, 0x00, 0x00, 0x00, 0x0c, 0xf2, 0x00, 0x00, 0x00, 0x0f, 0xe0, 0x00, 0x00, 0x00, 0x3f,
  0xa0, 0x00, 0x00, 0x00, 0x7f, 0x70, 0x00, 0x00, 0x00, 0xbf, 0x30, 0x00, 0x00, 0x00, 0xef, 0x00, 0x00, 0x00, 0x02, 0xfb, 0x00, 0x00, 0x00, 0x06,
  0xf8, 0x00, 0x00, 0x00, 0x0a, 0xf4, 0x00, 0x00, 0x00, 0x0d, 0xf0, 0x00, 0x00, 0x00, 0x00, 0x19, 0xef, 0xe9, 0x00, 0x00, 0x00, 0xcf, 0xfc, 0xff,
  0xc0, 0x00, 0x05, 0xfc, 0x10, 0x1d, 0xf4, 0x00, 0x0a, 0xf4, 0x00, 0x05, 0xfa, 0x00, 0x0d, 0xf1, 0x00, 0x02, 0xfd, 0x00, 0x0f, 0xf0, 0x00, 0x00,
  0xfe, 0x00, 0x0f, 0xf0, 0x00, 0x00, 0xff, 0x00, 0x0f, 0xf0, 0x00, 0x00, 0xfe, 0x00, 0x0d, 0xf1, 0x00, 0x01, 0xfd, 0x00, 0x0a, 0xf4, 0x00, 0x05,
  0xf9, 0x00, 0x05, 0xfc, 0x10, 0x1d, 0xf4, 0x00, 0x00, 0xcf, 0xfc, 0xff, 0xc0, 0x00, 0x00, 0x19, 0xef, 0xe9, 0x00, 0x00, 0x8f, 0xff, 0x00, 0x6c,
  0xff, 0x00, 0x00, 0xff, 0x00, 0x00, 0xff, 0x00, 0x00, 0xff, 0x00, 0x00, 0xff, 0x00, 0x00, 0xff, 0x00, 0x00, 0xff, 0x00, 0x00, 0xff, 0x00, 0x00,
  0xff, 0x00, 0x00, 0xff, 0x00, 0x00, 0xff, 0x00, 0x00, 0xff, 0x00, 0x00, 0x3b, 0xff, 0xc4, 0x00, 0x03, 0xff, 0xdd, 0xff, 0x40, 0x0b, 0xf8, 0x00,
  0x7f, 0xb0, 0x0f, 0xf1, 0x00, 0x1f, 0xe0, 0x02, 0x20, 0x00, 0x1f, 0xe0, 0x00, 0x00, 0x00, 0x6f, 0xa0, 0x00, 0x00, 0x01, 0xef, 0x30, 0x00, 0x00,
  0x0b, 0xf8, 0x00, 0x00, 0x00, 0xbf, 0xb0, 0x00, 0x00, 0x0b, 0xfb, 0x00, 0x00, 0x01, 0xcf, 0xb0, 0x00, 0x00, 0x0e, 0xff, 0xcc, 0xcc, 0xc0, 0x0f,
  0xff, 0xff, 0xff, 0xf0, 0x00, 0x7d, 0xff, 0xb4, 0x00, 0x0d, 0xff, 0xdd, 0xff, 0x50, 0x5f, 0xe2, 0x00, 0x6f, 0xd0, 0x25, 0x30, 0x00, 0x0f, 0xe0,
  0x00, 0x00, 0x00, 0x7f, 0x90, 0x00, 0x07, 0xcf, 0xfa, 0x00, 0x00, 0x09, 0xff, 0xf7, 0x00, 0x00, 0x00, 0x03, 0xcf, 0x70, 0x00, 0x00, 0x00, 0x2f,
  0xd0, 0x5c, 0x60, 0x00, 0x0f, 0xe0, 0x4f, 0xe2, 0x00, 0x8f, 0xc0, 0x0b, 0xff, 0xde, 0xff, 0x40, 0x00, 0x7c, 0xff, 0xb4, 0x00, 0x00, 0x00, 0x00,
  0xbf, 0xf0, 0x00, 0x00, 0x00, 0x06, 0xff, 0xf0, 0x00, 0x00, 0x00, 0x1f, 0xbf, 0xf0, 0x00, 0x00, 0x00, 0xbf, 0x2f, 0xf0, 0x00, 0x00, 0x06, 0xf8,
  0x0f, 0xf0, 0x00, 0x00, 0x1e, 0xd0, 0x0f, 0xf0, 0x00, 0x00, 0xbf, 0x40, 0x0f, 0xf0, 0x00, 0x05, 0xfa, 0x00, 0x0f, 0xf0, 0x00, 0x0e, 0xfd, 0xcc,
  0xcf, 0xfc, 0xc0, 0x0f, 0xff, 0xff, 0xff, 0xff, 0xf0, 0x00, 0x00, 0x00, 0x0f, 0xf0, 0x00, 0x00, 0x00, 0x00, 0x0f, 0xf0, 0x00, 0x00, 0x00, 0x00,
  0x0f, 0xf0, 0x00, 0x00, 0xff, 0xff, 0xff, 0xf1, 0x00, 0x00, 0xff, 0xcc, 0xcc, 0xc1, 0x00, 0x00, 0xff, 0x00, 0x00, 0x00, 0x00, 0x00, 0xff, 0x00,
  0x00, 0x00, 0x00, 0x00, 0xff, 0x5d, 0xfc, 0x40, 0x00, 0x00, 0xff, 0xfd, 0xef, 0xf3, 0x00, 0x00, 0xff, 0x80, 0x08, 0xfa, 0x00, 0x00, 0x66, 0x00,
  0x01, 0xfe, 0x00, 0x00, 0x00, 0x00, 0x00, 0xff, 0x00, 0x01, 0x98, 0x00, 0x01, 0xfe, 0x00, 0x00, 0xef, 0x50, 0x09, 0xf9, 0x00, 0x00, 0x6f, 0xfd,
  0xef, 0xe1, 0x00, 0x00, 0x05, 0xcf, 0xea, 0x20, 0x00, 0x00, 0x08, 0xdf, 0xd9, 0x10, 0x00, 0x00, 0xbf, 0xfd, 0xef, 0xc0, 0x00, 0x05, 0xfd, 0x10,
  0x0a, 0xf5, 0x00, 0x0a, 0xf4, 0x00, 0x00, 0x10, 0x00, 0x0d, 0xf1, 0x6b, 0xb7, 0x10, 0x00, 0x0f, 0xfa, 0xff, 0xff, 0xd1, 0x00, 0x0f, 0xfd, 0x30,
  0x3d, 0xf8, 0x00, 0x0f, 0xf3, 0x00, 0x03, 0xfd, 0x00, 0x0d, 0xf0, 0x00, 0x00, 0xff, 0x00, 0x0a, 0xf2, 0x00, 0x02, 0xfd, 0x00, 0x05, 0xfb, 0x00,
  0x0a, 0xf9, 0x00, 0x00, 0xcf, 0xfc, 0xef, 0xe1, 0x00, 0x00, 0x08, 0xdf, 0xea, 0x20, 0x00, 0x0f, 0xff, 0xff, 0xff, 0xf0, 0x0c, 0xcc, 0xcc, 0xcf,
  0xf0, 0x00, 0x00, 0x00, 0x2f, 0x90, 0x00, 0x00, 0x00, 0x9f, 0x30, 0x00, 0x00, 0x00, 0xfc, 0x00, 0x00, 0x00, 0x06, 0xf6, 0x00, 0x00, 0x00, 0x0d,
  0xf0, 0x00, 0x00, 0x00, 0x3f, 0x90, 0x00, 0x00, 0x00, 0xaf, 0x30, 0x00, 0x00, 0x01, 0xfc, 0x00, 0x00, 0x00, 0x07, 0xf6, 0x00, 0x00, 0x00, 0x0e,
  0xf0, 0x00, 0x00, 0x00, 0x4f, 0x90, 0x00, 0x00, 0x00, 0x4b, 0xef, 0xeb, 0x40, 0x00, 0x05, 0xff, 0xec, 0xef, 0xf5, 0x00, 0x0d, 0xf6, 0x00, 0x06,
  0xfd, 0x00, 0x0e, 0xf1, 0x00, 0x01, 0xfe, 0x00, 0x08, 0xfa, 0x20, 0x2a, 0xf8, 0x00, 0x00, 0x8f, 0xff, 0xff, 0x80, 0x00, 0x02, 0xef, 0xec, 0xef,
  0xe1, 0x00, 0x0b, 0xf9, 0x00, 0x09, 0xfa, 0x00, 0x0f, 0xf0, 0x00, 0x01, 0xfe, 0x00, 0x0f, 0xf1, 0x00, 0x01, 0xfe, 0x00, 0x0b, 0xf9, 0x00, 0x0a,
  0xfa, 0x00, 0x02, 0xef, 0xec, 0xef, 0xe2, 0x00, 0x00, 0x2a, 0xef, 0xe9, 0x10, 0x00, 0x00, 0x2a, 0xef, 0xe9, 0x10, 0x00, 0x03, 0xff, 0xec, 0xef,
  0xc0, 0x00, 0x0b, 0xf9, 0x00, 0x0a, 0xf5, 0x00, 0x0f, 0xf1, 0x00, 0x01, 0xfa, 0x00, 0x0f, 0xf1, 0x00, 0x01, 0xfd, 0x00, 0x0c, 0xf9, 0x00, 0x09,
  0xfe, 0x00, 0x03, 0xff, 0xec, 0xef, 0xff, 0x00, 0x00, 0x3b, 0xef, 0xb3, 0xfe, 0x00, 0x00, 0x00, 0x00, 0x01, 0xfd, 0x00, 0x05, 0xa3, 0x00, 0x05,
  0xfa, 0x00, 0x05, 0xfc, 0x00, 0x0c, 0xf6, 0x00, 0x00, 0xcf, 0xfc, 0xef, 0xd0, 0x00, 0x00, 0x19, 0xef, 0xe9, 0x10, 0x00, 0x0b, 0xa0, 0x0f, 0xe0,
  0x08, 0x80, 0x00, 0x00, 0x00, 0x00, 0x00, 0x00, 0x00, 0x00, 0x08, 0x80, 0x0f, 0xe0, 0x0b, 0xa0, 0x0b, 0xa0, 0x00, 0x0f, 0xe0, 0x00, 0x08, 0x80,
  0x00, 0x00, 0x00, 0x00, 0x00, 0x00, 0x00, 0x00, 0x00, 0x00, 0x00, 0x00, 0x00, 0x00, 0x00, 0x00, 0x0a, 0xf0, 0x00, 0x0e, 0xa0, 0x00, 0x1f, 0x50,
  0x00, 0x5f, 0x00, 0x00, 0x8a, 0x00, 0x00, 0x00, 0x00, 0x1d, 0xf8, 0x00, 0x00, 0x01, 0xdf, 0x80, 0x00, 0x00, 0x1c, 0xf9, 0x00, 0x00, 0x00, 0xcf,
  0x90, 0x00, 0x00, 0x00, 0xcf, 0x90, 0x00, 0x00, 0x00, 0x1c, 0xf9, 0x00, 0x00, 0x00, 0x01, 0xdf, 0x80, 0x00, 0x00, 0x00, 0x1d, 0xf8, 0x00, 0x00,
  0x00, 0x00, 0x00, 0x00, 0x00, 0x00, 0x00, 0x00, 0x00, 0x00, 0xcc, 0xcc, 0xcc, 0xcc, 0xc0, 0x00, 0x00, 0xff, 0xff, 0xff, 0xff, 0xf0, 0x00, 0x00,
  0x00, 0x00, 0x00, 0x00, 0x00, 0x00, 0x00, 0x00, 0x00, 0x00, 0x00, 0x00, 0x00, 0x00, 0xcc, 0xcc, 0xcc, 0xcc, 0xc0, 0x00, 0x00, 0xff, 0xff, 0xff,
  0xff, 0xf0, 0x00, 0x00, 0x00, 0x00, 0x00, 0x00, 0x00, 0x00, 0x00, 0x00, 0x00, 0x00, 0x00, 0x00, 0x00, 0x00, 0x00, 0x00, 0x00, 0x00, 0x00, 0x00,
  0x00, 0x00, 0x00, 0x00, 0x00, 0x00, 0x00, 0x00, 0x9f, 0xc0, 0x00, 0x00, 0x00, 0x09, 0xfc, 0x00, 0x00, 0x00, 0x00, 0xaf, 0xc0, 0x00, 0x00, 0x00,
  0x0a, 0xfb, 0x00, 0x00, 0x00, 0x0a, 0xfb, 0x00, 0x00, 0x00, 0xaf, 0xc0, 0x00, 0x00, 0x09, 0xfc, 0x00, 0x00, 0x00, 0x9f, 0xc0, 0x00, 0x00, 0x00,
  0x00, 0x00, 0x00, 0x00, 0x00, 0x00, 0x00, 0x00, 0x00, 0x00, 0x5c, 0xfe, 0xb4, 0x00, 0x06, 0xff, 0xdd, 0xff, 0x50, 0x0e, 0xf5, 0x00, 0x5f, 0xd0,
  0x03, 0x40, 0x00, 0x1f, 0xf0, 0x00, 0x00, 0x03, 0xaf, 0xc0, 0x00, 0x0f, 0xff, 0xff, 0x40, 0x00, 0x0f, 0xfb, 0x82, 0x00, 0x00, 0x0f, 0xf0, 0x00,
  0x00, 0x00, 0x00, 0x00, 0x00, 0x00, 0x00, 0x08, 0x80, 0x00, 0x00, 0x00, 0x0e, 0xf0, 0x00, 0x00, 0x00, 0x0a, 0xb0, 0x00, 0x00, 0x00, 0x00, 0x00,
  0x27, 0xab, 0xb8, 0x30, 0x00, 0x00, 0x00, 0x00, 0x09, 0xff, 0xff, 0xff, 0xfb, 0x10, 0x00, 0x00, 0x01, 0xdf, 0xc5, 0x20, 0x15, 0xdf, 0xc0, 0x00,
  0x00, 0x0d, 0xf8, 0x00, 0x00, 0x00, 0x0d, 0xf6, 0x00, 0x00, 0x9f, 0x90, 0x8e, 0xfa, 0x9f, 0x05, 0xfc, 0x00, 0x02, 0xfe, 0x0b, 0xff, 0xdf, 0xfe,
  0x01, 0xfe, 0x00, 0x08, 0xf8, 0x6f, 0xd1, 0x05, 0xfb, 0x00, 0xff, 0x00, 0x0c, 0xf3, 0xcf, 0x40, 0x00, 0xf8, 0x01, 0xfe, 0x00, 0x0e, 0xf1, 0xef,
  0x00, 0x01, 0xf6, 0x03, 0xfa, 0x00, 0x0f, 0xf0, 0xef, 0x10, 0x09, 0xf4, 0x09, 0xf4, 0x00, 0x0e, 0xf1, 0x9f, 0xb6, 0xad, 0xfa, 0x8f, 0xa0, 0x00,
  0x0c, 0xf5, 0x1a, 0xfe, 0x90, 0x8f, 0xe8, 0x00, 0x00, 0x06, 0xfd, 0x00, 0x00, 0x00, 0x00, 0x00, 0x00, 0x00, 0x00, 0xcf, 0xd5, 0x10, 0x16, 0x00,
  0x00, 0x00, 0x00, 0x00, 0x1c, 0xff, 0xff, 0xff, 0x30, 0x00, 0x00, 0x00, 0x00, 0x00, 0x49, 0xbb, 0x93, 0x00, 0x00, 0x00, 0x00, 0x00, 0x00, 0x5f,
  0xf3, 0x00, 0x00, 0x00, 0x00, 0xbf, 0xf9, 0x00, 0x00, 0x00, 0x01, 0xfe, 0xfe, 0x00, 0x00, 0x00, 0x06, 0xf8, 0xaf, 0x40, 0x00, 0x00, 0x0c, 0xf3,
  0x5f, 0xa0, 0x00, 0x00, 0x2f, 0xd0, 0x0f, 0xf0, 0x00, 0x00, 0x7f, 0x80, 0x0a, 0xf5, 0x00, 0x00, 0xdf, 0x20, 0x05, 0xfb, 0x00, 0x03, 0xff, 0xff,
  0xff, 0xff, 0x10, 0x08, 0xfc, 0xaa, 0xaa, 0xdf, 0x60, 0x0e, 0xf2, 0x00, 0x00, 0x4f, 0xc0, 0x3f, 0xc0, 0x00, 0x00, 0x0e, 0xf1, 0x0f, 0xff, 0xff,
  0xd6, 0x00, 0x00, 0x0f, 0xfc, 0xcd, 0xff, 0x70, 0x00, 0x0f, 0xf0, 0x00, 0x4f, 0xe0, 0x00, 0x0f, 0xf0, 0x00, 0x0f, 0xf0, 0x00, 0x0f, 0xf0, 0x00,
  0x7f, 0xa0, 0x00, 0x0f, 0xff, 0xff, 0xfa, 0x00, 0x00, 0x0f, 0xfc, 0xcc, 0xef, 0x80, 0x00, 0x0f, 0xf0, 0x00, 0x07, 0xf8, 0x00, 0x0f, 0xf0, 0x00,
  0x00, 0xfe, 0x00, 0x0f, 0xf0, 0x00, 0x06, 0xfd, 0x00, 0x0f, 0xfc, 0xcc, 0xdf, 0xf5, 0x00, 0x0f, 0xff, 0xff, 0xfc, 0x40, 0x00, 0x00, 0x00, 0x6c,
  0xee, 0xc7, 0x00, 0x00, 0x00, 0x2d, 0xff, 0xdd, 0xff, 0xd2, 0x00, 0x00, 0xdf, 0x91, 0x00, 0x1b, 0xfd, 0x00, 0x07, 0xfa, 0x00, 0x00, 0x00, 0x89,
  0x30, 0x0c, 0xf3, 0x00, 0x00, 0x00, 0x00, 0x00, 0x0f, 0xf0, 0x00, 0x00, 0x00, 0x00, 0x00, 0x0f, 0xf0, 0x00, 0x00, 0x00, 0x00, 0x00, 0x0c, 0xf3,
  0x00, 0x00, 0x00, 0x00, 0x00, 0x07, 0xfa, 0x00, 0x00, 0x00, 0x89, 0x30, 0x00, 0xdf, 0x91, 0x00, 0x1b, 0xfd, 0x00, 0x00, 0x2d, 0xff, 0xdd, 0xff,
  0xd2, 0x00, 0x00, 0x00, 0x7c, 0xff, 0xc7, 0x00, 0x00, 0x0f, 0xff, 0xfe, 0xc7, 0x00, 0x00, 0x0f, 0xfc, 0xcd, 0xff, 0xd3, 0x00, 0x0f, 0xf0, 0x00,
  0x08, 0xfe, 0x10, 0x0f, 0xf0, 0x00, 0x00, 0xaf, 0x70, 0x0f, 0xf0, 0x00, 0x00, 0x3f, 0xc0, 0x0f, 0xf0, 0x00, 0x00, 0x0f, 0xf0, 0x0f, 0xf0, 0x00,
  0x00, 0x0f, 0xf0, 0x0f, 0xf0, 0x00, 0x00, 0x2f, 0xd0, 0x0f, 0xf0, 0x00, 0x00, 0x9f, 0x80, 0x0f, 0xf0, 0x00, 0x08, 0xfe, 0x10, 0x0f, 0xfc, 0xcd,
  0xff, 0xe3, 0x00, 0x0f, 0xff, 0xfe, 0xc7, 0x10, 0x00, 0x0f, 0xff, 0xff, 0xf8, 0x00, 0x0f, 0xfc, 0xcc, 0xc6, 0x00, 0x0f, 0xf0, 0x00, 0x00, 0x00,
  0x0f, 0xf0, 0x00, 0x00, 0x00, 0x0f, 0xf0, 0x00, 0x00, 0x00, 0x0f, 0xff, 0xff, 0xf0, 0x00, 0x0f, 0xfc, 0xcc, 0xc0, 0x00, 0x0f, 0xf0, 0x00, 0x00,
  0x00, 0x0f, 0xf0, 0x00, 0x00, 0x00, 0x0f, 0xf0, 0x00, 0x00, 0x00, 0x0f, 0xfc, 0xcc, 0xc6, 0x00, 0x0f, 0xff, 0xff, 0xf8, 0x00, 0x0f, 0xff, 0xff,
  0xff, 0x00, 0x0f, 0xfc, 0xcc, 0xcc, 0x00, 0x0f, 0xf0, 0x00, 0x00, 0x00, 0x0f, 0xf0, 0x00, 0x00, 0x00, 0x0f, 0xf0, 0x00, 0x00, 0x00, 0x0f, 0xff,
  0xff, 0xf0, 0x00, 0x0f, 0xfc, 0xcc, 0xc0, 0x00, 0x0f, 0xf0, 0x00, 0x00, 0x00, 0x0f, 0xf0, 0x00, 0x00, 0x00, 0x0f, 0xf0, 0x00, 0x00, 0x00, 0x0f,
  0xf0, 0x00, 0x00, 0x00, 0x0f, 0xf0, 0x00, 0x00, 0x00, 0x00, 0x00, 0x6c, 0xef, 0xd8, 0x10, 0x00, 0x00, 0x2d, 0xff, 0xdd, 0xff, 0xe4, 0x00, 0x00,
  0xdf, 0x91, 0x00, 0x1a, 0xff, 0x20, 0x07, 0xfa, 0x00, 0x00, 0x00, 0x45, 0x20, 0x0c, 0xf3, 0x00, 0x00, 0x00, 0x00, 0x00, 0x0f, 0xf0, 0x00, 0xff,
  0xff, 0xff, 0xf0, 0x0f, 0xf0, 0x00, 0xcc, 0xcc, 0xdf, 0xf0, 0x0c, 0xf3, 0x00, 0x00, 0x00, 0x7f, 0xc0, 0x07, 0xfa, 0x00, 0x00, 0x00, 0xdf, 0x70,
  0x00, 0xdf, 0x91, 0x00, 0x1b, 0xfd, 0x00, 0x00, 0x2d, 0xff, 0xdd, 0xff, 0xd2, 0x00, 0x00, 0x00, 0x6c, 0xef, 0xc7, 0x00, 0x00, 0x0f, 0xf0, 0x00,
  0x00, 0xff, 0x00, 0x0f, 0xf0, 0x00, 0x00, 0xff, 0x00, 0x0f, 0xf0, 0x00, 0x00, 0xff, 0x00, 0x0f, 0xf0, 0x00, 0x00, 0xff, 0x00, 0x0f, 0xf0, 0x00,
  0x00, 0xff, 0x00, 0x0f, 0xff, 0xff, 0xff, 0xff, 0x00, 0x0f, 0xfc, 0xcc, 0xcc, 0xff, 0x00, 0x0f, 0xf0, 0x00, 0x00, 0xff, 0x00, 0x0f, 0xf0, 0x00,
  0x00, 0xff, 0x00, 0x0f, 0xf0, 0x00, 0x00, 0xff, 0x00, 0x0f, 0xf0, 0x00, 0x00, 0xff, 0x00, 0x0f, 0xf0, 0x00, 0x00, 0xff, 0x00, 0x0f, 0xf0, 0x0f,
  0xf0, 0x0f, 0xf0, 0x0f, 0xf0, 0x0f, 0xf0, 0x0f, 0xf0, 0x0f, 0xf0, 0x0f, 0xf0, 0x0f, 0xf0, 0x0f, 0xf0, 0x0f, 0xf0, 0x0f, 0xf0, 0x00, 0x00, 0x00,
  0xff, 0x00, 0x00, 0x00, 0x00, 0xff, 0x00, 0x00, 0x00, 0x00, 0xff, 0x00, 0x00, 0x00, 0x00, 0xff, 0x00, 0x00, 0x00, 0x00, 0xff, 0x00, 0x00, 0x00,
  0x00, 0xff, 0x00, 0x00, 0x00, 0x00, 0xff, 0x00, 0x00, 0x00, 0x00, 0xff, 0x00, 0x07, 0x70, 0x00, 0xff, 0x00, 0x0d, 0xf3, 0x04, 0xfc, 0x00, 0x06,
  0xff, 0xcf, 0xf6, 0x00, 0x00, 0x6d, 0xfd, 0x60, 0x00, 0x0f, 0xf0, 0x00, 0x0d, 0xf8, 0x00, 0x0f, 0xf0, 0x00, 0xbf, 0xb0, 0x00, 0x0f, 0xf0, 0x08,
  0xfc, 0x00, 0x00, 0x0f, 0xf0, 0x6f, 0xe1, 0x00, 0x00, 0x0f, 0xf3, 0xff, 0x20, 0x00, 0x00, 0x0f, 0xfe, 0xf4, 0x00, 0x00, 0x00, 0x0f, 0xff, 0xf4,
  0x00, 0x00, 0x00, 0x0f, 0xf4, 0xff, 0x30, 0x00, 0x00, 0x0f, 0xf0, 0x7f, 0xe1, 0x00, 0x00, 0x0f, 0xf0, 0x09, 0xfd, 0x00, 0x00, 0x0f, 0xf0, 0x00,
  0xbf, 0xb0, 0x00, 0x0f, 0xf0, 0x00, 0x0d, 0xf9, 0x00, 0x0f, 0xf0, 0x00, 0x00, 0x0f, 0xf0, 0x00, 0x00, 0x0f, 0xf0, 0x00, 0x00, 0x0f, 0xf0, 0x00,
  0x00, 0x0f, 0xf0, 0x00, 0x00, 0x0f, 0xf0, 0x00, 0x00, 0x0f, 0xf0, 0x00, 0x00, 0x0f, 0xf0, 0x00, 0x00, 0x0f, 0xf0, 0x00, 0x00, 0x0f, 0xf0, 0x00,
  0x00, 0x0f, 0xfa, 0xaa, 0xa0, 0x0f, 0xff, 0xff, 0xf0, 0x0f, 0xf5, 0x00, 0x00, 0x00, 0x4f, 0xf0, 0x00, 0x0f, 0xfb, 0x00, 0x00, 0x00, 0xbf, 0xf0,
  0x00, 0x0f, 0xff, 0x20, 0x00, 0x02, 0xff, 0xf0, 0x00, 0x0f, 0xff, 0x80, 0x00, 0x08, 0xff, 0xf0, 0x00, 0x0f, 0xfb, 0xe0, 0x00, 0x0e, 0xbf, 0xf0,
  0x00, 0x0f, 0xf5, 0xf6, 0x00, 0x5f, 0x5f, 0xf0, 0x00, 0x0f, 0xf0, 0xec, 0x00, 0xce, 0x0f, 0xf0, 0x00, 0x0f, 0xf0, 0x7f, 0x33, 0xf7, 0x0f, 0xf0,
  0x00, 0x0f, 0xf0, 0x1f, 0xa9, 0xf1, 0x0f, 0xf0, 0x00, 0x0f, 0xf0, 0x0a, 0xff, 0xa0, 0x0f, 0xf0, 0x00, 0x0f, 0xf0, 0x04, 0xff, 0x40, 0x0f, 0xf0,
  0x00, 0x0f, 0xf0, 0x00, 0xdd, 0x00, 0x0f, 0xf0, 0x00, 0x0f, 0xf4, 0x00, 0x00, 0x0f, 0xf0, 0x0f, 0xfe, 0x10, 0x00, 0x0f, 0xf0, 0x0f, 0xff, 0xa0,
  0x00, 0x0f, 0xf0, 0x0f, 0xfb, 0xf5, 0x00, 0x0f, 0xf0, 0x0f, 0xf1, 0xfe, 0x10, 0x0f, 0xf0, 0x0f, 0xf0, 0x6f, 0xa0, 0x0f, 0xf0, 0x0f, 0xf0, 0x0b,
  0xf5, 0x0f, 0xf0, 0x0f, 0xf0, 0x01, 0xee, 0x1f, 0xf0, 0x0f, 0xf0, 0x00, 0x5f, 0xbf, 0xf0, 0x0f, 0xf0, 0x00, 0x0a, 0xff, 0xf0, 0x0f, 0xf0, 0x00,
  0x01, 0xef, 0xf0, 0x0f, 0xf0, 0x00, 0x00, 0x5f, 0xf0, 0x00, 0x00, 0x7c, 0xef, 0xc7, 0x00, 0x00, 0x00, 0x2d, 0xff, 0xdd, 0xff, 0xd2, 0x00, 0x00,
  0xdf, 0x91, 0x00, 0x19, 0xfd, 0x00, 0x07, 0xfa, 0x00, 0x00, 0x00, 0xaf, 0x70, 0x0c, 0xf3, 0x00, 0x00, 0x00, 0x3f, 0xc0, 0x0f, 0xf0, 0x00, 0x00,
  0x00, 0x0f, 0xf0, 0x0f, 0xf0, 0x00, 0x00, 0x00, 0x0f, 0xe0, 0x0c, 0xf3, 0x00, 0x00, 0x00, 0x3f, 0xc0, 0x07, 0xfb, 0x00, 0x00, 0x00, 0xbf, 0x70,
  0x00, 0xdf, 0x91, 0x00, 0x19, 0xfd, 0x00, 0x00, 0x2d, 0xff, 0xdd, 0xff, 0xd2, 0x00, 0x00, 0x00, 0x7c, 0xff, 0xc7, 0x00, 0x00, 0x0f, 0xff, 0xff,
  0xc4, 0x00, 0x0f, 0xfc, 0xcd, 0xff, 0x50, 0x0f, 0xf0, 0x00, 0x4f, 0xd0, 0x0f, 0xf0, 0x00, 0x0f, 0xf0, 0x0f, 0xf0, 0x00, 0x5f, 0xd0, 0x0f, 0xfc,
  0xcd, 0xff, 0x50, 0x0f, 0xff, 0xff, 0xc5, 0x00, 0x0f, 0xf0, 0x00, 0x00, 0x00, 0x0f, 0xf0, 0x00, 0x00, 0x00, 0x0f, 0xf0, 0x00, 0x00, 0x00, 0x0f,
  0xf0, 0x00, 0x00, 0x00, 0x0f, 0xf0, 0x00, 0x00, 0x00, 0x00, 0x00, 0x7c, 0xef, 0xc7, 0x00, 0x00, 0x00, 0x2d, 0xff, 0xdd, 0xff, 0xd2, 0x00, 0x00,
  0xdf, 0x91, 0x00, 0x19, 0xfd, 0x00, 0x07, 0xfa, 0x00, 0x00, 0x00, 0xaf, 0x70, 0x0c, 0xf3, 0x00, 0x00, 0x00, 0x3f, 0xc0, 0x0f, 0xf0, 0x00, 0x00,
  0x00, 0x0f, 0xf0, 0x0f, 0xf0, 0x00, 0x00, 0x00, 0x0f, 0xf0, 0x0c, 0xf3, 0x00, 0x00, 0x00, 0x3f, 0xc0, 0x07, 0xfb, 0x00, 0x00, 0x00, 0xbf, 0x60,
  0x00, 0xdf, 0x91, 0x00, 0x19, 0xfd, 0x00, 0x00, 0x2d, 0xff, 0xdd, 0xff, 0xd1, 0x00, 0x00, 0x00, 0x7c, 0xfe, 0xdf, 0xc0, 0x00, 0x00, 0x00, 0x00,
  0x00, 0x0a, 0xfc, 0x00, 0x00, 0x00, 0x00, 0x00, 0x00, 0xbf, 0xb0, 0x0f, 0xff, 0xff, 0xc4, 0x00, 0x00, 0x0f, 0xfc, 0xcd, 0xff, 0x50, 0x00, 0x0f,
  0xf0, 0x00, 0x5f, 0xd0, 0x00, 0x0f, 0xf0, 0x00, 0x0f, 0xf0, 0x00, 0x0f, 0xf0, 0x00, 0x5f, 0xd0, 0x00, 0x0f, 0xfc, 0xcd, 0xff, 0x50, 0x00, 0x0f,
  0xff, 0xff, 0xc4, 0x00, 0x00, 0x0f, 0xf0, 0x6f, 0xb0, 0x00, 0x00, 0x0f, 0xf0, 0x0d, 0xf4, 0x00, 0x00, 0x0f, 0xf0, 0x05, 0xfc, 0x00, 0x00, 0x0f,
  0xf0, 0x00, 0xdf, 0x50, 0x00, 0x0f, 0xf0, 0x00, 0x5f, 0xe0, 0x00, 0x00, 0x5c, 0xfe, 0xb3, 0x00, 0x06, 0xff, 0xde, 0xff, 0x30, 0x0d, 0xf4, 0x00,
  0xaf, 0xa0, 0x0f, 0xf0, 0x00, 0x14, 0x30, 0x0c, 0xfa, 0x10, 0x00, 0x00, 0x02, 0xdf, 0xfb, 0x61, 0x00, 0x00, 0x04, 0x9e, 0xfe, 0x30, 0x00, 0x00,
  0x00, 0x8f, 0xc0, 0x07, 0x70, 0x00, 0x0f, 0xf0, 0x0d, 0xf7, 0x00, 0x5f, 0xd0, 0x05, 0xff, 0xdd, 0xff, 0x50, 0x00, 0x4b, 0xff, 0xc4, 0x00, 0x0f,
  0xff, 0xff, 0xff, 0xf0, 0x0c, 0xcc, 0xff, 0xcc, 0xc0, 0x00, 0x00, 0xff, 0x00, 0x00, 0x00, 0x00, 0xff, 0x00, 0x00, 0x00, 0x00, 0xff, 0x00, 0x00,
  0x00, 0x00, 0xff, 0x00, 0x00, 0x00, 0x00, 0xff, 0x00, 0x00, 0x00, 0x00, 0xff, 0x00, 0x00, 0x00, 0x00, 0xff, 0x00, 0x00, 0x00, 0x00, 0xff, 0x00,
  0x00, 0x00, 0x00, 0xff, 0x00, 0x00, 0x00, 0x00, 0xff, 0x00, 0x00, 0x0f, 0xf0, 0x00, 0x00, 0xff, 0x00, 0x0f, 0xf0, 0x00, 0x00, 0xff, 0x00, 0x0f,
  0xf0, 0x00, 0x00, 0xff, 0x00, 0x0f, 0xf0, 0x00, 0x00, 0xff, 0x00, 0x0f, 0xf0, 0x00, 0x00, 0xff, 0x00, 0x0f, 0xf0, 0x00, 0x00, 0xff, 0x00, 0x0f,
  0xf0, 0x00, 0x00, 0xff, 0x00, 0x0f, 0xf0, 0x00, 0x00, 0xff, 0x00, 0x0e, 0xf1, 0x00, 0x02, 0xfe, 0x00, 0x09, 0xfa, 0x00, 0x0a, 0xf9, 0x00, 0x01,
  0xef, 0xec, 0xef, 0xe1, 0x00, 0x00, 0x19, 0xef, 0xe9, 0x10, 0x00, 0x7f, 0x90, 0x00, 0x00, 0x0c, 0xf4, 0x1f, 0xe0, 0x00, 0x00, 0x1f, 0xe0, 0x0b,
  0xf4, 0x00, 0x00, 0x7f, 0x80, 0x06, 0xf9, 0x00, 0x00, 0xdf, 0x20, 0x00, 0xff, 0x00, 0x02, 0xfc, 0x00, 0x00, 0xaf, 0x50, 0x08, 0xf6, 0x00, 0x00,
  0x4f, 0xa0, 0x0d, 0xf1, 0x00, 0x00, 0x0e, 0xf0, 0x3f, 0xa0, 0x00, 0x00, 0x08, 0xf6, 0x9f, 0x40, 0x00, 0x00, 0x02, 0xfb, 0xee, 0x00, 0x00, 0x00,
  0x00, 0xcf, 0xf9, 0x00, 0x00, 0x00, 0x00, 0x6f, 0xf3, 0x00, 0x00, 0x8f, 0x70, 0x00, 0x0a, 0xfc, 0x00, 0x00, 0x8f, 0x80, 0x4f, 0xc0, 0x00, 0x0e,
  0xff, 0x00, 0x00, 0xcf, 0x30, 0x0f, 0xf0, 0x00, 0x3f, 0xff, 0x40, 0x00, 0xfe, 0x00, 0x0b, 0xf4, 0x00, 0x7f, 0xaf, 0x80, 0x04, 0xfa, 0x00, 0x06,
  0xf8, 0x00, 0xbf, 0x2f, 0xc0, 0x08, 0xf5, 0x00, 0x02, 0xfc, 0x00, 0xfb, 0x0d, 0xf1, 0x0c, 0xf1, 0x00, 0x00, 0xdf, 0x04, 0xf7, 0x08, 0xf4, 0x1f,
  0xc0, 0x00, 0x00, 0x9f, 0x48, 0xf2, 0x04, 0xf8, 0x5f, 0x70, 0x00, 0x00, 0x4f, 0x8d, 0xd0, 0x00, 0xfd, 0x9f, 0x20, 0x00, 0x00, 0x0f, 0xdf, 0x90,
  0x00, 0xbf, 0xee, 0x00, 0x00, 0x00, 0x0b, 0xff, 0x40, 0x00, 0x7f, 0xf9, 0x00, 0x00, 0x00, 0x07, 0xff, 0x00, 0x00, 0x2f, 0xf4, 0x00, 0x00, 0x0d,
  0xf5, 0x00, 0x01, 0xff, 0x10, 0x03, 0xfe, 0x00, 0x0a, 0xf7, 0x00, 0x00, 0xaf, 0x80, 0x3f, 0xd0, 0x00, 0x00, 0x1e, 0xf3, 0xcf, 0x30, 0x00, 0x00,
  0x06, 0xfe, 0xf9, 0x00, 0x00, 0x00, 0x00, 0xcf, 0xe1, 0x00, 0x00, 0x00, 0x00, 0xcf, 0xe1, 0x00, 0x00, 0x00, 0x06, 0xfe, 0xf9, 0x00, 0x00, 0x00,
  0x1e, 0xf2, 0xef, 0x30, 0x00, 0x00, 0x9f, 0x70, 0x5f, 0xd0, 0x00, 0x03, 0xfd, 0x00, 0x0b, 0xf7, 0x00, 0x0d, 0xf5, 0x00, 0x02, 0xff, 0x10, 0xaf,
  0x70, 0x00, 0x08, 0xf9, 0x2f, 0xe0, 0x00, 0x0e, 0xf2, 0x0a, 0xf6, 0x00, 0x6f, 0x90, 0x02, 0xfd, 0x00, 0xef, 0x10, 0x00, 0xaf, 0x55, 0xf9, 0x00,
  0x00, 0x2f, 0xcd, 0xf1, 0x00, 0x00, 0x09, 0xff, 0x80, 0x00, 0x00, 0x01, 0xff, 0x10, 0x00, 0x00, 0x00, 0xff, 0x00, 0x00, 0x00, 0x00, 0xff, 0x00,
  0x00, 0x00, 0x00, 0xff, 0x00, 0x00, 0x00, 0x00, 0xff, 0x00, 0x00, 0x0f, 0xff, 0xff, 0xff, 0xf0, 0x0c, 0xcc, 0xcc, 0xdf, 0xf0, 0x00, 0x00, 0x00,
  0xdf, 0x60, 0x00, 0x00, 0x08, 0xfb, 0x00, 0x00, 0x00, 0x2f, 0xf2, 0x00, 0x00, 0x00, 0xcf, 0x70, 0x00, 0x00, 0x07, 0xfc, 0x00, 0x00, 0x00, 0x2f,
  0xf2, 0x00, 0x00, 0x00, 0xcf, 0x70, 0x00, 0x00, 0x06, 0xfd, 0x00, 0x00, 0x00, 0x0f, 0xfd, 0xcc, 0xcc, 0xc0, 0x0f, 0xff, 0xff, 0xff, 0xf0, 0x00,
  0x0f, 0xff, 0x80, 0x00, 0x0f, 0xfc, 0x60, 0x00, 0x0f, 0xf0, 0x00, 0x00, 0x0f, 0xf0, 0x00, 0x00, 0x0f, 0xf0, 0x00, 0x00, 0x0f, 0xf0, 0x00, 0x00,
  0x0f, 0xf0, 0x00, 0x00, 0x0f, 0xf0, 0x00, 0x00, 0x0f, 0xf0, 0x00, 0x00, 0x0f, 0xf0, 0x00, 0x00, 0x0f, 0xf0, 0x00, 0x00, 0x0f, 0xf0, 0x00, 0x00,
  0x0f, 0xf0, 0x00, 0x00, 0x0f, 0xf0, 0x00, 0x00, 0x0f, 0xf0, 0x00, 0x00, 0x0f, 0xf0, 0x00, 0x00, 0x0f, 0xf0, 0x00, 0x00, 0x0f, 0xf0, 0x00, 0x00,
  0x0f, 0xfc, 0x60, 0x00, 0x0f, 0xff, 0x80, 0x00, 0x1f, 0xd0, 0x00, 0x00, 0x00, 0x00, 0x0d, 0xf1, 0x00, 0x00, 0x00, 0x00, 0x09, 0xf5, 0x00, 0x00,
  0x00, 0x00, 0x05, 0xf9, 0x00, 0x00, 0x00, 0x00, 0x01, 0xfd, 0x00, 0x00, 0x00, 0x00, 0x00, 0xdf, 0x10, 0x00, 0x00, 0x00, 0x00, 0x8f, 0x50, 0x00,
  0x00, 0x00, 0x00, 0x4f, 0x90, 0x00, 0x00, 0x00, 0x00, 0x0f, 0xd0, 0x00, 0x00, 0x00, 0x00, 0x0c, 0xf1, 0x00, 0x00, 0x00, 0x00, 0x08, 0xf5, 0x00,
  0x00, 0x00, 0x00, 0x04, 0xf9, 0x00, 0x00, 0x00, 0x00, 0x00, 0xfe, 0x00, 0x00, 0x00, 0x00, 0x00, 0xcf, 0x20, 0x00, 0x00, 0x00, 0x00, 0x8f, 0x60,
  0x00, 0x00, 0x00, 0x00, 0x4f, 0xa0, 0x00, 0x00, 0x00, 0x00, 0x0f, 0xe0, 0x00, 0x00, 0x00, 0x00, 0x0c, 0xf2, 0x00, 0x00, 0x00, 0x00, 0x07, 0xf6,
  0x00, 0x00, 0x00, 0x00, 0x03, 0xfa, 0x00, 0x00, 0x8f, 0xff, 0x00, 0x00, 0x6c, 0xff, 0x00, 0x00, 0x00, 0xff, 0x00, 0x00, 0x00, 0xff, 0x00, 0x00,
  0x00, 0xff, 0x00, 0x00, 0x00, 0xff, 0x00, 0x00, 0x00, 0xff, 0x00, 0x00, 0x00, 0xff, 0x00, 0x00, 0x00, 0xff, 0x00, 0x00, 0x00, 0xff, 0x00, 0x00,
  0x00, 0xff, 0x00, 0x00, 0x00, 0xff, 0x00, 0x00, 0x00, 0xff, 0x00, 0x00, 0x00, 0xff, 0x00, 0x00, 0x00, 0xff, 0x00, 0x00, 0x00, 0xff, 0x00, 0x00,
  0x00, 0xff, 0x00, 0x00, 0x00, 0xff, 0x00, 0x00, 0x6c, 0xff, 0x00, 0x00, 0x8f, 0xff, 0x00, 0x00, 0x00, 0x38, 0x40, 0x00, 0x00, 0x00, 0x00, 0xcf,
  0xe0, 0x00, 0x00, 0x00, 0x03, 0xff, 0xf5, 0x00, 0x00, 0x00, 0x0a, 0xf9, 0xfc, 0x00, 0x00, 0x00, 0x1f, 0xe0, 0xcf, 0x20, 0x00, 0x00, 0x7f, 0x80,
  0x6f, 0x90, 0x00, 0x00, 0xef, 0x10, 0x0e, 0xf1, 0x00, 0x05, 0xfa, 0x00, 0x08, 0xf7, 0x00, 0x0c, 0xf4, 0x00, 0x02, 0xfd, 0x00, 0x2f, 0xd0, 0x00,
  0x00, 0xbf, 0x40, 0x00, 0x00, 0x00, 0x00, 0x00, 0x00, 0x00, 0x00, 0x00, 0x00, 0x00, 0x00, 0x00, 0x00, 0x00, 0x00, 0x00, 0x00, 0x00, 0x00, 0x00,
  0x00, 0x00, 0x00, 0x00, 0x00, 0xcc, 0xcc, 0xcc, 0xcc, 0xc0, 0x00, 0x00, 0xff, 0xff, 0xff, 0xff, 0xf0, 0x00, 0x00, 0x00, 0x00, 0x0e, 0x60, 0x00,
  0x0c, 0xfd, 0x50, 0x00, 0x3b, 0xf0, 0x00, 0x00, 0x30, 0x00, 0x00, 0x00, 0x00, 0x00, 0x00, 0x00, 0x00, 0x00, 0x00, 0x00, 0x00, 0x00, 0x00, 0x00,
  0x00, 0x00, 0x00, 0x00, 0x00, 0x00, 0x00, 0x00, 0x00, 0x00, 0x00, 0x00, 0x00, 0x00, 0x00, 0x00, 0x07, 0xdf, 0xe8, 0x0f, 0xf0, 0x00, 0xbf, 0xfd,
  0xdf, 0xdf, 0xf0, 0x06, 0xfe, 0x20, 0x03, 0xef, 0xf0, 0x0c, 0xf4, 0x00, 0x00, 0x5f, 0xf0, 0x0f, 0xf0, 0x00, 0x00, 0x0f, 0xf0, 0x0f, 0xf0, 0x00,
  0x00, 0x0f, 0xf0, 0x0c, 0xf5, 0x00, 0x00, 0x5f, 0xf0, 0x06, 0xfe, 0x30, 0x03, 0xef, 0xf0, 0x00, 0xbf, 0xfd, 0xdf, 0xdf, 0xf0, 0x00, 0x07, 0xdf,
  0xe8, 0x0f, 0xf0, 0x0f, 0xf0, 0x00, 0x00, 0x00, 0x00, 0x0f, 0xf0, 0x00, 0x00, 0x00, 0x00, 0x0f, 0xf0, 0x00, 0x00, 0x00, 0x00, 0x0f, 0xf1, 0x9e,
  0xfd, 0x70, 0x00, 0x0f, 0xfd, 0xfd, 0xdf, 0xfb, 0x00, 0x0f, 0xfe, 0x30, 0x03, 0xef, 0x60, 0x0f, 0xf4, 0x00, 0x00, 0x5f, 0xc0, 0x0f, 0xf0, 0x00,
  0x00, 0x0f, 0xe0, 0x0f, 0xf0, 0x00, 0x00, 0x1f, 0xe0, 0x0f, 0xf4, 0x00, 0x00, 0x5f, 0xb0, 0x0f, 0xfe, 0x30, 0x03, 0xef, 0x50, 0x0f, 0xfd, 0xfd,
  0xdf, 0xfa, 0x00, 0x0f, 0xf1, 0x9e, 0xfd, 0x60, 0x00, 0x00, 0x07, 0xdf, 0xd9, 0x10, 0x00, 0xcf, 0xfc, 0xef, 0xd1, 0x07, 0xfc, 0x10, 0x0b, 0xf8,
  0x0c, 0xf3, 0x00, 0x01, 0x43, 0x0f, 0xf0, 0x00, 0x00, 0x00, 0x0f, 0xf0, 0x00, 0x00, 0x00, 0x0c, 0xf3, 0x00, 0x01, 0x43, 0x07, 0xfc, 0x10, 0x0a,
  0xf8, 0x00, 0xcf, 0xfc, 0xef, 0xd1, 0x00, 0x07, 0xdf, 0xd9, 0x10, 0x00, 0x00, 0x00, 0x00, 0x0f, 0xf0, 0x00, 0x00, 0x00, 0x00, 0x0f, 0xf0, 0x00,
  0x00, 0x00, 0x00, 0x0f, 0xf0, 0x00, 0x07, 0xdf, 0xe8, 0x1f, 0xf0, 0x00, 0xbf, 0xfd, 0xdf, 0xdf, 0xf0, 0x06, 0xfe, 0x20, 0x03, 0xef, 0xf0, 0x0c,
  0xf4, 0x00, 0x00, 0x5f, 0xf0, 0x0f, 0xf0, 0x00, 0x00, 0x0f, 0xf0, 0x0f, 0xf0, 0x00, 0x00, 0x0f, 0xf0, 0x0c, 0xf5, 0x00, 0x00, 0x5f, 0xf0, 0x06,
  0xfe, 0x30, 0x03, 0xef, 0xf0, 0x00, 0xaf, 0xfd, 0xdf, 0xdf, 0xf0, 0x00, 0x07, 0xdf, 0xe9, 0x1f, 0xf0, 0x00, 0x08, 0xdf, 0xd8, 0x00, 0x00, 0xcf,
  0xfc, 0xff, 0xc0, 0x07, 0xfb, 0x00, 0x0a, 0xf7, 0x0c, 0xf1, 0x00, 0x01, 0xfc, 0x0f, 0xff, 0xff, 0xff, 0xfe, 0x0f, 0xfc, 0xcc, 0xcc, 0xcb, 0x0c,
  0xf2, 0x00, 0x00, 0x10, 0x06, 0xfb, 0x10, 0x0b, 0xf7, 0x00, 0xbf, 0xfc, 0xef, 0xc0, 0x00, 0x07, 0xdf, 0xd8, 0x00, 0x00, 0x01, 0x57, 0x00, 0x4f,
  0xff, 0x00, 0xcf, 0x94, 0x00, 0xff, 0x00, 0x0f, 0xff, 0xff, 0x0c, 0xff, 0xcc, 0x00, 0xff, 0x00, 0x00, 0xff, 0x00, 0x00, 0xff, 0x00, 0x00, 0xff,
  0x00, 0x00, 0xff, 0x00, 0x00, 0xff, 0x00, 0x00, 0xff, 0x00, 0x00, 0xff, 0x00, 0x00, 0x07, 0xdf, 0xe9, 0x1f, 0xf0, 0x00, 0xbf, 0xfd, 0xdf, 0xdf,
  0xf0, 0x06, 0xfe, 0x20, 0x03, 0xef, 0xf0, 0x0c, 0xf4, 0x00, 0x00, 0x5f, 0xf0, 0x0f, 0xf0, 0x00, 0x00, 0x0f, 0xf0, 0x0f, 0xf0, 0x00, 0x00, 0x0f,
  0xf0, 0x0c, 0xf5, 0x00, 0x00, 0x5f, 0xf0, 0x06, 0xfe, 0x30, 0x03, 0xef, 0xf0, 0x00, 0xaf, 0xfd, 0xdf, 0xcf, 0xf0, 0x00, 0x07, 0xdf, 0xe8, 0x0f,
  0xf0, 0x00, 0x00, 0x00, 0x00, 0x0f, 0xe0, 0x05, 0xa5, 0x00, 0x00, 0x4f, 0xc0, 0x03, 0xff, 0x40, 0x02, 0xdf, 0x60, 0x00, 0x9f, 0xfd, 0xdf, 0xfb,
  0x00, 0x00, 0x04, 0xbe, 0xfd, 0x70, 0x00, 0x0f, 0xf0, 0x00, 0x00, 0x00, 0x00, 0x0f, 0xf0, 0x00, 0x00, 0x00, 0x00, 0x0f, 0xf0, 0x00, 0x00, 0x00,
  0x00, 0x0f, 0xf3, 0xbf, 0xfb, 0x30, 0x00, 0x0f, 0xff, 0xfc, 0xff, 0xf2, 0x00, 0x0f, 0xfa, 0x00, 0x0b, 0xfa, 0x00, 0x0f, 0xf2, 0x00, 0x02, 0xfe,
  0x00, 0x0f, 0xf0, 0x00, 0x00, 0xff, 0x00, 0x0f, 0xf0, 0x00, 0x00, 0xff, 0x00, 0x0f, 0xf0, 0x00, 0x00, 0xff, 0x00, 0x0f, 0xf0, 0x00, 0x00, 0xff,
  0x00, 0x0f, 0xf0, 0x00, 0x00, 0xff, 0x00, 0x0f, 0xf0, 0x00, 0x00, 0xff, 0x00, 0x08, 0x80, 0x0f, 0xf0, 0x0b, 0xa0, 0x00, 0x00, 0x0f, 0xf0, 0x0f,
  0xf0, 0x0f, 0xf0, 0x0f, 0xf0, 0x0f, 0xf0, 0x0f, 0xf0, 0x0f, 0xf0, 0x0f, 0xf0, 0x0f, 0xf0, 0x0f, 0xf0, 0x00, 0x88, 0x00, 0x00, 0xff, 0x00, 0x00,
  0xba, 0x00, 0x00, 0x00, 0x00, 0x00, 0xff, 0x00, 0x00, 0xff, 0x00, 0x00, 0xff, 0x00, 0x00, 0xff, 0x00, 0x00, 0xff, 0x00, 0x00, 0xff, 0x00, 0x00,
  0xff, 0x00, 0x00, 0xff, 0x00, 0x00, 0xff, 0x00, 0x00, 0xff, 0x00, 0x00, 0xff, 0x00, 0x00, 0xff, 0x00, 0x00, 0xff, 0x00, 0x5d, 0xfc, 0x00, 0x8f,
  0xc2, 0x00, 0x0f, 0xf0, 0x00, 0x00, 0x00, 0x0f, 0xf0, 0x00, 0x00, 0x00, 0x0f, 0xf0, 0x00, 0x00, 0x00, 0x0f, 0xf0, 0x01, 0xef, 0x90, 0x0f, 0xf0,
  0x0c, 0xfb, 0x00, 0x0f, 0xf0, 0x9f, 0xd0, 0x00, 0x0f, 0xf5, 0xfe, 0x20, 0x00, 0x0f, 0xff, 0xf3, 0x00, 0x00, 0x0f, 0xff, 0xf3, 0x00, 0x00, 0x0f,
  0xf6, 0xfe, 0x10, 0x00, 0x0f, 0xf0, 0x9f, 0xd0, 0x00, 0x0f, 0xf0, 0x0c, 0xfb, 0x00, 0x0f, 0xf0, 0x01, 0xef, 0x90, 0x0f, 0xf0, 0x0f, 0xf0, 0x0f,
  0xf0, 0x0f, 0xf0, 0x0f, 0xf0, 0x0f, 0xf0, 0x0f, 0xf0, 0x0f, 0xf0, 0x0f, 0xf0, 0x0f, 0xf0, 0x0f, 0xf0, 0x0f, 0xf0, 0x0f, 0xf0, 0x0f, 0xf3, 0xbf,
  0xeb, 0x20, 0x3b, 0xfe, 0xb2, 0x00, 0x0f, 0xff, 0xfc, 0xff, 0xf6, 0xff, 0xcf, 0xff, 0x20, 0x0f, 0xfa, 0x00, 0x0b, 0xff, 0xb0, 0x00, 0xbf, 0xa0,
  0x0f, 0xf2, 0x00, 0x02, 0xff, 0x20, 0x00, 0x2f, 0xe0, 0x0f, 0xf0, 0x00, 0x00, 0xff, 0x00, 0x00, 0x0f, 0xf0, 0x0f, 0xf0, 0x00, 0x00, 0xff, 0x00,
  0x00, 0x0f, 0xf0, 0x0f, 0xf0, 0x00, 0x00, 0xff, 0x00, 0x00, 0x0f, 0xf0, 0x0f, 0xf0, 0x00, 0x00, 0xff, 0x00, 0x00, 0x0f, 0xf0, 0x0f, 0xf0, 0x00,
  0x00, 0xff, 0x00, 0x00, 0x0f, 0xf0, 0x0f, 0xf0, 0x00, 0x00, 0xff, 0x00, 0x00, 0x0f, 0xf0, 0x0f, 0xf3, 0xbf, 0xeb, 0x20, 0x00, 0x0f, 0xff, 0xfc,
  0xff, 0xf2, 0x00, 0x0f, 0xfa, 0x00, 0x0b, 0xfa, 0x00, 0x0f, 0xf2, 0x00, 0x02, 0xfe, 0x00, 0x0f, 0xf0, 0x00, 0x00, 0xff, 0x00, 0x0f, 0xf0, 0x00,
  0x00, 0xff, 0x00, 0x0f, 0xf0, 0x00, 0x00, 0xff, 0x00, 0x0f, 0xf0, 0x00, 0x00, 0xff, 0x00, 0x0f, 0xf0, 0x00, 0x00, 0xff, 0x00, 0x0f, 0xf0, 0x00,
  0x00, 0xff, 0x00, 0x00, 0x05, 0xcf, 0xfc, 0x50, 0x00, 0x00, 0xaf, 0xfd, 0xdf, 0xf9, 0x00, 0x05, 0xfd, 0x20, 0x03, 0xef, 0x50, 0x0c, 0xf4, 0x00,
  0x00, 0x5f, 0xb0, 0x0f, 0xf0, 0x00, 0x00, 0x0f, 0xe0, 0x0f, 0xf0, 0x00, 0x00, 0x0f, 0xe0, 0x0c, 0xf4, 0x00, 0x00, 0x5f, 0xb0, 0x06, 0xfd, 0x20,
  0x03, 0xef, 0x40, 0x00, 0xaf, 0xfd, 0xdf, 0xf8, 0x00, 0x00, 0x06, 0xcf, 0xeb, 0x40, 0x00, 0x0f, 0xf1, 0x9e, 0xfd, 0x70, 0x00, 0x0f, 0xfd, 0xfd,
  0xdf, 0xfb, 0x00, 0x0f, 0xfe, 0x30, 0x03, 0xef, 0x60, 0x0f, 0xf4, 0x00, 0x00, 0x5f, 0xc0, 0x0f, 0xf0, 0x00, 0x00, 0x0f, 0xe0, 0x0f, 0xf0, 0x00,
  0x00, 0x1f, 0xe0, 0x0f, 0xf4, 0x00, 0x00, 0x5f, 0xb0, 0x0f, 0xfe, 0x30, 0x03, 0xef, 0x50, 0x0f, 0xfd, 0xfd, 0xdf, 0xfa, 0x00, 0x0f, 0xf1, 0x9e,
  0xfd, 0x60, 0x00, 0x0f, 0xf0, 0x00, 0x00, 0x00, 0x00, 0x0f, 0xf0, 0x00, 0x00, 0x00, 0x00, 0x0f, 0xf0, 0x00, 0x00, 0x00, 0x00, 0x0f, 0xf0, 0x00,
  0x00, 0x00, 0x00, 0x0f, 0xf0, 0x00, 0x00, 0x00, 0x00, 0x00, 0x07, 0xdf, 0xe9, 0x1f, 0xf0, 0x00, 0xbf, 0xfd, 0xdf, 0xdf, 0xf0, 0x06, 0xfe, 0x20,
  0x03, 0xef, 0xf0, 0x0c, 0xf4, 0x00, 0x00, 0x5f, 0xf0, 0x0f, 0xf0, 0x00, 0x00, 0x0f, 0xf0, 0x0f, 0xf0, 0x00, 0x00, 0x0f, 0xf0, 0x0c, 0xf5, 0x00,
  0x00, 0x5f, 0xf0, 0x06, 0xfe, 0x30, 0x03, 0xef, 0xf0, 0x00, 0xbf, 0xfd, 0xdf, 0xdf, 0xf0, 0x00, 0x07, 0xdf, 0xe8, 0x1f, 0xf0, 0x00, 0x00, 0x00,
  0x00, 0x0f, 0xf0, 0x00, 0x00, 0x00, 0x00, 0x0f, 0xf0, 0x00, 0x00, 0x00, 0x00, 0x0f, 0xf0, 0x00, 0x00, 0x00, 0x00, 0x0f, 0xf0, 0x00, 0x00, 0x00,
  0x00, 0x0f, 0xf0, 0x0f, 0xf4, 0xd7, 0x00, 0x0f, 0xff, 0xd6, 0x00, 0x0f, 0xf8, 0x00, 0x00, 0x0f, 0xf1, 0x00, 0x00, 0x0f, 0xf0, 0x00, 0x00, 0x0f,
  0xf0, 0x00, 0x00, 0x0f, 0xf0, 0x00, 0x00, 0x0f, 0xf0, 0x00, 0x00, 0x0f, 0xf0, 0x00, 0x00, 0x0f, 0xf0, 0x00, 0x00, 0x00, 0x8d, 0xfd, 0x70, 0x00,
  0x09, 0xfe, 0xcf, 0xf8, 0x00, 0x0f, 0xf1, 0x05, 0xfe, 0x00, 0x0e, 0xf5, 0x00, 0x22, 0x00, 0x05, 0xff, 0xd8, 0x20, 0x00, 0x00, 0x28, 0xdf, 0xf5,
  0x00, 0x02, 0x20, 0x04, 0xfe, 0x00, 0x0e, 0xf2, 0x02, 0xff, 0x00, 0x07, 0xff, 0xcf, 0xf9, 0x00, 0x00, 0x6d, 0xfe, 0x80, 0x00, 0x00, 0xff, 0x00,
  0x00, 0xff, 0x00, 0x0f, 0xff, 0xff, 0x0c, 0xff, 0xcc, 0x00, 0xff, 0x00, 0x00, 0xff, 0x00, 0x00, 0xff, 0x00, 0x00, 0xff, 0x00, 0x00, 0xff, 0x00,
  0x00, 0xef, 0x00, 0x00, 0xcf, 0xdb, 0x00, 0x3c, 0xff, 0x0f, 0xf0, 0x00, 0x00, 0xff, 0x00, 0x0f, 0xf0, 0x00, 0x00, 0xff, 0x00, 0x0f, 0xf0, 0x00,
  0x00, 0xff, 0x00, 0x0f, 0xf0, 0x00, 0x00, 0xff, 0x00, 0x0f, 0xf0, 0x00, 0x00, 0xff, 0x00, 0x0f, 0xf0, 0x00, 0x00, 0xff, 0x00, 0x0e, 0xf2, 0x00,
  0x02, 0xff, 0x00, 0x0b, 0xfa, 0x00, 0x0b, 0xff, 0x00, 0x03, 0xff, 0xec, 0xff, 0xff, 0x00, 0x00, 0x3b, 0xff, 0xb3, 0xff, 0x00, 0xaf, 0x60, 0x00,
  0x09, 0xf6, 0x4f, 0xb0, 0x00, 0x0e, 0xf1, 0x0e, 0xf1, 0x00, 0x4f, 0xb0, 0x09, 0xf6, 0x00, 0x9f, 0x50, 0x03, 0xfb, 0x00, 0xef, 0x00, 0x00, 0xdf,
  0x14, 0xfa, 0x00, 0x00, 0x8f, 0x69, 0xf4, 0x00, 0x00, 0x2f, 0xbe, 0xe0, 0x00, 0x00, 0x0d, 0xff, 0x90, 0x00, 0x00, 0x07, 0xff, 0x30, 0x00, 0xaf,
  0x40, 0x00, 0xff, 0x30, 0x02, 0xfb, 0x6f, 0x80, 0x04, 0xff, 0x70, 0x06, 0xf6, 0x1f, 0xb0, 0x08, 0xff, 0xb0, 0x0a, 0xf2, 0x0c, 0xf0, 0x0c, 0xcc,
  0xe0, 0x0e, 0xd0, 0x08, 0xf3, 0x0f, 0x88, 0xf2, 0x2f, 0x80, 0x03, 0xf7, 0x4f, 0x43, 0xf6, 0x6f, 0x40, 0x00, 0xeb, 0x8f, 0x00, 0xfa, 0xaf, 0x00,
  0x00, 0xaf, 0xcc, 0x00, 0xbe, 0xda, 0x00, 0x00, 0x5f, 0xf8, 0x00, 0x7f, 0xf6, 0x00, 0x00, 0x1f, 0xf4, 0x00, 0x3f, 0xf1, 0x00, 0x8f, 0xa0, 0x00,
  0xee, 0x10, 0x0e, 0xf4, 0x08, 0xf6, 0x00, 0x05, 0xfd, 0x2f, 0xc0, 0x00, 0x00, 0xbf, 0xef, 0x20, 0x00, 0x00, 0x2f, 0xf8, 0x00, 0x00, 0x00, 0x1f,
  0xf9, 0x00, 0x00, 0x00, 0xaf, 0xef, 0x30, 0x00, 0x04, 0xf9, 0x6f, 0xc0, 0x00, 0x0d, 0xf1, 0x0c, 0xf6, 0x00, 0x8f, 0x70, 0x03, 0xfe, 0x10, 0xaf,
  0x70, 0x00, 0x07, 0xf8, 0x4f, 0xd0, 0x00, 0x0d, 0xf2, 0x0e, 0xf2, 0x00, 0x2f, 0xb0, 0x08, 0xf8, 0x00, 0x8f, 0x50, 0x02, 0xfd, 0x00, 0xdf, 0x00,
  0x00, 0xcf, 0x33, 0xf9, 0x00, 0x00, 0x7f, 0x89, 0xf3, 0x00, 0x00, 0x1f, 0xde, 0xd0, 0x00, 0x00, 0x0b, 0xff, 0x70, 0x00, 0x00, 0x05, 0xff, 0x10,
  0x00, 0x00, 0x05, 0xfb, 0x00, 0x00, 0x00, 0x0b, 0xf4, 0x00, 0x00, 0x00, 0x1f, 0xe0, 0x00, 0x00, 0x00, 0x7f, 0x80, 0x00, 0x00, 0x00, 0xdf, 0x20,
  0x00, 0x00, 0x0f, 0xff, 0xff, 0xf0, 0x0c, 0xcc, 0xcf, 0xf0, 0x00, 0x00, 0x8f, 0x80, 0x00, 0x02, 0xfe, 0x00, 0x00, 0x0b, 0xf5, 0x00, 0x00, 0x5f,
  0xb0, 0x00, 0x00, 0xef, 0x20, 0x00, 0x08, 0xf8, 0x00, 0x00, 0x0f, 0xfc, 0xcc, 0xc0, 0x0f, 0xff, 0xff, 0xf0, 0x00, 0x00, 0x2c, 0xf8, 0x00, 0x00,
  0x00, 0xcf, 0xd6, 0x00, 0x00, 0x00, 0xff, 0x00, 0x00, 0x00, 0x00, 0xff, 0x00, 0x00, 0x00, 0x00, 0xff, 0x00, 0x00, 0x00, 0x00, 0xff, 0x00, 0x00,
  0x00, 0x00, 0xff, 0x00, 0x00, 0x00, 0x00, 0xff, 0x00, 0x00, 0x00, 0x04, 0xfd, 0x00, 0x00, 0x00, 0x6f, 0xd3, 0x00, 0x00, 0x00, 0x6f, 0xd3, 0x00,
  0x00, 0x00, 0x04, 0xfd, 0x00, 0x00, 0x00, 0x00, 0xff, 0x00, 0x00, 0x00, 0x00, 0xff, 0x00, 0x00, 0x00, 0x00, 0xff, 0x00, 0x00, 0x00, 0x00, 0xff,
  0x00, 0x00, 0x00, 0x00, 0xff, 0x00, 0x00, 0x00, 0x00, 0xff, 0x00, 0x00, 0x00, 0x00, 0xcf, 0xe6, 0x00, 0x00, 0x00, 0x2c, 0xf8, 0x00, 0x00, 0xff,
  0x00, 0x00, 0xff, 0x00, 0x00, 0xff, 0x00, 0x00, 0xff, 0x00, 0x00, 0xff, 0x00, 0x00, 0xff, 0x00, 0x00, 0xff, 0x00, 0x00, 0xff, 0x00, 0x00, 0xff,
  0x00, 0x00, 0xff, 0x00, 0x00, 0xff, 0x00, 0x00, 0xff, 0x00, 0x00, 0xff, 0x00, 0x00, 0xff, 0x00, 0x00, 0xff, 0x00, 0x00, 0xff, 0x00, 0x08, 0xf9,
  0x00, 0x00, 0x00, 0x06, 0xff, 0x50, 0x00, 0x00, 0x00, 0x7f, 0x80, 0x00, 0x00, 0x00, 0x5f, 0x90, 0x00, 0x00, 0x00, 0x1f, 0xa0, 0x00, 0x00, 0x00,
  0x0f, 0xc0, 0x00, 0x00, 0x00, 0x0f, 0xe0, 0x00, 0x00, 0x00, 0x0f, 0xf0, 0x00, 0x00, 0x00, 0x0d, 0xf4, 0x00, 0x00, 0x00, 0x04, 0xdf, 0x60, 0x00,
  0x00, 0x04, 0xdf, 0x60, 0x00, 0x00, 0x0d, 0xf4, 0x00, 0x00, 0x00, 0x0f, 0xf0, 0x00, 0x00, 0x00, 0x2f, 0xe0, 0x00, 0x00, 0x00, 0x5f, 0xc0, 0x00,
  0x00, 0x00, 0x7f, 0xa0, 0x00, 0x00, 0x00, 0x7f, 0x90, 0x00, 0x00, 0x00, 0x7f, 0x80, 0x00, 0x00, 0x06, 0xff, 0x50, 0x00, 0x00, 0x08, 0xf9, 0x00,
  0x00, 0x00, 0x03, 0xcf, 0x91, 0x0c, 0xa0, 0x0e, 0xfd, 0xff, 0xdf, 0x40, 0x4f, 0x30, 0x6e, 0xe7, 0x00, 0x00, 0x00, 0x00, 0x00, 0x00, 0x00, 0x00,
  0x00, 0x00, 0x00, 0x00, 0x00, 0x00, 0x00, 0x00, 0x00, 0x00, 0x00, 0x00, 0x00, 0x00, 0x06, 0xcf, 0xec, 0x50, 0x00, 0x00, 0xaf, 0xfd, 0xdf, 0xf7,
  0x00, 0x05, 0xfd, 0x20, 0x05, 0xff, 0x20, 0x0c, 0xf4, 0x00, 0x00, 0x45, 0x20, 0x0e, 0xf0, 0x00, 0x00, 0x00, 0x00, 0x0f, 0xf0, 0x00, 0x00, 0x00,
  0x00, 0x0d, 0xf2, 0x00, 0x00, 0x00, 0x00, 0x08, 0xfa, 0x00, 0x01, 0xef, 0x40, 0x01, 0xef, 0xc8, 0x8e, 0xfa, 0x00, 0x00, 0x2c, 0xff, 0xff, 0x80,
  0x00, 0x00, 0x00, 0x2f, 0x70, 0x00, 0x00, 0x00, 0x00, 0x0f, 0xfc, 0x30, 0x00, 0x00, 0x00, 0x03, 0x5f, 0xd0, 0x00, 0x00, 0x00, 0xcc, 0xdf, 0xd0,
  0x00, 0x00, 0x00, 0xff, 0xfd, 0x30, 0x00, 0x00, 0x04, 0xa0, 0x03, 0xc0, 0x00, 0x00, 0x03, 0xfe, 0xcf, 0xd0, 0x00, 0x00, 0x00, 0x6e, 0xfc, 0x20,
  0x00, 0x00, 0x00, 0x00, 0x00, 0x00, 0x00, 0x00, 0x07, 0xdf, 0xe9, 0x1f, 0xf0, 0x00, 0xbf, 0xfd, 0xdf, 0xdf, 0xf0, 0x06, 0xfe, 0x20, 0x03, 0xef,
  0xf0, 0x0c, 0xf4, 0x00, 0x00, 0x5f, 0xf0, 0x0f, 0xf0, 0x00, 0x00, 0x0f, 0xf0, 0x0f, 0xf0, 0x00, 0x00, 0x0f, 0xf0, 0x0c, 0xf5, 0x00, 0x00, 0x5f,
  0xf0, 0x06, 0xfe, 0x30, 0x03, 0xef, 0xf0, 0x00, 0xaf, 0xfd, 0xdf, 0xcf, 0xf0, 0x00, 0x07, 0xdf, 0xe8, 0x0f, 0xf0, 0x00, 0x00, 0x00, 0x00, 0x0f,
  0xe0, 0x05, 0xa5, 0x00, 0x00, 0x4f, 0xc0, 0x03, 0xfe, 0x40, 0x02, 0xdf, 0x60, 0x00, 0x9f, 0xfd, 0xdf, 0xfb, 0x00, 0x00, 0x04, 0xbe, 0xfd, 0x70,
  0x00, 0x0f, 0xf0, 0x0f, 0xf0, 0x0f, 0xf0, 0x0f, 0xf0, 0x0f, 0xf0, 0x0f, 0xf0, 0x0f, 0xf0, 0x0f, 0xf0, 0x0f, 0xf0, 0x0f, 0xf0, 0x00, 0x0c, 0xc0,
  0xcc, 0x00, 0x00, 0x00, 0x08, 0x80, 0x88, 0x00, 0x00, 0x00, 0x00, 0x00, 0x00, 0x00, 0x00, 0x00, 0x05, 0xcf, 0xfc, 0x50, 0x00, 0x00, 0xaf, 0xfd,
  0xdf, 0xf9, 0x00, 0x05, 0xfd, 0x20, 0x03, 0xef, 0x50, 0x0c, 0xf4, 0x00, 0x00, 0x5f, 0xb0, 0x0f, 0xf0, 0x00, 0x00, 0x0f, 0xe0, 0x0f, 0xf0, 0x00,
  0x00, 0x0f, 0xe0, 0x0c, 0xf4, 0x00, 0x00, 0x5f, 0xb0, 0x06, 0xfd, 0x20, 0x03, 0xef, 0x40, 0x00, 0xaf, 0xfd, 0xdf, 0xf8, 0x00, 0x00, 0x06, 0xcf,
  0xeb, 0x40, 0x00, 0x00, 0x7d, 0xfd, 0x70, 0x00, 0x09, 0xff, 0xcf, 0xf7, 0x00, 0x0f, 0xf1, 0x04, 0xfd, 0x00, 0x0e, 0xf4, 0x00, 0x33, 0x00, 0x07,
  0xff, 0xc7, 0x10, 0x00, 0x00, 0x5b, 0xff, 0xe4, 0x00, 0x00, 0x00, 0x18, 0xfd, 0x00, 0x0d, 0xe0, 0x00, 0xff, 0x00, 0x09, 0xfc, 0x7b, 0xfb, 0x00,
  0x00, 0x9f, 0xff, 0xd2, 0x00, 0x00, 0x01, 0xf7, 0x00, 0x00, 0x00, 0x00, 0xef, 0xd3, 0x00, 0x00, 0x00, 0x25, 0xfd, 0x00, 0x00, 0x0a, 0xcd, 0xfd,
  0x00, 0x00, 0x0d, 0xff, 0xd3, 0x00, 0x00, 0x0c, 0xc0, 0xcc, 0x00, 0x00, 0x00, 0x08, 0x80, 0x88, 0x00, 0x00, 0x00, 0x00, 0x00, 0x00, 0x00, 0x00,
  0x0f, 0xf0, 0x00, 0x00, 0xff, 0x00, 0x0f, 0xf0, 0x00, 0x00, 0xff, 0x00, 0x0f, 0xf0, 0x00, 0x00, 0xff, 0x00, 0x0f, 0xf0, 0x00, 0x00, 0xff, 0x00,
  0x0f, 0xf0, 0x00, 0x00, 0xff, 0x00, 0x0f, 0xf0, 0x00, 0x00, 0xff, 0x00, 0x0e, 0xf2, 0x00, 0x02, 0xff, 0x00, 0x0b, 0xfb, 0x00, 0x0b, 0xff, 0x00,
  0x03, 0xff, 0xfc, 0xff, 0xff, 0x00, 0x00, 0x3b, 0xff, 0xb3, 0xff, 0x00, 0x00, 0x00, 0x6c, 0xef, 0xd8, 0x10, 0x00, 0x00, 0x1c, 0xff, 0xdc, 0xff,
  0xe3, 0x00, 0x00, 0xcf, 0xa1, 0x00, 0x09, 0xff, 0x10, 0x06, 0xfb, 0x00, 0x00, 0x00, 0x8a, 0x50, 0x0c, 0xf4, 0x00, 0x00, 0x00, 0x00, 0x00, 0x0e,
  0xf0, 0x00, 0x00, 0x00, 0x00, 0x00, 0x0f, 0xf0, 0x00, 0x00, 0x00, 0x00, 0x00, 0x0d, 0xf2, 0x00, 0x00, 0x00, 0x00, 0x00, 0x08, 0xf8, 0x00, 0x00,
  0x00, 0x35, 0x20, 0x01, 0xff, 0x50, 0x00, 0x04, 0xff, 0x30, 0x00, 0x4f, 0xfc, 0x87, 0xbf, 0xf6, 0x00, 0x00, 0x03, 0xbf, 0xff, 0xfb, 0x30, 0x00,
  0x00, 0x00, 0x01, 0xd8, 0x00, 0x00, 0x00, 0x00, 0x00, 0x00, 0xcf, 0xc3, 0x00, 0x00, 0x00, 0x00, 0x00, 0x25, 0xfd, 0x00, 0x00, 0x00, 0x00, 0x00,
  0x02, 0xff, 0x00, 0x00, 0x00, 0x00, 0x0a, 0xff, 0xfb, 0x00, 0x00, 0x00, 0x00, 0x08, 0xcc, 0x91, 0x00, 0x00, 0x00, 0x00, 0xb7, 0x02, 0xf5, 0x00,
  0x00, 0x00, 0x00, 0x7f, 0xff, 0xf1, 0x00, 0x00, 0x00, 0x00, 0x07, 0xba, 0x30, 0x00, 0x00, 0x00, 0x00, 0x00, 0x00, 0x00, 0x00, 0x00, 0x00, 0x00,
  0x6c, 0xef, 0xd8, 0x10, 0x00, 0x00, 0x2d, 0xff, 0xdd, 0xff, 0xe4, 0x00, 0x00, 0xdf, 0x91, 0x00, 0x1a, 0xff, 0x20, 0x07, 0xfa, 0x00, 0x00, 0x00,
  0x45, 0x20, 0x0c, 0xf3, 0x00, 0x00, 0x00, 0x00, 0x00, 0x0f, 0xf0, 0x00, 0xff, 0xff, 0xff, 0xf0, 0x0f, 0xf0, 0x00, 0xaa, 0xaa, 0xbf, 0xf0, 0x0c,
  0xf3, 0x00, 0x00, 0x00, 0x7f, 0xc0, 0x07, 0xfb, 0x00, 0x00, 0x00, 0xef, 0x60, 0x00, 0xdf, 0xa2, 0x00, 0x2c, 0xfc, 0x00, 0x00, 0x2d, 0xff, 0xee,
  0xff, 0xd1, 0x00, 0x00, 0x00, 0x6c, 0xef, 0xc7, 0x00, 0x00, 0x09, 0x80, 0x0c, 0xb0, 0x00, 0x00, 0x00, 0x00, 0x0f, 0xf0, 0x0f, 0xf0, 0x0f, 0xf0,
  0x0f, 0xf0, 0x0f, 0xf0, 0x0f, 0xf0, 0x0f, 0xf0, 0x0f, 0xf0, 0x0f, 0xf0, 0x0f, 0xf0, 0x0f, 0xf0, 0x0f, 0xf0, 0x00, 0x00, 0x09, 0x80, 0x88, 0x00,
  0x00, 0x00, 0x00, 0x0c, 0xb0, 0xbc, 0x00, 0x00, 0x00, 0x00, 0x00, 0x00, 0x00, 0x00, 0x00, 0x00, 0x00, 0x00, 0x00, 0x00, 0x00, 0x00, 0x00, 0x00,
  0x7c, 0xef, 0xc7, 0x00, 0x00, 0x00, 0x2d, 0xff, 0xdd, 0xff, 0xd2, 0x00, 0x00, 0xdf, 0x91, 0x00, 0x19, 0xfd, 0x00, 0x07, 0xfa, 0x00, 0x00, 0x00,
  0xaf, 0x70, 0x0c, 0xf3, 0x00, 0x00, 0x00, 0x3f, 0xc0, 0x0f, 0xf0, 0x00, 0x00, 0x00, 0x0f, 0xf0, 0x0f, 0xf0, 0x00, 0x00, 0x00, 0x0f, 0xe0, 0x0c,
  0xf3, 0x00, 0x00, 0x00, 0x3f, 0xc0, 0x07, 0xfb, 0x00, 0x00, 0x00, 0xbf, 0x70, 0x00, 0xdf, 0x91, 0x00, 0x19, 0xfd, 0x00, 0x00, 0x2d, 0xff, 0xdd,
  0xff, 0xd2, 0x00, 0x00, 0x00, 0x7c, 0xff, 0xc7, 0x00, 0x00, 0x00, 0x4c, 0xfe, 0xb2, 0x00, 0x04, 0xff, 0xde, 0xff, 0x20, 0x0c, 0xf5, 0x00, 0xcf,
  0xa0, 0x0f, 0xf0, 0x00, 0x37, 0x60, 0x0e, 0xf5, 0x00, 0x00, 0x00, 0x08, 0xff, 0xb5, 0x00, 0x00, 0x00, 0x7e, 0xff, 0xf8, 0x00, 0x00, 0x00, 0x4a,
  0xff, 0x80, 0x00, 0x00, 0x00, 0x5f, 0xe0, 0x08, 0x90, 0x00, 0x0f, 0xf0, 0x0d, 0xf6, 0x00, 0x5f, 0xc0, 0x05, 0xff, 0xcb, 0xff, 0x40, 0x00, 0x5d,
  0xff, 0xc4, 0x00, 0x00, 0x00, 0xa8, 0x00, 0x00, 0x00, 0x00, 0xaf, 0xd4, 0x00, 0x00, 0x00, 0x25, 0xfe, 0x00, 0x00, 0x07, 0xff, 0xfd, 0x00, 0x00,
  0x05, 0xcc, 0xa2, 0x00, 0x00, 0x08, 0x80, 0x88, 0x00, 0x00, 0x00, 0x0b, 0xc0, 0xbc, 0x00, 0x00, 0x00, 0x00, 0x00, 0x00, 0x00, 0x00, 0x00, 0x00,
  0x00, 0x00, 0x00, 0x00, 0x0f, 0xf0, 0x00, 0x00, 0xff, 0x00, 0x0f, 0xf0, 0x00, 0x00, 0xff, 0x00, 0x0f, 0xf0, 0x00, 0x00, 0xff, 0x00, 0x0f, 0xf0,
  0x00, 0x00, 0xff, 0x00, 0x0f, 0xf0, 0x00, 0x00, 0xff, 0x00, 0x0f, 0xf0, 0x00, 0x00, 0xff, 0x00, 0x0f, 0xf0, 0x00, 0x00, 0xff, 0x00, 0x0f, 0xf0,
  0x00, 0x00, 0xff, 0x00, 0x0e, 0xf1, 0x00, 0x02, 0xfe, 0x00, 0x09, 0xfa, 0x00, 0x0a, 0xf9, 0x00, 0x01, 0xef, 0xec, 0xef, 0xe1, 0x00, 0x00, 0x19,
  0xef, 0xe9, 0x10, 0x00, 0x00, 0x7d, 0xfd, 0x70, 0x08, 0xf8, 0x09, 0xf8, 0x0e, 0xf0, 0x01, 0xfe, 0x0e, 0xf0, 0x01, 0xfe, 0x08, 0xf8, 0x08, 0xf7,
  0x00, 0x7d, 0xfd, 0x70, 0x00, 0x00, 0x00, 0x00, 0x00, 0x00, 0x00, 0x00, 0x00, 0x00, 0x00, 0x00, 0x00, 0x00, 0x00, 0x00, 0x00, 0x00, 0x00, 0x00,
  0x00, 0x00, 0x00, 0x00, 0x08, 0x80, 0x0f, 0xe0, 0x0b, 0xa0, 0x00, 0x00, 0x00, 0x00, 0x00, 0x00, 0x00, 0x00, 0x00, 0x00, 0x08, 0x80, 0x08, 0x80,
  0x07, 0x90, 0x0f, 0xe0, 0x0e, 0xf0, 0x0e, 0xf0, 0x0b, 0xa0, 0x0a, 0xb0, 0x0a, 0xb0, 0x0c, 0xcc, 0xcc, 0xcc, 0xcc, 0x00, 0x0f, 0xff, 0xff, 0xff,
  0xff, 0x00, 0x00, 0x00, 0x00, 0x00, 0x00, 0x00, 0x00, 0x00, 0x00, 0x00, 0x00, 0x00, 0x00, 0x00, 0x00, 0x00, 0x00, 0x00, 0x00, 0x00, 0x00, 0x00,
  0x00, 0x00, 0x00, 0x00, 0x00, 0x00, 0x00, 0x00, 0x00, 0x00, 0x00, 0x00, 0x00, 0x00,
};
STATIC CONST GLYPH mFontMediumGlyphs[] = {
  { 0x0020, 0, 0, 0, 0, 4, 0 },
  { 0x0021, 5, 12, 0, 6, 5, 0 },
  { 0x0022, 5, 15, 0, 3, 5, 36 },
  { 0x0023, 15, 13, 0, 5, 15, 81 },
  { 0x0024, 11, 16, 0, 4, 11, 185 },
  { 0x0025, 14, 12, 0, 6, 14, 281 },
  { 0x0026, 14, 12, 0, 6, 13, 365 },
  { 0x0027, 3, 15, 0, 3, 3, 449 },
  { 0x0028, 8, 20, 0, 1, 8, 479 },
  { 0x0029, 8, 20, 0, 1, 8, 559 },
  { 0x002a, 9, 13, 0, 5, 9, 639 },
  { 0x002b, 12, 11, 0, 7, 12, 704 },
  { 0x002c, 4, 5, 0, 15, 4, 770 },
  { 0x002d, 10, 8, 0, 10, 10, 780 },
  { 0x002e, 4, 3, 0, 15, 4, 820 },
  { 0x002f, 9, 20, 0, 1, 9, 826 },
  { 0x0030, 11, 13, 0, 5, 11, 926 },
  { 0x0031, 6, 13, 0, 5, 6, 1004 },
  { 0x0032, 10, 13, 0, 5, 10, 1043 },
  { 0x0033, 10, 13, 0, 5, 10, 1108 },
  { 0x0034, 11, 13, 0, 5, 11, 1173 },
  { 0x0035, 11, 13, 0, 5, 11, 1251 },
  { 0x0036, 11, 13, 0, 5, 11, 1329 },
  { 0x0037, 10, 13, 0, 5, 10, 1407 },
  { 0x0038, 11, 13, 0, 5, 11, 1472 },
  { 0x0039, 11, 13, 0, 5, 11, 1550 },
  { 0x003a, 4, 10, 0, 8, 4, 1628 },
  { 0x003b, 5, 13, 0, 8, 5, 1648 },
  { 0x003c, 10, 10, 0, 8, 10, 1687 },
  { 0x003d, 13, 10, 0, 8, 13, 1737 },
  { 0x003e, 10, 10, 0, 8, 10, 1807 },
  { 0x003f, 9, 12, 0, 6, 9, 1857 },
  { 0x0040, 17, 16, 0, 6, 17, 1917 },
  { 0x0041, 12, 12, 0, 6, 12, 2061 },
  { 0x0042, 11, 12, 0, 6, 11, 2133 },
  { 0x0043, 13, 12, 0, 6, 13, 2205 },
  { 0x0044, 12, 12, 0, 6, 12, 2289 },
  { 0x0045, 9, 12, 0, 6, 9, 2361 },
  { 0x0046, 9, 12, 0, 6, 9, 2421 },
  { 0x0047, 13, 12, 0, 6, 13, 2481 },
  { 0x0048, 12, 12, 0, 6, 12, 2565 },
  { 0x0049, 4, 12, 0, 6, 4, 2637 },
  { 0x004a, 10, 12, 0, 6, 10, 2661 },
  { 0x004b, 11, 12, 0, 6, 11, 2721 },
  { 0x004c, 8, 12, 0, 6, 8, 2793 },
  { 0x004d, 15, 12, 0, 6, 15, 2841 },
  { 0x004e, 12, 12, 0, 6, 12, 2937 },
  { 0x004f, 13, 12, 0, 6, 13, 3009 },
  { 0x0050, 10, 12, 0, 6, 10, 3093 },
  { 0x0051, 14, 14, 0, 6, 13, 3153 },
  { 0x0052, 11, 12, 0, 6, 11, 3251 },
  { 0x0053, 10, 12, 0, 6, 10, 3323 },
  { 0x0054, 10, 12, 0, 6, 10, 3383 },
  { 0x0055, 12, 12, 0, 6, 12, 3443 },
  { 0x0056, 12, 12, 0, 6, 12, 3515 },
  { 0x0057, 17, 12, 0, 6, 17, 3587 },
  { 0x0058, 11, 12, 0, 6, 11, 3695 },
  { 0x0059, 10, 12, 0, 6, 10, 3767 },
  { 0x005a, 9, 12, 0, 6, 9, 3827 },
  { 0x005b, 8, 20, 0, 1, 8, 3887 },
  { 0x005c, 12, 20, 0, 1, 12, 3967 },
  { 0x005d, 8, 20, 0, 1, 8, 4087 },
  { 0x005e, 11, 13, 0, 5, 11, 4167 },
  { 0x005f, 14, 3, 0, 18, 14, 4245 },
  { 0x0060, 5, 15, 0, 3, 4, 4266 },
  { 0x0061, 12, 10, 0, 8, 12, 4311 },
  { 0x0062, 12, 13, 0, 5, 12, 4371 },
  { 0x0063, 10, 10, 0, 8, 10, 4449 },
  { 0x0064, 12, 13, 0, 5, 12, 4499 },
  { 0x0065, 10, 10, 0, 8, 10, 4577 },
  { 0x0066, 6, 14, 0, 4, 6, 4627 },
  { 0x0067, 12, 15, 0, 8, 12, 4669 },
  { 0x0068, 11, 13, 0, 5, 11, 4759 },
  { 0x0069, 4, 14, 0, 4, 4, 4837 },
  { 0x006a, 5, 19, -1, 4, 4, 4865 },
  { 0x006b, 10, 13, 0, 5, 9, 4922 },
  { 0x006c, 4, 13, 0, 5, 4, 4987 },
  { 0x006d, 18, 10, 0, 8, 18, 5013 },
  { 0x006e, 11, 10, 0, 8, 11, 5103 },
  { 0x006f, 11, 10, 0, 8, 11, 5163 },
  { 0x0070, 12, 15, 0, 8, 12, 5223 },
  { 0x0071, 12, 15, 0, 8, 12, 5313 },
  { 0x0072, 7, 10, 0, 8, 7, 5403 },
  { 0x0073, 9, 10, 0, 8, 9, 5443 },
  { 0x0074, 6, 12, 0, 6, 6, 5493 },
  { 0x0075, 11, 10, 0, 8, 11, 5529 },
  { 0x0076, 10, 10, 0, 8, 10, 5589 },
  { 0x0077, 14, 10, 0, 8, 14, 5639 },
  { 0x0078, 9, 10, 0, 8, 8, 5709 },
  { 0x0079, 10, 15, 0, 8, 10, 5759 },
  { 0x007a, 8, 10, 0, 8, 8, 5834 },
  { 0x007b, 9, 20, 0, 1, 9, 5874 },
  { 0x007c, 6, 16, 0, 4, 6, 5974 },
  { 0x007d, 9, 20, 0, 1, 9, 6022 },
  { 0x007e, 9, 7, 0, 11, 9, 6122 },
  { 0x00e7, 11, 15, 0, 8, 10, 6157 },
  { 0x011f, 12, 19, 0, 4, 12, 6247 },
  { 0x0131, 4, 10, 0, 8, 4, 6361 },
  { 0x00f6, 11, 13, 0, 5, 11, 6381 },
  { 0x015f, 9, 15, 0, 8, 9, 6459 },
  { 0x00fc, 11, 13, 0, 5, 11, 6534 },
  { 0x00c7, 13, 18, 0, 6, 13, 6612 },
  { 0x011e, 13, 16, 0, 2, 13, 6738 },
  { 0x0130, 4, 16, 0, 2, 4, 6850 },
  { 0x00d6, 13, 16, 0, 2, 13, 6882 },
  { 0x015e, 10, 18, 0, 6, 10, 6994 },
  { 0x00dc, 12, 16, 0, 2, 12, 7084 },
  { 0x00b0, 8, 12, 0, 6, 7, 7180 },
  { 0x00b7, 4, 8, 0, 10, 4, 7228 },
  { 0x2026, 12, 3, 0, 15, 11, 7244 },
  { 0x2013, 12, 8, 0, 10, 12, 7262 },
};
STATIC CONST FONT mFontMedium = { 24, 18, 111, mFontMediumGlyphs, mFontMediumData };
STATIC CONST UINT8 mFontNavData[] = {
  0x00, 0xff, 0x10, 0x00, 0xff, 0x10, 0x00, 0xff, 0x10, 0x00, 0xff, 0x10, 0x00, 0xff, 0x10, 0x00, 0xff, 0x10, 0x00, 0xff, 0x10, 0x00, 0xff, 0x10,
  0x00, 0x00, 0x00, 0x00, 0x89, 0x00, 0x00, 0xff, 0x00, 0x00, 0xac, 0x00, 0x0f, 0xf1, 0xff, 0x10, 0x0f, 0xf1, 0xff, 0x10, 0x0f, 0xf1, 0xff, 0x10,
  0x0f, 0xf1, 0xff, 0x10, 0x00, 0x00, 0x00, 0x00, 0x00, 0x00, 0x00, 0x00, 0x00, 0x00, 0x00, 0x00, 0x00, 0x00, 0x00, 0x00, 0x00, 0x00, 0x00, 0x00,
  0x00, 0x00, 0x00, 0x00, 0x00, 0x00, 0x00, 0x00, 0x00, 0x00, 0x00, 0x00, 0x00, 0x00, 0x00, 0x00, 0x00, 0x00, 0x00, 0x00, 0x00, 0x00, 0x00, 0x00,
  0x00, 0x00, 0x03, 0xfb, 0x00, 0x0b, 0xf3, 0x00, 0x00, 0x00, 0x07, 0xf7, 0x00, 0x0f, 0xf0, 0x00, 0x00, 0x00, 0x0b, 0xf4, 0x00, 0x3f, 0xc0, 0x00,
  0x00, 0xff, 0xff, 0xff, 0xff, 0xff, 0xff, 0xf0, 0x00, 0xcc, 0xdf, 0xfc, 0xcc, 0xef, 0xdc, 0xc0, 0x00, 0x00, 0x5f, 0x90, 0x00, 0xdf, 0x20, 0x00,
  0x00, 0x00, 0x9f, 0x60, 0x00, 0xfe, 0x00, 0x00, 0x00, 0x00, 0xcf, 0x30, 0x04, 0xfb, 0x00, 0x00, 0x0f, 0xff, 0xff, 0xff, 0xff, 0xff, 0xff, 0x00,
  0x0c, 0xcd, 0xfe, 0xcc, 0xcf, 0xfd, 0xcc, 0x00, 0x00, 0x06, 0xf8, 0x00, 0x0e, 0xf1, 0x00, 0x00, 0x00, 0x0a, 0xf5, 0x00, 0x2f, 0xd0, 0x00, 0x00,
  0x00, 0x0e, 0xf1, 0x00, 0x5f, 0x90, 0x00, 0x00, 0x00, 0x00, 0x2f, 0x00, 0x00, 0x00, 0x00, 0x02, 0x8f, 0x62, 0x00, 0x00, 0x00, 0xaf, 0xff, 0xff,
  0x90, 0x00, 0x09, 0xfd, 0x7f, 0x7f, 0xf6, 0x00, 0x0e, 0xf3, 0x2f, 0x07, 0xea, 0x00, 0x0f, 0xf2, 0x2f, 0x00, 0x00, 0x00, 0x0b, 0xfc, 0x5f, 0x00,
  0x00, 0x00, 0x02, 0xdf, 0xff, 0x95, 0x00, 0x00, 0x00, 0x05, 0xbf, 0xff, 0xd2, 0x00, 0x00, 0x00, 0x2f, 0x4d, 0xfb, 0x00, 0x00, 0x00, 0x2f, 0x02,
  0xff, 0x00, 0x0e, 0xf5, 0x2f, 0x04, 0xfe, 0x00, 0x0a, 0xfd, 0x7f, 0x5e, 0xf7, 0x00, 0x01, 0xbf, 0xff, 0xff, 0x90, 0x00, 0x00, 0x03, 0x8f, 0x62,
  0x00, 0x00, 0x00, 0x00, 0x2f, 0x00, 0x00, 0x00, 0x01, 0xae, 0xeb, 0x20, 0x02, 0xf7, 0x00, 0x0b, 0xf5, 0x4f, 0xd0, 0x0b, 0xd0, 0x00, 0x0f, 0xf1,
  0x0f, 0xf0, 0x4f, 0x50, 0x00, 0x0b, 0xf5, 0x4f, 0xd0, 0xdc, 0x00, 0x00, 0x01, 0xae, 0xfb, 0x27, 0xf3, 0x00, 0x00, 0x00, 0x00, 0x00, 0x1e, 0xa0,
  0x00, 0x00, 0x00, 0x00, 0x00, 0x9f, 0x10, 0x00, 0x00, 0x00, 0x00, 0x02, 0xf7, 0x1a, 0xff, 0xa1, 0x00, 0x00, 0x0b, 0xe0, 0xbf, 0x77, 0xfb, 0x00,
  0x00, 0x5f, 0x50, 0xff, 0x11, 0xff, 0x00, 0x00, 0xdc, 0x00, 0xbf, 0x55, 0xfb, 0x00, 0x07, 0xf3, 0x00, 0x1a, 0xee, 0xa1, 0x00, 0x01, 0xae, 0xfd,
  0x60, 0x00, 0x00, 0x00, 0x0d, 0xfe, 0xdf, 0xf4, 0x00, 0x00, 0x00, 0x0f, 0xf1, 0x07, 0xc6, 0x00, 0x00, 0x00, 0x0b, 0xf4, 0x00, 0x00, 0x00, 0x00,
  0x00, 0x08, 0xff, 0x40, 0x00, 0x00, 0x00, 0x00, 0xcf, 0xab, 0xf7, 0x00, 0x8f, 0xb0, 0x09, 0xf9, 0x00, 0xbf, 0x92, 0xff, 0x20, 0x0e, 0xf2, 0x00,
  0x0c, 0xff, 0xf9, 0x00, 0x0f, 0xf3, 0x00, 0x01, 0xdf, 0xf1, 0x00, 0x0c, 0xfb, 0x00, 0x07, 0xff, 0xfa, 0x00, 0x03, 0xff, 0xfc, 0xef, 0xf7, 0xef,
  0x90, 0x00, 0x2a, 0xef, 0xea, 0x20, 0x3f, 0xf7, 0x0f, 0xf1, 0x0f, 0xf1, 0x0f, 0xf1, 0x0f, 0xf1, 0x00, 0x00, 0x00, 0x00, 0x00, 0x00, 0x00, 0x00,
  0x00, 0x00, 0x00, 0x00, 0x00, 0x00, 0x00, 0x00, 0x00, 0x00, 0x00, 0x00, 0x00, 0x00, 0x00, 0x00, 0x04, 0xfb, 0x00, 0x00, 0x00, 0x3f, 0xd1, 0x00,
  0x00, 0x00, 0xdf, 0x30, 0x00, 0x00, 0x06, 0xfa, 0x00, 0x00, 0x00, 0x0e, 0xf2, 0x00, 0x00, 0x00, 0x4f, 0xd0, 0x00, 0x00, 0x00, 0x9f, 0x90, 0x00,
  0x00, 0x00, 0xcf, 0x50, 0x00, 0x00, 0x00, 0xef, 0x30, 0x00, 0x00, 0x00, 0xff, 0x20, 0x00, 0x00, 0x00, 0xff, 0x20, 0x00, 0x00, 0x00, 0xef, 0x30,
  0x00, 0x00, 0x00, 0xcf, 0x50, 0x00, 0x00, 0x00, 0xaf, 0x80, 0x00, 0x00, 0x00, 0x5f, 0xd0, 0x00, 0x00, 0x00, 0x1f, 0xf2, 0x00, 0x00, 0x00, 0x0a,
  0xfa, 0x00, 0x00, 0x00, 0x02, 0xff, 0x30, 0x00, 0x00, 0x00, 0x7f, 0xd1, 0x00, 0x00, 0x00, 0x09, 0xfb, 0x00, 0x0b, 0xf7, 0x00, 0x00, 0x00, 0x01,
  0xdf, 0x50, 0x00, 0x00, 0x00, 0x2f, 0xf1, 0x00, 0x00, 0x00, 0x0a, 0xf9, 0x00, 0x00, 0x00, 0x02, 0xff, 0x10, 0x00, 0x00, 0x00, 0xcf, 0x60, 0x00,
  0x00, 0x00, 0x8f, 0xa0, 0x00, 0x00, 0x00, 0x4f, 0xd0, 0x00, 0x00, 0x00, 0x2f, 0xf0, 0x00, 0x00, 0x00, 0x1f, 0xf1, 0x00, 0x00, 0x00, 0x0f, 0xf1,
  0x00, 0x00, 0x00, 0x1f, 0xf0, 0x00, 0x00, 0x00, 0x3f, 0xe0, 0x00, 0x00, 0x00, 0x6f, 0xb0, 0x00, 0x00, 0x00, 0xbf, 0x70, 0x00, 0x00, 0x00, 0xff,
  0x20, 0x00, 0x00, 0x07, 0xfb, 0x00, 0x00, 0x00, 0x0e, 0xf4, 0x00, 0x00, 0x00, 0xaf, 0x90, 0x00, 0x00, 0x06, 0xfc, 0x00, 0x00, 0x00, 0x00, 0x03,
  0xf4, 0x00, 0x00, 0x04, 0x81, 0xf2, 0x74, 0x00, 0x08, 0xfb, 0xfb, 0xf8, 0x00, 0x00, 0x3d, 0xfd, 0x20, 0x00, 0x08, 0xfb, 0xfb, 0xf8, 0x00, 0x04,
  0x92, 0xf2, 0x84, 0x00, 0x00, 0x03, 0xf4, 0x00, 0x00, 0x00, 0x00, 0x00, 0x00, 0x00, 0x00, 0x00, 0x00, 0x00, 0x00, 0x00, 0x00, 0x00, 0x00, 0x00,
  0x00, 0x00, 0x00, 0x00, 0x00, 0x00, 0x00, 0x00, 0x00, 0x00, 0x00, 0x00, 0x00, 0x00, 0x00, 0x00, 0x00, 0x01, 0xff, 0x00, 0x00, 0x00, 0x00, 0x00,
  0x01, 0xff, 0x00, 0x00, 0x00, 0x00, 0x00, 0x01, 0xff, 0x00, 0x00, 0x00, 0x00, 0xcc, 0xcc, 0xff, 0xcc, 0xc0, 0x00, 0x00, 0xff, 0xff, 0xff, 0xff,
  0xf0, 0x00, 0x00, 0x00, 0x01, 0xff, 0x00, 0x00, 0x00, 0x00, 0x00, 0x01, 0xff, 0x00, 0x00, 0x00, 0x00, 0x00, 0x01, 0xff, 0x00, 0x00, 0x00, 0x00,
  0x00, 0x01, 0xff, 0x00, 0x00, 0x00, 0x00, 0x00, 0x00, 0x00, 0x00, 0x00, 0x00, 0x00, 0x00, 0x00, 0x00, 0x00, 0x00, 0x00, 0x0c, 0xf5, 0x0f, 0xe0,
  0x4f, 0x80, 0x8f, 0x10, 0xca, 0x00, 0x00, 0xcc, 0xcc, 0xcc, 0xc0, 0x00, 0x00, 0xff, 0xff, 0xff, 0xf0, 0x00, 0x00, 0x00, 0x00, 0x00, 0x00, 0x00,
  0x00, 0x00, 0x00, 0x00, 0x00, 0x00, 0x00, 0x00, 0x00, 0x00, 0x00, 0x00, 0x00, 0x00, 0x00, 0x00, 0x00, 0x00, 0x00, 0x00, 0x00, 0x00, 0x00, 0x00,
  0x00, 0x00, 0x00, 0x00, 0x00, 0x00, 0x08, 0x90, 0x0f, 0xf0, 0x0a, 0xc0, 0x00, 0x00, 0x02, 0xfe, 0x00, 0x00, 0x00, 0x06, 0xfa, 0x00, 0x00, 0x00,
  0x0a, 0xf6, 0x00, 0x00, 0x00, 0x0e, 0xf2, 0x00, 0x00, 0x00, 0x2f, 0xe0, 0x00, 0x00, 0x00, 0x6f, 0xa0, 0x00, 0x00, 0x00, 0x9f, 0x60, 0x00, 0x00,
  0x00, 0xdf, 0x20, 0x00, 0x00, 0x01, 0xfe, 0x00, 0x00, 0x00, 0x05, 0xfa, 0x00, 0x00, 0x00, 0x09, 0xf7, 0x00, 0x00, 0x00, 0x0d, 0xf3, 0x00, 0x00,
  0x00, 0x1f, 0xf0, 0x00, 0x00, 0x00, 0x5f, 0xb0, 0x00, 0x00, 0x00, 0x9f, 0x70, 0x00, 0x00, 0x00, 0xdf, 0x30, 0x00, 0x00, 0x01, 0xff, 0x00, 0x00,
  0x00, 0x04, 0xfb, 0x00, 0x00, 0x00, 0x08, 0xf7, 0x00, 0x00, 0x00, 0x0c, 0xf3, 0x00, 0x00, 0x00, 0x00, 0x09, 0xef, 0xe9, 0x10, 0x00, 0x00, 0xcf,
  0xfc, 0xff, 0xd0, 0x00, 0x05, 0xfd, 0x10, 0x1c, 0xf6, 0x00, 0x0a, 0xf6, 0x00, 0x05, 0xfc, 0x00, 0x0d, 0xf3, 0x00, 0x01, 0xff, 0x00, 0x0f, 0xf1,
  0x00, 0x00, 0xff, 0x00, 0x0f, 0xf1, 0x00, 0x00, 0xff, 0x10, 0x0f, 0xf1, 0x00, 0x00, 0xff, 0x00, 0x0d, 0xf3, 0x00, 0x01, 0xff, 0x00, 0x0a, 0xf6,
  0x00, 0x05, 0xfb, 0x00, 0x05, 0xfd, 0x10, 0x1c, 0xf6, 0x00, 0x00, 0xcf, 0xfc, 0xff, 0xd0, 0x00, 0x00, 0x19, 0xef, 0xe9, 0x10, 0x00, 0x8f, 0xff,
  0x10, 0x6c, 0xff, 0x10, 0x00, 0xff, 0x10, 0x00, 0xff, 0x10, 0x00, 0xff, 0x10, 0x00, 0xff, 0x10, 0x00, 0xff, 0x10, 0x00, 0xff, 0x10, 0x00, 0xff,
  0x10, 0x00, 0xff, 0x10, 0x00, 0xff, 0x10, 0x00, 0xff, 0x10, 0x00, 0xff, 0x10, 0x00, 0x3b, 0xff, 0xc5, 0x00, 0x03, 0xff, 0xed, 0xff, 0x50, 0x0b,
  0xfa, 0x00, 0x7f, 0xd0, 0x0f, 0xf2, 0x00, 0x1f, 0xf0, 0x02, 0x20, 0x00, 0x1f, 0xf0, 0x00, 0x00, 0x00, 0x6f, 0xc0, 0x00, 0x00, 0x01, 0xef, 0x40,
  0x00, 0x00, 0x0b, 0xf9, 0x00, 0x00, 0x00, 0xbf, 0xc0, 0x00, 0x00, 0x0b, 0xfd, 0x10, 0x00, 0x01, 0xcf, 0xc1, 0x00, 0x00, 0x0e, 0xff, 0xcc, 0xcc,
  0xcc, 0x0f, 0xff, 0xff, 0xff, 0xff, 0x00, 0x7d, 0xff, 0xc5, 0x00, 0x00, 0x0d, 0xff, 0xdd, 0xff, 0x70, 0x00, 0x5f, 0xf2, 0x00, 0x6f, 0xf0, 0x00,
  0x25, 0x40, 0x00, 0x0f, 0xf0, 0x00, 0x00, 0x00, 0x00, 0x7f, 0xc0, 0x00, 0x00, 0x05, 0xce, 0xfc, 0x10, 0x00, 0x00, 0x07, 0xff, 0xf9, 0x00, 0x00,
  0x00, 0x00, 0x03, 0xcf, 0x90, 0x00, 0x00, 0x00, 0x00, 0x2f, 0xf0, 0x00, 0x5c, 0x60, 0x00, 0x0f, 0xf0, 0x00, 0x4f, 0xe2, 0x00, 0x8f, 0xe0, 0x00,
  0x0b, 0xff, 0xde, 0xff, 0x60, 0x00, 0x00, 0x6c, 0xff, 0xc4, 0x00, 0x00, 0x00, 0x00, 0x00, 0x1e, 0xff, 0x00, 0x00, 0x00, 0x00, 0xbf, 0xff, 0x00,
  0x00, 0x00, 0x07, 0xfa, 0xff, 0x00, 0x00, 0x00, 0x4f, 0xd2, 0xff, 0x00, 0x00, 0x01, 0xef, 0x21, 0xff, 0x00, 0x00, 0x0b, 0xf7, 0x01, 0xff, 0x00,
  0x00, 0x8f, 0xb0, 0x01, 0xff, 0x00, 0x04, 0xfe, 0x10, 0x01, 0xff, 0x00, 0x0e, 0xfe, 0xcc, 0xcc, 0xff, 0xc0, 0x0f, 0xff, 0xff, 0xff, 0xff, 0xf0,
  0x00, 0x00, 0x00, 0x01, 0xff, 0x00, 0x00, 0x00, 0x00, 0x01, 0xff, 0x00, 0x00, 0x00, 0x00, 0x01, 0xff, 0x00, 0x00, 0xff, 0xff, 0xff, 0xff, 0x00,
  0x00, 0xff, 0xcc, 0xcc, 0xcc, 0x00, 0x00, 0xff, 0x10, 0x00, 0x00, 0x00, 0x00, 0xff, 0x10, 0x00, 0x00, 0x00, 0x00, 0xff, 0x4b, 0xfe, 0xa2, 0x00,
  0x00, 0xff, 0xfe, 0xcf, 0xfe, 0x20, 0x00, 0xff, 0xb0, 0x00, 0xbf, 0xa0, 0x00, 0x66, 0x10, 0x00, 0x3f, 0xe0, 0x00, 0x00, 0x00, 0x00, 0x2f, 0xf0,
  0x01, 0x99, 0x00, 0x00, 0x4f, 0xd0, 0x00, 0xef, 0x80, 0x01, 0xcf, 0x80, 0x00, 0x5f, 0xfe, 0xcf, 0xfd, 0x10, 0x00, 0x03, 0xbe, 0xfd, 0x81, 0x00,
  0x00, 0x08, 0xdf, 0xd9, 0x10, 0x00, 0x00, 0xbf, 0xfd, 0xef, 0xd1, 0x00, 0x05, 0xfe, 0x20, 0x0a, 0xf7, 0x00, 0x0a, 0xf6, 0x00, 0x00, 0x11, 0x00,
  0x0d, 0xf2, 0x5a, 0xb8, 0x10, 0x00, 0x0f, 0xfa, 0xff, 0xff, 0xe2, 0x00, 0x0f, 0xfe, 0x40, 0x3d, 0xfa, 0x00, 0x0f, 0xf5, 0x00, 0x03, 0xff, 0x00,
  0x0d, 0xf2, 0x00, 0x00, 0xff, 0x10, 0x0a, 0xf4, 0x00, 0x02, 0xff, 0x00, 0x05, 0xfc, 0x10, 0x0a, 0xfb, 0x00, 0x00, 0xbf, 0xfc, 0xef, 0xf2, 0x00,
  0x00, 0x08, 0xdf, 0xea, 0x20, 0x00, 0x0f, 0xff, 0xff, 0xff, 0xff, 0x0c, 0xcc, 0xcc, 0xcc, 0xff, 0x00, 0x00, 0x00, 0x07, 0xf9, 0x00, 0x00, 0x00,
  0x0e, 0xf2, 0x00, 0x00, 0x00, 0x5f, 0xa0, 0x00, 0x00, 0x00, 0xdf, 0x30, 0x00, 0x00, 0x04, 0xfc, 0x00, 0x00, 0x00, 0x0c, 0xf4, 0x00, 0x00, 0x00,
  0x3f, 0xd0, 0x00, 0x00, 0x00, 0xbf, 0x60, 0x00, 0x00, 0x02, 0xfe, 0x00, 0x00, 0x00, 0x0a, 0xf7, 0x00, 0x00, 0x00, 0x2f, 0xf1, 0x00, 0x00, 0x00,
  0x4b, 0xef, 0xeb, 0x40, 0x00, 0x06, 0xff, 0xec, 0xef, 0xf6, 0x00, 0x0e, 0xf7, 0x00, 0x07, 0xfe, 0x00, 0x0f, 0xf2, 0x00, 0x02, 0xfe, 0x00, 0x08,
  0xfb, 0x20, 0x2b, 0xf8, 0x00, 0x00, 0x7f, 0xff, 0xff, 0x70, 0x00, 0x01, 0xdf, 0xfc, 0xef, 0xe2, 0x00, 0x0a, 0xfa, 0x00, 0x09, 0xfc, 0x00, 0x0e,
  0xf2, 0x00, 0x01, 0xff, 0x00, 0x0f, 0xf3, 0x00, 0x01, 0xff, 0x00, 0x0b, 0xfb, 0x00, 0x0a, 0xfc, 0x00, 0x02, 0xef, 0xfc, 0xef, 0xf3, 0x00, 0x00,
  0x19, 0xef, 0xea, 0x20, 0x00, 0x00, 0x2a, 0xef, 0xe9, 0x10, 0x00, 0x03, 0xff, 0xec, 0xef, 0xc0, 0x00, 0x0b, 0xfb, 0x00, 0x0a, 0xf6, 0x00, 0x0f,
  0xf2, 0x00, 0x03, 0xfb, 0x00, 0x0f, 0xf2, 0x00, 0x02, 0xfd, 0x00, 0x0c, 0xfa, 0x00, 0x0a, 0xff, 0x00, 0x03, 0xff, 0xfc, 0xef, 0xff, 0x00, 0x00,
  0x3b, 0xff, 0xb4, 0xff, 0x00, 0x00, 0x00, 0x00, 0x03, 0xfe, 0x00, 0x05, 0xa4, 0x00, 0x06, 0xfb, 0x00, 0x05, 0xfd, 0x10, 0x1d, 0xf6, 0x00, 0x00,
  0xcf, 0xfc, 0xef, 0xd0, 0x00, 0x00, 0x09, 0xef, 0xe9, 0x10, 0x00, 0x0a, 0xc0, 0x0f, 0xf0, 0x08, 0x90, 0x00, 0x00, 0x00, 0x00, 0x00, 0x00, 0x00,
  0x00, 0x08, 0x90, 0x0f, 0xf0, 0x0a, 0xc0, 0x0a, 0xc0, 0x00, 0x0f, 0xf0, 0x00, 0x08, 0x90, 0x00, 0x00, 0x00, 0x00, 0x00, 0x00, 0x00, 0x00, 0x00,
  0x00, 0x00, 0x00, 0x00, 0x00, 0x00, 0x00, 0x0a, 0xf2, 0x00, 0x0e, 0xc0, 0x00, 0x1f, 0x60, 0x00, 0x5f, 0x10, 0x00, 0x9b, 0x00, 0x00, 0x00, 0x00,
  0x09, 0xfd, 0x10, 0x00, 0x00, 0x00, 0xaf, 0xd1, 0x00, 0x00, 0x00, 0x0a, 0xfd, 0x10, 0x00, 0x00, 0x00, 0xbf, 0xc1, 0x00, 0x00, 0x00, 0x00, 0xbf,
  0xc1, 0x00, 0x00, 0x00, 0x00, 0x0a, 0xfd, 0x10, 0x00, 0x00, 0x00, 0x00, 0xaf, 0xd1, 0x00, 0x00, 0x00, 0x00, 0x09, 0xfd, 0x10, 0x00, 0x00, 0x00,
  0x00, 0x00, 0x00, 0x00, 0x00, 0x00, 0x00, 0x00, 0x00, 0x00, 0x00, 0xcc, 0xcc, 0xcc, 0xcc, 0xcc, 0x00, 0x00, 0xff, 0xff, 0xff, 0xff, 0xff, 0x00,
  0x00, 0x00, 0x00, 0x00, 0x00, 0x00, 0x00, 0x00, 0x00, 0x00, 0x00, 0x00, 0x00, 0x00, 0x00, 0xcc, 0xcc, 0xcc, 0xcc, 0xcc, 0x00, 0x00, 0xff, 0xff,
  0xff, 0xff, 0xff, 0x00, 0x00, 0x00, 0x00, 0x00, 0x00, 0x00, 0x00, 0x00, 0x00, 0x00, 0x00, 0x00, 0x00, 0x00, 0x00, 0x00, 0x00, 0x00, 0x00, 0x00,
  0x00, 0x00, 0x00, 0x00, 0x00, 0x00, 0x00, 0x00, 0x00, 0x7f, 0xe3, 0x00, 0x00, 0x00, 0x00, 0x06, 0xff, 0x30, 0x00, 0x00, 0x00, 0x00, 0x6f, 0xf3,
  0x00, 0x00, 0x00, 0x00, 0x05, 0xff, 0x40, 0x00, 0x00, 0x00, 0x05, 0xff, 0x40, 0x00, 0x00, 0x00, 0x6f, 0xf3, 0x00, 0x00, 0x00, 0x06, 0xff, 0x30,
  0x00, 0x00, 0x00, 0x7f, 0xe3, 0x00, 0x00, 0x00, 0x00, 0x00, 0x00, 0x00, 0x00, 0x00, 0x00, 0x00, 0x00, 0x00, 0x00, 0x00, 0x00, 0x5c, 0xfe, 0xc5,
  0x00, 0x06, 0xff, 0xdd, 0xff, 0x70, 0x0e, 0xf6, 0x00, 0x4f, 0xf0, 0x04, 0x40, 0x00, 0x1f, 0xf1, 0x00, 0x00, 0x03, 0xaf, 0xe0, 0x00, 0x0e, 0xff,
  0xff, 0x50, 0x00, 0x0e, 0xfb, 0x82, 0x00, 0x00, 0x0e, 0xf0, 0x00, 0x00, 0x00, 0x00, 0x00, 0x00, 0x00, 0x00, 0x09, 0x80, 0x00, 0x00, 0x00, 0x0f,
  0xf0, 0x00, 0x00, 0x00, 0x0c, 0xa0, 0x00, 0x00, 0x00, 0x00, 0x00, 0x05, 0x9b, 0xba, 0x82, 0x00, 0x00, 0x00, 0x00, 0x07, 0xef, 0xff, 0xff, 0xff,
  0xa1, 0x00, 0x00, 0x00, 0xaf, 0xe8, 0x31, 0x02, 0x6e, 0xfc, 0x00, 0x00, 0x0b, 0xfc, 0x10, 0x00, 0x00, 0x01, 0xef, 0x70, 0x00, 0x7f, 0xc0, 0x08,
  0xef, 0xa9, 0xf0, 0x6f, 0xd0, 0x01, 0xff, 0x20, 0xcf, 0xfd, 0xff, 0xd0, 0x1f, 0xf0, 0x07, 0xfa, 0x07, 0xfd, 0x10, 0x5f, 0xa0, 0x0f, 0xf1, 0x0c,
  0xf5, 0x0d, 0xf4, 0x00, 0x0f, 0x70, 0x1f, 0xf0, 0x0e, 0xf3, 0x0f, 0xf0, 0x00, 0x1f, 0x50, 0x4f, 0xb0, 0x0f, 0xf1, 0x0f, 0xf1, 0x00, 0x9f, 0x30,
  0xaf, 0x50, 0x0e, 0xf3, 0x0b, 0xfb, 0x6a, 0xdf, 0x98, 0xfb, 0x00, 0x0b, 0xf7, 0x01, 0xbf, 0xe8, 0x08, 0xfe, 0x90, 0x00, 0x05, 0xff, 0x20, 0x00,
  0x00, 0x00, 0x00, 0x00, 0x00, 0x00, 0xbf, 0xf8, 0x20, 0x02, 0x60, 0x00, 0x00, 0x00, 0x00, 0x09, 0xff, 0xff, 0xff, 0xf3, 0x00, 0x00, 0x00, 0x00,
  0x00, 0x27, 0xab, 0xa8, 0x30, 0x00, 0x00, 0x00, 0x00, 0x00, 0x1f, 0xfa, 0x00, 0x00, 0x00, 0x00, 0x00, 0x7f, 0xff, 0x00, 0x00, 0x00, 0x00, 0x00,
  0xdf, 0xdf, 0x60, 0x00, 0x00, 0x00, 0x03, 0xfd, 0x5f, 0xc0, 0x00, 0x00, 0x00, 0x09, 0xf8, 0x0e, 0xf2, 0x00, 0x00, 0x00, 0x0e, 0xf2, 0x09, 0xf8,
  0x00, 0x00, 0x00, 0x5f, 0xc0, 0x03, 0xfe, 0x00, 0x00, 0x00, 0xbf, 0x60, 0x00, 0xdf, 0x40, 0x00, 0x01, 0xff, 0xff, 0xff, 0xff, 0xa0, 0x00, 0x07,
  0xfd, 0xaa, 0xaa, 0xaf, 0xf0, 0x00, 0x0d, 0xf5, 0x00, 0x00, 0x0c, 0xf6, 0x00, 0x3f, 0xe0, 0x00, 0x00, 0x06, 0xfc, 0x00, 0x0f, 0xff, 0xff, 0xfc,
  0x50, 0x00, 0x0f, 0xfc, 0xcc, 0xef, 0xf6, 0x00, 0x0f, 0xf1, 0x00, 0x07, 0xfe, 0x00, 0x0f, 0xf1, 0x00, 0x02, 0xff, 0x00, 0x0f, 0xf1, 0x00, 0x1a,
  0xf9, 0x00, 0x0f, 0xff, 0xff, 0xff, 0x90, 0x00, 0x0f, 0xfc, 0xcc, 0xef, 0xd2, 0x00, 0x0f, 0xf1, 0x00, 0x07, 0xfc, 0x00, 0x0f, 0xf1, 0x00, 0x00,
  0xff, 0x00, 0x0f, 0xf1, 0x00, 0x06, 0xff, 0x00, 0x0f, 0xfc, 0xcc, 0xdf, 0xf7, 0x00, 0x0f, 0xff, 0xff, 0xfc, 0x60, 0x00, 0x00, 0x00, 0x5b, 0xef,
  0xda, 0x30, 0x00, 0x00, 0x1c, 0xff, 0xdc, 0xef, 0xf9, 0x00, 0x00, 0xcf, 0xc2, 0x00, 0x05, 0xff, 0x80, 0x06, 0xfd, 0x00, 0x00, 0x00, 0x49, 0x80,
  0x0c, 0xf5, 0x00, 0x00, 0x00, 0x00, 0x00, 0x0f, 0xf2, 0x00, 0x00, 0x00, 0x00, 0x00, 0x0f, 0xf2, 0x00, 0x00, 0x00, 0x00, 0x00, 0x0c, 0xf5, 0x00,
  0x00, 0x00, 0x00, 0x00, 0x06, 0xfd, 0x00, 0x00, 0x00, 0x49, 0x80, 0x00, 0xcf, 0xc2, 0x00, 0x05, 0xff, 0x80, 0x00, 0x1c, 0xff, 0xdc, 0xef, 0xf9,
  0x00, 0x00, 0x00, 0x5b, 0xef, 0xda, 0x40, 0x00, 0x0f, 0xff, 0xff, 0xdb, 0x50, 0x00, 0x00, 0x0f, 0xfc, 0xcc, 0xef, 0xfc, 0x10, 0x00, 0x0f, 0xf1,
  0x00, 0x02, 0xbf, 0xd0, 0x00, 0x0f, 0xf1, 0x00, 0x00, 0x0c, 0xf6, 0x00, 0x0f, 0xf1, 0x00, 0x00, 0x05, 0xfc, 0x00, 0x0f, 0xf1, 0x00, 0x00, 0x02,
  0xfe, 0x00, 0x0f, 0xf1, 0x00, 0x00, 0x02, 0xff, 0x00, 0x0f, 0xf1, 0x00, 0x00, 0x05, 0xfc, 0x00, 0x0f, 0xf1, 0x00, 0x00, 0x0c, 0xf7, 0x00, 0x0f,
  0xf1, 0x00, 0x02, 0xbf, 0xd0, 0x00, 0x0f, 0xfc, 0xcc, 0xef, 0xfc, 0x20, 0x00, 0x0f, 0xff, 0xff, 0xeb, 0x50, 0x00, 0x00, 0x0f, 0xff, 0xff, 0xff,
  0x00, 0x0f, 0xfc, 0xcc, 0xcc, 0x00, 0x0f, 0xf1, 0x00, 0x00, 0x00, 0x0f, 0xf1, 0x00, 0x00, 0x00, 0x0f, 0xf1, 0x00, 0x00, 0x00, 0x0f, 0xff, 0xff,
  0xf8, 0x00, 0x0f, 0xfc, 0xcc, 0xc6, 0x00, 0x0f, 0xf1, 0x00, 0x00, 0x00, 0x0f, 0xf1, 0x00, 0x00, 0x00, 0x0f, 0xf1, 0x00, 0x00, 0x00, 0x0f, 0xfc,
  0xcc, 0xcc, 0x00, 0x0f, 0xff, 0xff, 0xff, 0x00, 0x0f, 0xff, 0xff, 0xff, 0x80, 0x0f, 0xfc, 0xcc, 0xcc, 0x60, 0x0f, 0xf1, 0x00, 0x00, 0x00, 0x0f,
  0xf1, 0x00, 0x00, 0x00, 0x0f, 0xf1, 0x00, 0x00, 0x00, 0x0f, 0xff, 0xff, 0xf0, 0x00, 0x0f, 0xfc, 0xcc, 0xc0, 0x00, 0x0f, 0xf1, 0x00, 0x00, 0x00,
  0x0f, 0xf1, 0x00, 0x00, 0x00, 0x0f, 0xf1, 0x00, 0x00, 0x00, 0x0f, 0xf1, 0x00, 0x00, 0x00, 0x0f, 0xf1, 0x00, 0x00, 0x00, 0x00, 0x00, 0x4a, 0xef,
  0xec, 0x60, 0x00, 0x00, 0x1b, 0xff, 0xec, 0xdf, 0xfe, 0x30, 0x00, 0xcf, 0xc3, 0x00, 0x01, 0xbf, 0xf1, 0x06, 0xfd, 0x00, 0x00, 0x00, 0x04, 0x52,
  0x0c, 0xf5, 0x00, 0x00, 0x00, 0x00, 0x00, 0x0e, 0xf2, 0x00, 0x0f, 0xff, 0xff, 0xff, 0x0e, 0xf2, 0x00, 0x0c, 0xcc, 0xcd, 0xff, 0x0c, 0xf5, 0x00,
  0x00, 0x00, 0x07, 0xfc, 0x06, 0xfd, 0x00, 0x00, 0x00, 0x1e, 0xf6, 0x00, 0xcf, 0xc3, 0x00, 0x03, 0xcf, 0xc0, 0x00, 0x1b, 0xff, 0xec, 0xef, 0xfb,
  0x10, 0x00, 0x00, 0x4a, 0xef, 0xeb, 0x50, 0x00, 0x0f, 0xf1, 0x00, 0x00, 0x1f, 0xf0, 0x00, 0x0f, 0xf1, 0x00, 0x00, 0x1f, 0xf0, 0x00, 0x0f, 0xf1,
  0x00, 0x00, 0x1f, 0xf0, 0x00, 0x0f, 0xf1, 0x00, 0x00, 0x1f, 0xf0, 0x00, 0x0f, 0xf1, 0x00, 0x00, 0x1f, 0xf0, 0x00, 0x0f, 0xff, 0xff, 0xff, 0xff,
  0xf0, 0x00, 0x0f, 0xfc, 0xcc, 0xcc, 0xcf, 0xf0, 0x00, 0x0f, 0xf1, 0x00, 0x00, 0x1f, 0xf0, 0x00, 0x0f, 0xf1, 0x00, 0x00, 0x1f, 0xf0, 0x00, 0x0f,
  0xf1, 0x00, 0x00, 0x1f, 0xf0, 0x00, 0x0f, 0xf1, 0x00, 0x00, 0x1f, 0xf0, 0x00, 0x0f, 0xf1, 0x00, 0x00, 0x1f, 0xf0, 0x00, 0x0f, 0xf1, 0x00, 0x0f,
  0xf1, 0x00, 0x0f, 0xf1, 0x00, 0x0f, 0xf1, 0x00, 0x0f, 0xf1, 0x00, 0x0f, 0xf1, 0x00, 0x0f, 0xf1, 0x00, 0x0f, 0xf1, 0x00, 0x0f, 0xf1, 0x00, 0x0f,
  0xf1, 0x00, 0x0f, 0xf1, 0x00, 0x0f, 0xf1, 0x00, 0x00, 0x00, 0x00, 0xff, 0x10, 0x00, 0x00, 0x00, 0xff, 0x10, 0x00, 0x00, 0x00, 0xff, 0x10, 0x00,
  0x00, 0x00, 0xff, 0x10, 0x00, 0x00, 0x00, 0xff, 0x10, 0x00, 0x00, 0x00, 0xff, 0x10, 0x00, 0x00, 0x00, 0xff, 0x10, 0x00, 0x00, 0x00, 0xff, 0x10,
  0x07, 0x70, 0x00, 0xff, 0x10, 0x0d, 0xf5, 0x04, 0xfe, 0x00, 0x06, 0xff, 0xcf, 0xf7, 0x00, 0x00, 0x6d, 0xfd, 0x70, 0x00, 0x0f, 0xf1, 0x00, 0x07,
  0xfe, 0x20, 0x0f, 0xf1, 0x00, 0x6f, 0xf3, 0x00, 0x0f, 0xf1, 0x04, 0xff, 0x40, 0x00, 0x0f, 0xf1, 0x3f, 0xf5, 0x00, 0x00, 0x0f, 0xf3, 0xef, 0x70,
  0x00, 0x00, 0x0f, 0xfe, 0xf8, 0x00, 0x00, 0x00, 0x0f, 0xfe, 0xf8, 0x00, 0x00, 0x00, 0x0f, 0xf4, 0xff, 0x70, 0x00, 0x00, 0x0f, 0xf1, 0x3f, 0xf6,
  0x00, 0x00, 0x0f, 0xf1, 0x05, 0xff, 0x50, 0x00, 0x0f, 0xf1, 0x00, 0x6f, 0xf4, 0x00, 0x0f, 0xf1, 0x00, 0x08, 0xff, 0x30, 0x0f, 0xf1, 0x00, 0x00,
  0x0f, 0xf1, 0x00, 0x00, 0x0f, 0xf1, 0x00, 0x00, 0x0f, 0xf1, 0x00, 0x00, 0x0f, 0xf1, 0x00, 0x00, 0x0f, 0xf1, 0x00, 0x00, 0x0f, 0xf1, 0x00, 0x00,
  0x0f, 0xf1, 0x00, 0x00, 0x0f, 0xf1, 0x00, 0x00, 0x0f, 0xf1, 0x00, 0x00, 0x0f, 0xfa, 0xaa, 0xa5, 0x0f, 0xff, 0xff, 0xf8, 0x0f, 0xf7, 0x00, 0x00,
  0x00, 0x05, 0xff, 0x10, 0x0f, 0xfe, 0x00, 0x00, 0x00, 0x0d, 0xff, 0x10, 0x0f, 0xff, 0x60, 0x00, 0x00, 0x4f, 0xff, 0x10, 0x0f, 0xff, 0xd0, 0x00,
  0x00, 0xbf, 0xff, 0x10, 0x0f, 0xfa, 0xf4, 0x00, 0x03, 0xfa, 0xff, 0x10, 0x0f, 0xf3, 0xfc, 0x00, 0x0a, 0xf3, 0xff, 0x10, 0x0f, 0xf1, 0xaf, 0x30,
  0x2f, 0xc0, 0xff, 0x10, 0x0f, 0xf1, 0x3f, 0xa0, 0x9f, 0x40, 0xff, 0x10, 0x0f, 0xf1, 0x0b, 0xf3, 0xfd, 0x00, 0xff, 0x10, 0x0f, 0xf1, 0x04, 0xfe,
  0xf6, 0x00, 0xff, 0x10, 0x0f, 0xf1, 0x00, 0xdf, 0xe0, 0x00, 0xff, 0x10, 0x0f, 0xf1, 0x00, 0x5f, 0x70, 0x00, 0xff, 0x10, 0x0f, 0xf6, 0x00, 0x00,
  0x0f, 0xf1, 0x00, 0x0f, 0xff, 0x20, 0x00, 0x0f, 0xf1, 0x00, 0x0f, 0xff, 0xb0, 0x00, 0x0f, 0xf1, 0x00, 0x0f, 0xfb, 0xf6, 0x00, 0x0f, 0xf1, 0x00,
  0x0f, 0xf2, 0xef, 0x10, 0x0f, 0xf1, 0x00, 0x0f, 0xf1, 0x4f, 0xb0, 0x0f, 0xf1, 0x00, 0x0f, 0xf1, 0x0a, 0xf6, 0x0f, 0xf1, 0x00, 0x0f, 0xf1, 0x01,
  0xef, 0x1f, 0xf1, 0x00, 0x0f, 0xf1, 0x00, 0x4f, 0xbf, 0xf1, 0x00, 0x0f, 0xf1, 0x00, 0x0a, 0xff, 0xf1, 0x00, 0x0f, 0xf1, 0x00, 0x01, 0xef, 0xf1,
  0x00, 0x0f, 0xf1, 0x00, 0x00, 0x5f, 0xf1, 0x00, 0x00, 0x00, 0x5b, 0xef, 0xeb, 0x50, 0x00, 0x00, 0x1b, 0xff, 0xec, 0xef, 0xfb, 0x10, 0x00, 0xcf,
  0xc3, 0x00, 0x03, 0xcf, 0xc0, 0x06, 0xfd, 0x00, 0x00, 0x00, 0x0d, 0xf6, 0x0c, 0xf5, 0x00, 0x00, 0x00, 0x05, 0xfc, 0x0e, 0xf2, 0x00, 0x00, 0x00,
  0x02, 0xfe, 0x0e, 0xf2, 0x00, 0x00, 0x00, 0x02, 0xfe, 0x0c, 0xf5, 0x00, 0x00, 0x00, 0x06, 0xfc, 0x06, 0xfd, 0x00, 0x00, 0x00, 0x0d, 0xf6, 0x00,
  0xcf, 0xc3, 0x00, 0x03, 0xcf, 0xc0, 0x00, 0x1b, 0xff, 0xec, 0xef, 0xfb, 0x10, 0x00, 0x00, 0x5b, 0xef, 0xeb, 0x50, 0x00, 0x0f, 0xff, 0xff, 0xea,
  0x30, 0x00, 0x0f, 0xfc, 0xcc, 0xef, 0xf4, 0x00, 0x0f, 0xf1, 0x00, 0x07, 0xfc, 0x00, 0x0f, 0xf1, 0x00, 0x02, 0xff, 0x00, 0x0f, 0xf1, 0x00, 0x07,
  0xfc, 0x00, 0x0f, 0xfc, 0xcc, 0xef, 0xf4, 0x00, 0x0f, 0xff, 0xff, 0xea, 0x30, 0x00, 0x0f, 0xf1, 0x00, 0x00, 0x00, 0x00, 0x0f, 0xf1, 0x00, 0x00,
  0x00, 0x00, 0x0f, 0xf1, 0x00, 0x00, 0x00, 0x00, 0x0f, 0xf1, 0x00, 0x00, 0x00, 0x00, 0x0f, 0xf1, 0x00, 0x00, 0x00, 0x00, 0x00, 0x00, 0x5b, 0xef,
  0xeb, 0x50, 0x00, 0x00, 0x00, 0x1b, 0xff, 0xec, 0xef, 0xfb, 0x10, 0x00, 0x00, 0xcf, 0xc3, 0x00, 0x03, 0xcf, 0xc0, 0x00, 0x06, 0xfd, 0x00, 0x00,
  0x00, 0x0d, 0xf6, 0x00, 0x0c, 0xf5, 0x00, 0x00, 0x00, 0x05, 0xfc, 0x00, 0x0e, 0xf2, 0x00, 0x00, 0x00, 0x02, 0xfe, 0x00, 0x0e, 0xf2, 0x00, 0x00,
  0x00, 0x02, 0xfe, 0x00, 0x0c, 0xf5, 0x00, 0x00, 0x00, 0x06, 0xfc, 0x00, 0x06, 0xfd, 0x00, 0x00, 0x00, 0x0d, 0xf6, 0x00, 0x00, 0xcf, 0xc3, 0x00,
  0x03, 0xcf, 0xc0, 0x00, 0x00, 0x1b, 0xff, 0xec, 0xef, 0xfb, 0x10, 0x00, 0x00, 0x00, 0x5b, 0xef, 0xde, 0xfb, 0x00, 0x00, 0x00, 0x00, 0x00, 0x00,
  0x01, 0xdf, 0xa0, 0x00, 0x00, 0x00, 0x00, 0x00, 0x00, 0x1d, 0xfa, 0x00, 0x0f, 0xff, 0xff, 0xea, 0x30, 0x00, 0x0f, 0xfc, 0xcc, 0xef, 0xf4, 0x00,
  0x0f, 0xf1, 0x00, 0x08, 0xfd, 0x00, 0x0f, 0xf1, 0x00, 0x02, 0xff, 0x00, 0x0f, 0xf1, 0x00, 0x08, 0xfc, 0x00, 0x0f, 0xfc, 0xcc, 0xef, 0xf4, 0x00,
  0x0f, 0xff, 0xff, 0xfa, 0x30, 0x00, 0x0f, 0xf1, 0x0e, 0xf7, 0x00, 0x00, 0x0f, 0xf1, 0x05, 0xff, 0x20, 0x00, 0x0f, 0xf1, 0x00, 0xcf, 0xb0, 0x00,
  0x0f, 0xf1, 0x00, 0x2f, 0xf4, 0x00, 0x0f, 0xf1, 0x00, 0x08, 0xfd, 0x00, 0x00, 0x4b, 0xef, 0xd9, 0x20, 0x00, 0x05, 0xff, 0xdc, 0xff, 0xf3, 0x00,
  0x0d, 0xf7, 0x00, 0x1d, 0xfa, 0x00, 0x0f, 0xf2, 0x00, 0x02, 0x43, 0x00, 0x0b, 0xfb, 0x20, 0x00, 0x00, 0x00, 0x01, 0xcf, 0xfe, 0x94, 0x00, 0x00,
  0x00, 0x02, 0x7b, 0xff, 0xd2, 0x00, 0x00, 0x00, 0x00, 0x1a, 0xfc, 0x00, 0x06, 0x71, 0x00, 0x02, 0xff, 0x00, 0x0d, 0xfa, 0x00, 0x08, 0xfc, 0x00,
  0x04, 0xff, 0xec, 0xef, 0xf4, 0x00, 0x00, 0x2a, 0xef, 0xea, 0x20, 0x00, 0x0f, 0xff, 0xff, 0xff, 0xff, 0x0c, 0xcc, 0xff, 0xcc, 0xcc, 0x00, 0x00,
  0xff, 0x10, 0x00, 0x00, 0x00, 0xff, 0x10, 0x00, 0x00, 0x00, 0xff, 0x10, 0x00, 0x00, 0x00, 0xff, 0x10, 0x00, 0x00, 0x00, 0xff, 0x10, 0x00, 0x00,
  0x00, 0xff, 0x10, 0x00, 0x00, 0x00, 0xff, 0x10, 0x00, 0x00, 0x00, 0xff, 0x10, 0x00, 0x00, 0x00, 0xff, 0x10, 0x00, 0x00, 0x00, 0xff, 0x10, 0x00,
  0x0f, 0xf1, 0x00, 0x00, 0x1f, 0xf0, 0x0f, 0xf1, 0x00, 0x00, 0x1f, 0xf0, 0x0f, 0xf1, 0x00, 0x00, 0x1f, 0xf0, 0x0f, 0xf1, 0x00, 0x00, 0x1f, 0xf0,
  0x0f, 0xf1, 0x00, 0x00, 0x1f, 0xf0, 0x0f, 0xf1, 0x00, 0x00, 0x1f, 0xf0, 0x0f, 0xf1, 0x00, 0x00, 0x1f, 0xf0, 0x0f, 0xf1, 0x00, 0x00, 0x1f, 0xf0,
  0x0e, 0xf4, 0x00, 0x00, 0x4f, 0xe0, 0x09, 0xfd, 0x10, 0x01, 0xdf, 0x80, 0x01, 0xdf, 0xfd, 0xdf, 0xfc, 0x00, 0x00, 0x07, 0xdf, 0xfc, 0x70, 0x00,
  0x7f, 0xb0, 0x00, 0x00, 0x03, 0xfe, 0x00, 0x1f, 0xf1, 0x00, 0x00, 0x09, 0xf8, 0x00, 0x0a, 0xf7, 0x00, 0x00, 0x0e, 0xf2, 0x00, 0x04, 0xfd, 0x00,
  0x00, 0x5f, 0xc0, 0x00, 0x00, 0xef, 0x30, 0x00, 0xbf, 0x50, 0x00, 0x00, 0x7f, 0x90, 0x01, 0xff, 0x00, 0x00, 0x00, 0x1f, 0xe0, 0x07, 0xf9, 0x00,
  0x00, 0x00, 0x0b, 0xf5, 0x0d, 0xf3, 0x00, 0x00, 0x00, 0x05, 0xfb, 0x3f, 0xc0, 0x00, 0x00, 0x00, 0x00, 0xef, 0xaf, 0x60, 0x00, 0x00, 0x00, 0x00,
  0x8f, 0xff, 0x00, 0x00, 0x00, 0x00, 0x00, 0x2f, 0xfa, 0x00, 0x00, 0x00, 0x8f, 0xa0, 0x00, 0x03, 0xff, 0x50, 0x00, 0x0b, 0xf7, 0x3f, 0xe0, 0x00,
  0x08, 0xff, 0x90, 0x00, 0x0f, 0xf2, 0x0e, 0xf2, 0x00, 0x0c, 0xff, 0xe0, 0x00, 0x3f, 0xd0, 0x0a, 0xf7, 0x00, 0x1f, 0xcd, 0xf2, 0x00, 0x8f, 0x80,
  0x05, 0xfb, 0x00, 0x6f, 0x79, 0xf6, 0x00, 0xcf, 0x30, 0x00, 0xff, 0x00, 0xaf, 0x34, 0xfb, 0x00, 0xfe, 0x00, 0x00, 0xbf, 0x30, 0xee, 0x00, 0xff,
  0x04, 0xfa, 0x00, 0x00, 0x7f, 0x83, 0xf9, 0x00, 0xbf, 0x39, 0xf5, 0x00, 0x00, 0x2f, 0xc8, 0xf4, 0x00, 0x6f, 0x7d, 0xf0, 0x00, 0x00, 0x0d, 0xfd,
  0xe0, 0x00, 0x1f, 0xdf, 0xb0, 0x00, 0x00, 0x08, 0xff, 0xa0, 0x00, 0x0d, 0xff, 0x60, 0x00, 0x00, 0x04, 0xff, 0x50, 0x00, 0x08, 0xff, 0x10, 0x00,
  0x0c, 0xf8, 0x00, 0x00, 0x9f, 0xa0, 0x02, 0xff, 0x30, 0x03, 0xfe, 0x10, 0x00, 0x7f, 0xc0, 0x0c, 0xf5, 0x00, 0x00, 0x0c, 0xf7, 0x6f, 0xb0, 0x00,
  0x00, 0x03, 0xff, 0xff, 0x10, 0x00, 0x00, 0x00, 0x8f, 0xf6, 0x00, 0x00, 0x00, 0x00, 0x8f, 0xf6, 0x00, 0x00, 0x00, 0x02, 0xfe, 0xff, 0x10, 0x00,
  0x00, 0x0c, 0xf5, 0x9f, 0xb0, 0x00, 0x00, 0x7f, 0xb0, 0x0e, 0xf5, 0x00, 0x02, 0xff, 0x20, 0x04, 0xfe, 0x10, 0x0b, 0xf8, 0x00, 0x00, 0xaf, 0xa0,
  0x0d, 0xf6, 0x00, 0x00, 0x4f, 0xe0, 0x05, 0xfd, 0x00, 0x00, 0xcf, 0x60, 0x00, 0xcf, 0x50, 0x04, 0xfd, 0x00, 0x00, 0x4f, 0xd0, 0x0c, 0xf5, 0x00,
  0x00, 0x0b, 0xf5, 0x4f, 0xc0, 0x00, 0x00, 0x02, 0xfd, 0xcf, 0x40, 0x00, 0x00, 0x00, 0xaf, 0xfb, 0x00, 0x00, 0x00, 0x00, 0x1f, 0xf3, 0x00, 0x00,
  0x00, 0x00, 0x0f, 0xf1, 0x00, 0x00, 0x00, 0x00, 0x0f, 0xf1, 0x00, 0x00, 0x00, 0x00, 0x0f, 0xf1, 0x00, 0x00, 0x00, 0x00, 0x0f, 0xf1, 0x00, 0x00,
  0x0f, 0xff, 0xff, 0xff, 0xf0, 0x0c, 0xcc, 0xcc, 0xdf, 0xf0, 0x00, 0x00, 0x00, 0xdf, 0x60, 0x00, 0x00, 0x08, 0xfb, 0x00, 0x00, 0x00, 0x2f, 0xf2,
  0x00, 0x00, 0x00, 0xcf, 0x70, 0x00, 0x00, 0x07, 0xfc, 0x00, 0x00, 0x00, 0x2f, 0xf2, 0x00, 0x00, 0x00, 0xcf, 0x70, 0x00, 0x00, 0x06, 0xfd, 0x00,
  0x00, 0x00, 0x0f, 0xfd, 0xcc, 0xcc, 0xc0, 0x0f, 0xff, 0xff, 0xff, 0xf0, 0x00, 0x0f, 0xff, 0xf0, 0x00, 0x00, 0x0f, 0xfc, 0xc0, 0x00, 0x00, 0x0f,
  0xf1, 0x00, 0x00, 0x00, 0x0f, 0xf1, 0x00, 0x00, 0x00, 0x0f, 0xf1, 0x00, 0x00, 0x00, 0x0f, 0xf1, 0x00, 0x00, 0x00, 0x0f, 0xf1, 0x00, 0x00, 0x00,
  0x0f, 0xf1, 0x00, 0x00, 0x00, 0x0f, 0xf1, 0x00, 0x00, 0x00, 0x0f, 0xf1, 0x00, 0x00, 0x00, 0x0f, 0xf1, 0x00, 0x00, 0x00, 0x0f, 0xf1, 0x00, 0x00,
  0x00, 0x0f, 0xf1, 0x00, 0x00, 0x00, 0x0f, 0xf1, 0x00, 0x00, 0x00, 0x0f, 0xf1, 0x00, 0x00, 0x00, 0x0f, 0xf1, 0x00, 0x00, 0x00, 0x0f, 0xf1, 0x00,
  0x00, 0x00, 0x0f, 0xf1, 0x00, 0x00, 0x00, 0x0f, 0xfc, 0xc0, 0x00, 0x00, 0x0f, 0xff, 0xf0, 0x00, 0x00, 0x0e, 0xf1, 0x00, 0x00, 0x00, 0x00, 0x00,
  0x0a, 0xf5, 0x00, 0x00, 0x00, 0x00, 0x00, 0x05, 0xfa, 0x00, 0x00, 0x00, 0x00, 0x00, 0x01, 0xfe, 0x00, 0x00, 0x00, 0x00, 0x00, 0x00, 0xdf, 0x20,
  0x00, 0x00, 0x00, 0x00, 0x00, 0x9f, 0x70, 0x00, 0x00, 0x00, 0x00, 0x00, 0x4f, 0xb0, 0x00, 0x00, 0x00, 0x00, 0x00, 0x0f, 0xf0, 0x00, 0x00, 0x00,
  0x00, 0x00, 0x0c, 0xf4, 0x00, 0x00, 0x00, 0x00, 0x00, 0x07, 0xf8, 0x00, 0x00, 0x00, 0x00, 0x00, 0x03, 0xfc, 0x00, 0x00, 0x00, 0x00, 0x00, 0x00,
  0xef, 0x10, 0x00, 0x00, 0x00, 0x00, 0x00, 0xaf, 0x50, 0x00, 0x00, 0x00, 0x00, 0x00, 0x6f, 0x90, 0x00, 0x00, 0x00, 0x00, 0x00, 0x2f, 0xe0, 0x00,
  0x00, 0x00, 0x00, 0x00, 0x0d, 0xf2, 0x00, 0x00, 0x00, 0x00, 0x00, 0x09, 0xf6, 0x00, 0x00, 0x00, 0x00, 0x00, 0x05, 0xfb, 0x00, 0x00, 0x00, 0x00,
  0x00, 0x00, 0xff, 0x00, 0x00, 0x00, 0x00, 0x00, 0x00, 0xcf, 0x30, 0x00, 0x00, 0xff, 0xff, 0x10, 0x00, 0x00, 0xcc, 0xff, 0x10, 0x00, 0x00, 0x00,
  0xff, 0x10, 0x00, 0x00, 0x00, 0xff, 0x10, 0x00, 0x00, 0x00, 0xff, 0x10, 0x00, 0x00, 0x00, 0xff, 0x10, 0x00, 0x00, 0x00, 0xff, 0x10, 0x00, 0x00,
  0x00, 0xff, 0x10, 0x00, 0x00, 0x00, 0xff, 0x10, 0x00, 0x00, 0x00, 0xff, 0x10, 0x00, 0x00, 0x00, 0xff, 0x10, 0x00, 0x00, 0x00, 0xff, 0x10, 0x00,
  0x00, 0x00, 0xff, 0x10, 0x00, 0x00, 0x00, 0xff, 0x10, 0x00, 0x00, 0x00, 0xff, 0x10, 0x00, 0x00, 0x00, 0xff, 0x10, 0x00, 0x00, 0x00, 0xff, 0x10,
  0x00, 0x00, 0x00, 0xff, 0x10, 0x00, 0x00, 0xcc, 0xff, 0x10, 0x00, 0x00, 0xff, 0xff, 0x10, 0x00, 0x00, 0x00, 0x18, 0x70, 0x00, 0x00, 0x00, 0x00,
  0x8f, 0xf4, 0x00, 0x00, 0x00, 0x00, 0xff, 0xfc, 0x00, 0x00, 0x00, 0x07, 0xfa, 0xdf, 0x30, 0x00, 0x00, 0x0e, 0xf3, 0x6f, 0xa0, 0x00, 0x00, 0x5f,
  0xc0, 0x0e, 0xf2, 0x00, 0x00, 0xcf, 0x50, 0x08, 0xf8, 0x00, 0x03, 0xfd, 0x00, 0x01, 0xff, 0x10, 0x0b, 0xf6, 0x00, 0x00, 0xaf, 0x70, 0x2f, 0xf0,
  0x00, 0x00, 0x3f, 0xe0, 0x00, 0x00, 0x00, 0x00, 0x00, 0x00, 0x00, 0x00, 0x00, 0x00, 0x00, 0x00, 0x00, 0x00, 0x00, 0x00, 0x00, 0x00, 0x00, 0x00,
  0x00, 0x00, 0x00, 0x00, 0x00, 0x00, 0xcc, 0xcc, 0xcc, 0xcc, 0xcc, 0x00, 0x00, 0xff, 0xff, 0xff, 0xff, 0xff, 0x00, 0x00, 0x00, 0x00, 0x0e, 0x60,
  0x00, 0x0c, 0xfd, 0x40, 0x00, 0x4b, 0xf0, 0x00, 0x00, 0x30, 0x00, 0x00, 0x00, 0x00, 0x00, 0x00, 0x00, 0x00, 0x00, 0x00, 0x00, 0x00, 0x00, 0x00,
  0x00, 0x00, 0x00, 0x00, 0x00, 0x00, 0x00, 0x00, 0x00, 0x00, 0x00, 0x00, 0x00, 0x00, 0x00, 0x00, 0x00, 0x07, 0xdf, 0xe9, 0x1f, 0xf1, 0x00, 0xbf,
  0xfd, 0xdf, 0xdf, 0xf1, 0x06, 0xff, 0x30, 0x03, 0xef, 0xf1, 0x0c, 0xf6, 0x00, 0x00, 0x5f, 0xf1, 0x0f, 0xf2, 0x00, 0x00, 0x0f, 0xf1, 0x0f, 0xf2,
  0x00, 0x00, 0x0f, 0xf1, 0x0c, 0xf7, 0x00, 0x00, 0x5f, 0xf1, 0x06, 0xff, 0x40, 0x03, 0xef, 0xf1, 0x00, 0xbf, 0xfd, 0xdf, 0xdf, 0xf1, 0x00, 0x07,
  0xdf, 0xe8, 0x0f, 0xf1, 0x0f, 0xf1, 0x00, 0x00, 0x00, 0x00, 0x0f, 0xf1, 0x00, 0x00, 0x00, 0x00, 0x0f, 0xf1, 0x00, 0x00, 0x00, 0x00, 0x0f, 0xf2,
  0x8d, 0xfd, 0x80, 0x00, 0x0f, 0xfd, 0xfd, 0xdf, 0xfc, 0x00, 0x0f, 0xff, 0x40, 0x03, 0xef, 0x80, 0x0f, 0xf6, 0x00, 0x00, 0x5f, 0xe0, 0x0f, 0xf2,
  0x00, 0x00, 0x0f, 0xf0, 0x0f, 0xf2, 0x00, 0x00, 0x1f, 0xf0, 0x0f, 0xf6, 0x00, 0x00, 0x5f, 0xd0, 0x0f, 0xff, 0x30, 0x03, 0xef, 0x70, 0x0f, 0xfd,
  0xfd, 0xdf, 0xfc, 0x00, 0x0f, 0xf2, 0x8d, 0xfd, 0x70, 0x00, 0x00, 0x06, 0xcf, 0xeb, 0x40, 0x00, 0x00, 0xbf, 0xfd, 0xdf, 0xf7, 0x00, 0x06, 0xfe,
  0x20, 0x05, 0xff, 0x10, 0x0c, 0xf6, 0x00, 0x00, 0x34, 0x10, 0x0f, 0xf2, 0x00, 0x00, 0x00, 0x00, 0x0f, 0xf2, 0x00, 0x00, 0x00, 0x00, 0x0c, 0xf6,
  0x00, 0x00, 0x34, 0x10, 0x06, 0xfe, 0x20, 0x05, 0xff, 0x10, 0x00, 0xbf, 0xfd, 0xdf, 0xf6, 0x00, 0x00, 0x06, 0xcf, 0xeb, 0x40, 0x00, 0x00, 0x00,
  0x00, 0x00, 0x0f, 0xf1, 0x00, 0x00, 0x00, 0x00, 0x0f, 0xf1, 0x00, 0x00, 0x00, 0x00, 0x0f, 0xf1, 0x00, 0x07, 0xdf, 0xe8, 0x1f, 0xf1, 0x00, 0xbf,
  0xfd, 0xdf, 0xdf, 0xf1, 0x06, 0xff, 0x30, 0x03, 0xef, 0xf1, 0x0c, 0xf6, 0x00, 0x00, 0x5f, 0xf1, 0x0f, 0xf2, 0x00, 0x00, 0x0f, 0xf1, 0x0f, 0xf2,
  0x00, 0x00, 0x0f, 0xf1, 0x0c, 0xf7, 0x00, 0x00, 0x5f, 0xf1, 0x06, 0xff, 0x40, 0x03, 0xef, 0xf1, 0x00, 0xbf, 0xfd, 0xdf, 0xdf, 0xf1, 0x00, 0x07,
  0xdf, 0xe9, 0x1f, 0xf1, 0x00, 0x2a, 0xef, 0xd8, 0x00, 0x00, 0x04, 0xff, 0xec, 0xff, 0xd0, 0x00, 0x0e, 0xf6, 0x00, 0x1b, 0xf8, 0x00, 0x4f, 0xc0,
  0x00, 0x01, 0xfe, 0x00, 0x7f, 0xff, 0xff, 0xff, 0xff, 0x00, 0x7f, 0xec, 0xcc, 0xcc, 0xcc, 0x00, 0x4f, 0xc0, 0x00, 0x00, 0x10, 0x00, 0x0e, 0xf7,
  0x00, 0x0b, 0xf8, 0x00, 0x03, 0xff, 0xec, 0xff, 0xc0, 0x00, 0x00, 0x2a, 0xef, 0xd8, 0x00, 0x00, 0x00, 0x01, 0x57, 0x00, 0x4f, 0xff, 0x00, 0xdf,
  0xa4, 0x00, 0xff, 0x10, 0x0f, 0xff, 0xff, 0x0c, 0xff, 0xcc, 0x00, 0xff, 0x10, 0x00, 0xff, 0x10, 0x00, 0xff, 0x10, 0x00, 0xff, 0x10, 0x00, 0xff,
  0x10, 0x00, 0xff, 0x10, 0x00, 0xff, 0x10, 0x00, 0xff, 0x10, 0x00, 0x07, 0xdf, 0xe9, 0x1f, 0xf1, 0x00, 0xbf, 0xfd, 0xdf, 0xdf, 0xf1, 0x06, 0xff,
  0x30, 0x03, 0xef, 0xf1, 0x0c, 0xf6, 0x00, 0x00, 0x5f, 0xf1, 0x0f, 0xf2, 0x00, 0x00, 0x0f, 0xf1, 0x0f, 0xf2, 0x00, 0x00, 0x0f, 0xf1, 0x0c, 0xf7,
  0x00, 0x00, 0x5f, 0xf1, 0x06, 0xff, 0x40, 0x03, 0xef, 0xf1, 0x00, 0xbf, 0xfd, 0xdf, 0xcf, 0xf1, 0x00, 0x07, 0xdf, 0xe8, 0x0f, 0xf1, 0x00, 0x00,
  0x00, 0x00, 0x0f, 0xf0, 0x04, 0xa6, 0x00, 0x00, 0x4f, 0xe0, 0x03, 0xff, 0x50, 0x01, 0xdf, 0x80, 0x00, 0x8f, 0xfe, 0xdf, 0xfd, 0x00, 0x00, 0x04,
  0xbe, 0xfd, 0x80, 0x00, 0x0f, 0xf1, 0x00, 0x00, 0x00, 0x00, 0x0f, 0xf1, 0x00, 0x00, 0x00, 0x00, 0x0f, 0xf1, 0x00, 0x00, 0x00, 0x00, 0x0f, 0xf3,
  0xae, 0xfc, 0x40, 0x00, 0x0f, 0xff, 0xfc, 0xff, 0xf4, 0x00, 0x0f, 0xfc, 0x10, 0x0b, 0xfc, 0x00, 0x0f, 0xf4, 0x00, 0x02, 0xff, 0x00, 0x0f, 0xf1,
  0x00, 0x00, 0xff, 0x10, 0x0f, 0xf1, 0x00, 0x00, 0xff, 0x10, 0x0f, 0xf1, 0x00, 0x00, 0xff, 0x10, 0x0f, 0xf1, 0x00, 0x00, 0xff, 0x10, 0x0f, 0xf1,
  0x00, 0x00, 0xff, 0x10, 0x0f, 0xf1, 0x00, 0x00, 0xff, 0x10, 0x08, 0x90, 0x00, 0x0f, 0xf0, 0x00, 0x0a, 0xc0, 0x00, 0x00, 0x00, 0x00, 0x0f, 0xf1,
  0x00, 0x0f, 0xf1, 0x00, 0x0f, 0xf1, 0x00, 0x0f, 0xf1, 0x00, 0x0f, 0xf1, 0x00, 0x0f, 0xf1, 0x00, 0x0f, 0xf1, 0x00, 0x0f, 0xf1, 0x00, 0x0f, 0xf1,
  0x00, 0x0f, 0xf1, 0x00, 0x00, 0x89, 0x00, 0x00, 0xff, 0x00, 0x00, 0xac, 0x00, 0x00, 0x00, 0x00, 0x00, 0xff, 0x10, 0x00, 0xff, 0x10, 0x00, 0xff,
  0x10, 0x00, 0xff, 0x10, 0x00, 0xff, 0x10, 0x00, 0xff, 0x10, 0x00, 0xff, 0x10, 0x00, 0xff, 0x10, 0x00, 0xff, 0x10, 0x00, 0xff, 0x10, 0x00, 0xff,
  0x10, 0x00, 0xff, 0x10, 0x00, 0xff, 0x00, 0x5d, 0xfd, 0x00, 0x8f, 0xc3, 0x00, 0x0f, 0xf1, 0x00, 0x00, 0x00, 0x0f, 0xf1, 0x00, 0x00, 0x00, 0x0f,
  0xf1, 0x00, 0x00, 0x00, 0x0f, 0xf1, 0x00, 0xbf, 0xe2, 0x0f, 0xf1, 0x08, 0xff, 0x30, 0x0f, 0xf1, 0x5f, 0xf4, 0x00, 0x0f, 0xf4, 0xff, 0x50, 0x00,
  0x0f, 0xff, 0xf7, 0x00, 0x00, 0x0f, 0xff, 0xf6, 0x00, 0x00, 0x0f, 0xf5, 0xff, 0x50, 0x00, 0x0f, 0xf1, 0x6f, 0xf4, 0x00, 0x0f, 0xf1, 0x08, 0xff,
  0x30, 0x0f, 0xf1, 0x00, 0xaf, 0xe2, 0x0f, 0xf1, 0x00, 0x0f, 0xf1, 0x00, 0x0f, 0xf1, 0x00, 0x0f, 0xf1, 0x00, 0x0f, 0xf1, 0x00, 0x0f, 0xf1, 0x00,
  0x0f, 0xf1, 0x00, 0x0f, 0xf1, 0x00, 0x0f, 0xf1, 0x00, 0x0f, 0xf1, 0x00, 0x0f, 0xf1, 0x00, 0x0f, 0xf1, 0x00, 0x0f, 0xf1, 0x00, 0x0f, 0xf4, 0xbf,
  0xfb, 0x30, 0x2a, 0xef, 0xb3, 0x00, 0x00, 0x0f, 0xff, 0xfc, 0xff, 0xf6, 0xff, 0xcf, 0xff, 0x40, 0x00, 0x0f, 0xfc, 0x10, 0x0b, 0xff, 0xc1, 0x00,
  0xbf, 0xc0, 0x00, 0x0f, 0xf4, 0x00, 0x02, 0xff, 0x40, 0x00, 0x2f, 0xf0, 0x00, 0x0f, 0xf1, 0x00, 0x00, 0xff, 0x10, 0x00, 0x0f, 0xf1, 0x00, 0x0f,
  0xf1, 0x00, 0x00, 0xff, 0x10, 0x00, 0x0f, 0xf1, 0x00, 0x0f, 0xf1, 0x00, 0x00, 0xff, 0x10, 0x00, 0x0f, 0xf1, 0x00, 0x0f, 0xf1, 0x00, 0x00, 0xff,
  0x10, 0x00, 0x0f, 0xf1, 0x00, 0x0f, 0xf1, 0x00, 0x00, 0xff, 0x10, 0x00, 0x0f, 0xf1, 0x00, 0x0f, 0xf1, 0x00, 0x00, 0xff, 0x10, 0x00, 0x0f, 0xf1,
  0x00, 0x0f, 0xf4, 0xbf, 0xfb, 0x30, 0x00, 0x0f, 0xff, 0xfc, 0xff, 0xf4, 0x00, 0x0f, 0xfc, 0x10, 0x0b, 0xfc, 0x00, 0x0f, 0xf4, 0x00, 0x02, 0xff,
  0x00, 0x0f, 0xf1, 0x00, 0x00, 0xff, 0x10, 0x0f, 0xf1, 0x00, 0x00, 0xff, 0x10, 0x0f, 0xf1, 0x00, 0x00, 0xff, 0x10, 0x0f, 0xf1, 0x00, 0x00, 0xff,
  0x10, 0x0f, 0xf1, 0x00, 0x00, 0xff, 0x10, 0x0f, 0xf1, 0x00, 0x00, 0xff, 0x10, 0x00, 0x05, 0xce, 0xfc, 0x60, 0x00, 0x00, 0x9f, 0xfd, 0xdf, 0xfb,
  0x00, 0x05, 0xfe, 0x30, 0x03, 0xef, 0x70, 0x0c, 0xf6, 0x00, 0x00, 0x5f, 0xd0, 0x0f, 0xf2, 0x00, 0x00, 0x0f, 0xf0, 0x0f, 0xf2, 0x00, 0x00, 0x0f,
  0xf0, 0x0c, 0xf6, 0x00, 0x00, 0x5f, 0xd0, 0x06, 0xfe, 0x30, 0x03, 0xef, 0x60, 0x00, 0xaf, 0xfd, 0xdf, 0xfa, 0x00, 0x00, 0x05, 0xcf, 0xfc, 0x50,
  0x00, 0x0f, 0xf2, 0x8d, 0xfd, 0x80, 0x00, 0x0f, 0xfd, 0xfd, 0xdf, 0xfc, 0x00, 0x0f, 0xff, 0x40, 0x03, 0xef, 0x80, 0x0f, 0xf6, 0x00, 0x00, 0x5f,
  0xe0, 0x0f, 0xf2, 0x00, 0x00, 0x0f, 0xf0, 0x0f, 0xf2, 0x00, 0x00, 0x1f, 0xf0, 0x0f, 0xf6, 0x00, 0x00, 0x5f, 0xd0, 0x0f, 0xff, 0x30, 0x03, 0xef,
  0x70, 0x0f, 0xfd, 0xfd, 0xdf, 0xfc, 0x00, 0x0f, 0xf2, 0x8d, 0xfd, 0x70, 0x00, 0x0f, 0xf1, 0x00, 0x00, 0x00, 0x00, 0x0f, 0xf1, 0x00, 0x00, 0x00,
  0x00, 0x0f, 0xf1, 0x00, 0x00, 0x00, 0x00, 0x0f, 0xf1, 0x00, 0x00, 0x00, 0x00, 0x0f, 0xf1, 0x00, 0x00, 0x00, 0x00, 0x00, 0x07, 0xdf, 0xe9, 0x1f,
  0xf1, 0x00, 0xbf, 0xfd, 0xdf, 0xdf, 0xf1, 0x06, 0xff, 0x30, 0x03, 0xef, 0xf1, 0x0c, 0xf6, 0x00, 0x00, 0x5f, 0xf1, 0x0f, 0xf2, 0x00, 0x00, 0x0f,
  0xf1, 0x0f, 0xf2, 0x00, 0x00, 0x0f, 0xf1, 0x0c, 0xf7, 0x00, 0x00, 0x5f, 0xf1, 0x06, 0xff, 0x40, 0x03, 0xef, 0xf1, 0x00, 0xbf, 0xfd, 0xdf, 0xdf,
  0xf1, 0x00, 0x07, 0xdf, 0xe8, 0x0f, 0xf1, 0x00, 0x00, 0x00, 0x00, 0x0f, 0xf1, 0x00, 0x00, 0x00, 0x00, 0x0f, 0xf1, 0x00, 0x00, 0x00, 0x00, 0x0f,
  0xf1, 0x00, 0x00, 0x00, 0x00, 0x0f, 0xf1, 0x00, 0x00, 0x00, 0x00, 0x0f, 0xf1, 0x0f, 0xf4, 0xbf, 0x00, 0x0f, 0xff, 0xec, 0x00, 0x0f, 0xfa, 0x00,
  0x00, 0x0f, 0xf3, 0x00, 0x00, 0x0f, 0xf1, 0x00, 0x00, 0x0f, 0xf1, 0x00, 0x00, 0x0f, 0xf1, 0x00, 0x00, 0x0f, 0xf1, 0x00, 0x00, 0x0f, 0xf1, 0x00,
  0x00, 0x0f, 0xf1, 0x00, 0x00, 0x00, 0x6c, 0xfe, 0xc5, 0x00, 0x08, 0xff, 0xcd, 0xff, 0x70, 0x0f, 0xf3, 0x00, 0x8f, 0xe0, 0x0d, 0xf8, 0x00, 0x02,
  0x20, 0x04, 0xef, 0xfb, 0x61, 0x00, 0x00, 0x06, 0xaf, 0xff, 0x40, 0x02, 0x20, 0x00, 0x7f, 0xd0, 0x0d, 0xf5, 0x00, 0x4f, 0xf0, 0x05, 0xff, 0xdd,
  0xff, 0x80, 0x00, 0x4b, 0xff, 0xd7, 0x00, 0x00, 0xff, 0x10, 0x00, 0x00, 0xff, 0x10, 0x00, 0x0f, 0xff, 0xff, 0xf0, 0x0c, 0xff, 0xcc, 0xc0, 0x00,
  0xff, 0x10, 0x00, 0x00, 0xff, 0x10, 0x00, 0x00, 0xff, 0x10, 0x00, 0x00, 0xff, 0x10, 0x00, 0x00, 0xff, 0x10, 0x00, 0x00, 0xff, 0x20, 0x00, 0x00,
  0xbf, 0xeb, 0xb0, 0x00, 0x1a, 0xef, 0xf0, 0x0f, 0xf1, 0x00, 0x00, 0xff, 0x10, 0x0f, 0xf1, 0x00, 0x00, 0xff, 0x10, 0x0f, 0xf1, 0x00, 0x00, 0xff,
  0x10, 0x0f, 0xf1, 0x00, 0x00, 0xff, 0x10, 0x0f, 0xf1, 0x00, 0x00, 0xff, 0x10, 0x0f, 0xf1, 0x00, 0x00, 0xff, 0x10, 0x0e, 0xf4, 0x00, 0x02, 0xff,
  0x10, 0x0b, 0xfc, 0x10, 0x0b, 0xff, 0x10, 0x03, 0xff, 0xfc, 0xff, 0xff, 0x10, 0x00, 0x3b, 0xff, 0xb3, 0xff, 0x10, 0xaf, 0x80, 0x00, 0x03, 0xff,
  0x00, 0x4f, 0xe0, 0x00, 0x08, 0xf9, 0x00, 0x0d, 0xf4, 0x00, 0x0e, 0xf3, 0x00, 0x08, 0xf9, 0x00, 0x3f, 0xd0, 0x00, 0x02, 0xfe, 0x00, 0x9f, 0x70,
  0x00, 0x00, 0xcf, 0x40, 0xef, 0x10, 0x00, 0x00, 0x6f, 0xa4, 0xfb, 0x00, 0x00, 0x00, 0x0f, 0xfa, 0xf5, 0x00, 0x00, 0x00, 0x0a, 0xff, 0xe0, 0x00,
  0x00, 0x00, 0x04, 0xff, 0x90, 0x00, 0x00, 0xaf, 0x60, 0x00, 0xbf, 0xb0, 0x00, 0x7f, 0x80, 0x5f, 0xa0, 0x00, 0xff, 0xf0, 0x00, 0xbf, 0x30, 0x0f,
  0xe0, 0x03, 0xff, 0xf3, 0x00, 0xfe, 0x00, 0x0b, 0xf2, 0x07, 0xf8, 0xf7, 0x03, 0xf9, 0x00, 0x06, 0xf6, 0x0b, 0xe1, 0xfb, 0x07, 0xf4, 0x00, 0x01,
  0xfa, 0x0f, 0xa0, 0xcf, 0x0c, 0xf0, 0x00, 0x00, 0xce, 0x4f, 0x60, 0x8f, 0x4f, 0xa0, 0x00, 0x00, 0x7f, 0xbf, 0x10, 0x3f, 0xbf, 0x50, 0x00, 0x00,
  0x2f, 0xfd, 0x00, 0x0f, 0xff, 0x10, 0x00, 0x00, 0x0d, 0xf9, 0x00, 0x0b, 0xfb, 0x00, 0x00, 0x8f, 0xc0, 0x00, 0xaf, 0x70, 0x0d, 0xf7, 0x03, 0xfc,
  0x00, 0x03, 0xff, 0x2d, 0xf3, 0x00, 0x00, 0x9f, 0xef, 0x80, 0x00, 0x00, 0x1e, 0xfd, 0x00, 0x00, 0x00, 0x0d, 0xfe, 0x00, 0x00, 0x00, 0x8f, 0xef,
  0x90, 0x00, 0x03, 0xfc, 0x2f, 0xf3, 0x00, 0x0d, 0xf3, 0x07, 0xfd, 0x00, 0x7f, 0xa0, 0x00, 0xdf, 0x70, 0x9f, 0xa0, 0x00, 0x01, 0xff, 0x10, 0x3f,
  0xf0, 0x00, 0x06, 0xfa, 0x00, 0x0d, 0xf5, 0x00, 0x0c, 0xf4, 0x00, 0x07, 0xfb, 0x00, 0x2f, 0xd0, 0x00, 0x01, 0xff, 0x10, 0x8f, 0x70, 0x00, 0x00,
  0xaf, 0x60, 0xef, 0x10, 0x00, 0x00, 0x4f, 0xc4, 0xfa, 0x00, 0x00, 0x00, 0x0e, 0xfc, 0xf3, 0x00, 0x00, 0x00, 0x08, 0xff, 0xd0, 0x00, 0x00, 0x00,
  0x01, 0xff, 0x60, 0x00, 0x00, 0x00, 0x01, 0xff, 0x00, 0x00, 0x00, 0x00, 0x08, 0xf9, 0x00, 0x00, 0x00, 0x00, 0x0e, 0xf3, 0x00, 0x00, 0x00, 0x00,
  0x5f, 0xc0, 0x00, 0x00, 0x00, 0x00, 0xbf, 0x60, 0x00, 0x00, 0x00, 0x0f, 0xff, 0xff, 0xff, 0x0c, 0xcc, 0xce, 0xff, 0x00, 0x00, 0x0d, 0xf7, 0x00,
  0x00, 0xaf, 0xc0, 0x00, 0x05, 0xff, 0x10, 0x00, 0x1f, 0xf5, 0x00, 0x00, 0xcf, 0xa0, 0x00, 0x07, 0xfe, 0x00, 0x00, 0x0f, 0xfe, 0xcc, 0xcc, 0x0f,
  0xff, 0xff, 0xff, 0x00, 0x00, 0x1b, 0xff, 0x00, 0x00, 0x00, 0xbf, 0xec, 0x00, 0x00, 0x00, 0xff, 0x20, 0x00, 0x00, 0x00, 0xff, 0x10, 0x00, 0x00,
  0x00, 0xff, 0x10, 0x00, 0x00, 0x00, 0xff, 0x10, 0x00, 0x00, 0x00, 0xff, 0x10, 0x00, 0x00, 0x00, 0xff, 0x10, 0x00, 0x00, 0x04, 0xfe, 0x00, 0x00,
  0x00, 0x6f, 0xd4, 0x00, 0x00, 0x00, 0x6f, 0xd4, 0x00, 0x00, 0x00, 0x04, 0xfe, 0x00, 0x00, 0x00, 0x00, 0xff, 0x10, 0x00, 0x00, 0x00, 0xff, 0x10,
  0x00, 0x00, 0x00, 0xff, 0x10, 0x00, 0x00, 0x00, 0xff, 0x10, 0x00, 0x00, 0x00, 0xff, 0x10, 0x00, 0x00, 0x00, 0xff, 0x20, 0x00, 0x00, 0x00, 0xbf,
  0xec, 0x00, 0x00, 0x00, 0x1b, 0xff, 0x00, 0x00, 0xff, 0x10, 0x00, 0xff, 0x10, 0x00, 0xff, 0x10, 0x00, 0xff, 0x10, 0x00, 0xff, 0x10, 0x00, 0xff,
  0x10, 0x00, 0xff, 0x10, 0x00, 0xff, 0x10, 0x00, 0xff, 0x10, 0x00, 0xff, 0x10, 0x00, 0xff, 0x10, 0x00, 0xff, 0x10, 0x00, 0xff, 0x10, 0x00, 0xff,
  0x10, 0x00, 0xff, 0x10, 0x00, 0xff, 0x10, 0x08, 0xf8, 0x00, 0x00, 0x00, 0x06, 0xff, 0x20, 0x00, 0x00, 0x00, 0xcf, 0x50, 0x00, 0x00, 0x00, 0x8f,
  0x70, 0x00, 0x00, 0x00, 0x2f, 0x90, 0x00, 0x00, 0x00, 0x0f, 0xc0, 0x00, 0x00, 0x00, 0x0f, 0xf0, 0x00, 0x00, 0x00, 0x0f, 0xf1, 0x00, 0x00, 0x00,
  0x0d, 0xf7, 0x00, 0x00, 0x00, 0x03, 0xdf, 0xd0, 0x00, 0x00, 0x03, 0xdf, 0xd0, 0x00, 0x00, 0x0d, 0xf7, 0x00, 0x00, 0x00, 0x0f, 0xf1, 0x00, 0x00,
  0x00, 0x3f, 0xf0, 0x00, 0x00, 0x00, 0x8f, 0xc0, 0x00, 0x00, 0x00, 0xbf, 0x90, 0x00, 0x00, 0x00, 0xbf, 0x70, 0x00, 0x00, 0x00, 0xcf, 0x50, 0x00,
  0x00, 0x06, 0xff, 0x20, 0x00, 0x00, 0x08, 0xf8, 0x00, 0x00, 0x00, 0x02, 0xcf, 0xb3, 0x06, 0xf2, 0x0d, 0xfd, 0xff, 0xdf, 0xc0, 0x3f, 0x50, 0x3c,
  0xfb, 0x10, 0x00, 0x00, 0x00, 0x00, 0x00, 0x00, 0x00, 0x00, 0x00, 0x00, 0x00, 0x00, 0x00, 0x00, 0x00, 0x00, 0x00, 0x00, 0x00, 0x00, 0x00, 0x06,
  0xcf, 0xec, 0x50, 0x00, 0x00, 0xaf, 0xfd, 0xdf, 0xf9, 0x00, 0x05, 0xfe, 0x30, 0x05, 0xff, 0x30, 0x0c, 0xf6, 0x00, 0x00, 0x45, 0x20, 0x0e, 0xf2,
  0x00, 0x00, 0x00, 0x00, 0x0f, 0xf2, 0x00, 0x00, 0x00, 0x00, 0x0d, 0xf4, 0x00, 0x00, 0x00, 0x00, 0x08, 0xfc, 0x00, 0x01, 0xff, 0x50, 0x01, 0xef,
  0xd8, 0x8e, 0xfb, 0x00, 0x00, 0x2c, 0xff, 0xff, 0x80, 0x00, 0x00, 0x00, 0x1f, 0x60, 0x00, 0x00, 0x00, 0x00, 0x0f, 0xfc, 0x40, 0x00, 0x00, 0x00,
  0x03, 0x6f, 0xe0, 0x00, 0x00, 0x00, 0xbc, 0xef, 0xe0, 0x00, 0x00, 0x00, 0xef, 0xfd, 0x30, 0x00, 0x00, 0x03, 0xb0, 0x02, 0xc0, 0x00, 0x00, 0x01,
  0xfe, 0xcf, 0xd0, 0x00, 0x00, 0x00, 0x5d, 0xfc, 0x20, 0x00, 0x00, 0x00, 0x00, 0x00, 0x00, 0x00, 0x00, 0x07, 0xdf, 0xe9, 0x1f, 0xf1, 0x00, 0xbf,
  0xfd, 0xdf, 0xdf, 0xf1, 0x06, 0xff, 0x30, 0x03, 0xef, 0xf1, 0x0c, 0xf6, 0x00, 0x00, 0x5f, 0xf1, 0x0f, 0xf2, 0x00, 0x00, 0x0f, 0xf1, 0x0f, 0xf2,
  0x00, 0x00, 0x0f, 0xf1, 0x0c, 0xf7, 0x00, 0x00, 0x5f, 0xf1, 0x06, 0xff, 0x40, 0x03, 0xef, 0xf1, 0x00, 0xbf, 0xfd, 0xdf, 0xcf, 0xf1, 0x00, 0x07,
  0xdf, 0xe8, 0x0f, 0xf1, 0x00, 0x00, 0x00, 0x00, 0x0f, 0xf0, 0x04, 0xa6, 0x00, 0x00, 0x4f, 0xe0, 0x03, 0xff, 0x50, 0x01, 0xdf, 0x80, 0x00, 0x8f,
  0xfe, 0xdf, 0xfd, 0x00, 0x00, 0x04, 0xbe, 0xfd, 0x80, 0x00, 0x0f, 0xf1, 0x00, 0x0f, 0xf1, 0x00, 0x0f, 0xf1, 0x00, 0x0f, 0xf1, 0x00, 0x0f, 0xf1,
  0x00, 0x0f, 0xf1, 0x00, 0x0f, 0xf1, 0x00, 0x0f, 0xf1, 0x00, 0x0f, 0xf1, 0x00, 0x0f, 0xf1, 0x00, 0x00, 0x00, 0xdc, 0x0d, 0xc0, 0x00, 0x00, 0x00,
  0x98, 0x09, 0x80, 0x00, 0x00, 0x00, 0x00, 0x00, 0x00, 0x00, 0x00, 0x05, 0xce, 0xfc, 0x60, 0x00, 0x00, 0x9f, 0xfd, 0xdf, 0xfb, 0x00, 0x05, 0xfe,
  0x30, 0x03, 0xef, 0x70, 0x0c, 0xf6, 0x00, 0x00, 0x5f, 0xd0, 0x0f, 0xf2, 0x00, 0x00, 0x0f, 0xf0, 0x0f, 0xf2, 0x00, 0x00, 0x0f, 0xf0, 0x0c, 0xf6,
  0x00, 0x00, 0x5f, 0xd0, 0x06, 0xfe, 0x30, 0x03, 0xef, 0x60, 0x00, 0xaf, 0xfd, 0xdf, 0xfa, 0x00, 0x00, 0x05, 0xcf, 0xfc, 0x50, 0x00, 0x00, 0x6c,
  0xfe, 0xc5, 0x00, 0x08, 0xff, 0xce, 0xff, 0x70, 0x0e, 0xf3, 0x00, 0xaf, 0xe0, 0x0e, 0xf7, 0x00, 0x13, 0x30, 0x05, 0xff, 0xe9, 0x40, 0x00, 0x00,
  0x39, 0xef, 0xfe, 0x30, 0x00, 0x00, 0x03, 0xaf, 0xd0, 0x0d, 0xe2, 0x00, 0x2f, 0xf0, 0x09, 0xfe, 0x87, 0xdf, 0xa0, 0x00, 0x9f, 0xff, 0xf9, 0x00,
  0x00, 0x01, 0xe8, 0x00, 0x00, 0x00, 0x00, 0xdf, 0xd4, 0x00, 0x00, 0x00, 0x25, 0xff, 0x00, 0x00, 0x08, 0xcd, 0xff, 0x00, 0x00, 0x0b, 0xff, 0xd5,
  0x00, 0x00, 0x0c, 0xd0, 0xcd, 0x00, 0x00, 0x00, 0x08, 0x90, 0x89, 0x00, 0x00, 0x00, 0x00, 0x00, 0x00, 0x00, 0x00, 0x0f, 0xf1, 0x00, 0x00, 0xff,
  0x10, 0x0f, 0xf1, 0x00, 0x00, 0xff, 0x10, 0x0f, 0xf1, 0x00, 0x00, 0xff, 0x10, 0x0f, 0xf1, 0x00, 0x00, 0xff, 0x10, 0x0f, 0xf1, 0x00, 0x00, 0xff,
  0x10, 0x0f, 0xf1, 0x00, 0x00, 0xff, 0x10, 0x0e, 0xf4, 0x00, 0x02, 0xff, 0x10, 0x0b, 0xfc, 0x10, 0x0b, 0xff, 0x10, 0x03, 0xff, 0xfc, 0xff, 0xff,
  0x10, 0x00, 0x3b, 0xff, 0xb3, 0xff, 0x10, 0x00, 0x00, 0x5b, 0xef, 0xd8, 0x10, 0x00, 0x00, 0x1c, 0xff, 0xdc, 0xff, 0xf4, 0x00, 0x00, 0xcf, 0xb2,
  0x00, 0x09, 0xff, 0x30, 0x06, 0xfd, 0x00, 0x00, 0x00, 0x8a, 0x60, 0x0c, 0xf6, 0x00, 0x00, 0x00, 0x00, 0x00, 0x0e, 0xf2, 0x00, 0x00, 0x00, 0x00,
  0x00, 0x0f, 0xf2, 0x00, 0x00, 0x00, 0x00, 0x00, 0x0d, 0xf4, 0x00, 0x00, 0x00, 0x00, 0x00, 0x08, 0xfa, 0x00, 0x00, 0x00, 0x35, 0x30, 0x01, 0xff,
  0x70, 0x00, 0x04, 0xff, 0x50, 0x00, 0x5f, 0xfc, 0x87, 0xaf, 0xf7, 0x00, 0x00, 0x03, 0xbf, 0xff, 0xfb, 0x40, 0x00, 0x00, 0x00, 0x01, 0xd7, 0x00,
  0x00, 0x00, 0x00, 0x00, 0x00, 0xdf, 0xc2, 0x00, 0x00, 0x00, 0x00, 0x00, 0x26, 0xfc, 0x00, 0x00, 0x00, 0x00, 0x00, 0x03, 0xff, 0x00, 0x00, 0x00,
  0x00, 0x0a, 0xff, 0xfb, 0x00, 0x00, 0x00, 0x00, 0x08, 0xcc, 0x91, 0x00, 0x00, 0x00, 0x00, 0x4f, 0x40, 0x2f, 0x50, 0x00, 0x00, 0x00, 0x0e, 0xff,
  0xfe, 0x10, 0x00, 0x00, 0x00, 0x02, 0x9b, 0x92, 0x00, 0x00, 0x00, 0x00, 0x00, 0x00, 0x00, 0x00, 0x00, 0x00, 0x00, 0x4a, 0xef, 0xec, 0x60, 0x00,
  0x00, 0x1b, 0xff, 0xec, 0xdf, 0xfe, 0x30, 0x00, 0xcf, 0xc3, 0x00, 0x01, 0xbf, 0xf1, 0x06, 0xfd, 0x00, 0x00, 0x00, 0x04, 0x52, 0x0c, 0xf5, 0x00,
  0x00, 0x00, 0x00, 0x00, 0x0e, 0xf2, 0x00, 0x0f, 0xff, 0xff, 0xff, 0x0e, 0xf2, 0x00, 0x0a, 0xaa, 0xab, 0xff, 0x0c, 0xf6, 0x00, 0x00, 0x00, 0x08,
  0xfc, 0x06, 0xfd, 0x10, 0x00, 0x00, 0x1e, 0xf5, 0x00, 0xcf, 0xd4, 0x00, 0x04, 0xdf, 0xb0, 0x00, 0x1b, 0xff, 0xfd, 0xff, 0xfb, 0x00, 0x00, 0x00,
  0x4a, 0xef, 0xeb, 0x50, 0x00, 0x08, 0x90, 0x00, 0x0c, 0xd0, 0x00, 0x00, 0x00, 0x00, 0x00, 0x00, 0x00, 0x0f, 0xf1, 0x00, 0x0f, 0xf1, 0x00, 0x0f,
  0xf1, 0x00, 0x0f, 0xf1, 0x00, 0x0f, 0xf1, 0x00, 0x0f, 0xf1, 0x00, 0x0f, 0xf1, 0x00, 0x0f, 0xf1, 0x00, 0x0f, 0xf1, 0x00, 0x0f, 0xf1, 0x00, 0x0f,
  0xf1, 0x00, 0x0f, 0xf1, 0x00, 0x00, 0x00, 0x09, 0x80, 0x98, 0x00, 0x00, 0x00, 0x00, 0x0d, 0xc0, 0xdc, 0x00, 0x00, 0x00, 0x00, 0x00, 0x00, 0x00,
  0x00, 0x00, 0x00, 0x00, 0x00, 0x00, 0x00, 0x00, 0x00, 0x00, 0x00, 0x5b, 0xef, 0xeb, 0x50, 0x00, 0x00, 0x1b, 0xff, 0xec, 0xef, 0xfb, 0x10, 0x00,
  0xcf, 0xc3, 0x00, 0x03, 0xcf, 0xc0, 0x06, 0xfd, 0x00, 0x00, 0x00, 0x0d, 0xf6, 0x0c, 0xf5, 0x00, 0x00, 0x00, 0x05, 0xfc, 0x0e, 0xf2, 0x00, 0x00,
  0x00, 0x02, 0xfe, 0x0e, 0xf2, 0x00, 0x00, 0x00, 0x02, 0xfe, 0x0c, 0xf5, 0x00, 0x00, 0x00, 0x06, 0xfc, 0x06, 0xfd, 0x00, 0x00, 0x00, 0x0d, 0xf6,
  0x00, 0xcf, 0xc3, 0x00, 0x03, 0xcf, 0xc0, 0x00, 0x1b, 0xff, 0xec, 0xef, 0xfb, 0x10, 0x00, 0x00, 0x5b, 0xef, 0xeb, 0x50, 0x00, 0x00, 0x2a, 0xef,
  0xd9, 0x10, 0x00, 0x03, 0xff, 0xec, 0xff, 0xe2, 0x00, 0x0c, 0xf8, 0x00, 0x1e, 0xfa, 0x00, 0x0f, 0xf2, 0x00, 0x04, 0x76, 0x00, 0x0e, 0xf8, 0x00,
  0x00, 0x00, 0x00, 0x06, 0xff, 0xd8, 0x30, 0x00, 0x00, 0x00, 0x5d, 0xff, 0xfe, 0x60, 0x00, 0x00, 0x00, 0x27, 0xcf, 0xf7, 0x00, 0x00, 0x00, 0x00,
  0x08, 0xfe, 0x00, 0x08, 0x92, 0x00, 0x02, 0xff, 0x00, 0x0d, 0xfa, 0x00, 0x08, 0xfc, 0x00, 0x04, 0xff, 0xdb, 0xdf, 0xf3, 0x00, 0x00, 0x3b, 0xff,
  0xfb, 0x30, 0x00, 0x00, 0x00, 0x2f, 0x30, 0x00, 0x00, 0x00, 0x00, 0x2f, 0xfd, 0x40, 0x00, 0x00, 0x00, 0x03, 0x6f, 0xe0, 0x00, 0x00, 0x02, 0xff,
  0xff, 0xc0, 0x00, 0x00, 0x01, 0xcc, 0xb9, 0x10, 0x00, 0x00, 0x07, 0x90, 0x89, 0x00, 0x00, 0x00, 0x0a, 0xd0, 0xcd, 0x00, 0x00, 0x00, 0x00, 0x00,
  0x00, 0x00, 0x00, 0x00, 0x00, 0x00, 0x00, 0x00, 0x00, 0x0f, 0xf1, 0x00, 0x00, 0x1f, 0xf0, 0x0f, 0xf1, 0x00, 0x00, 0x1f, 0xf0, 0x0f, 0xf1, 0x00,
  0x00, 0x1f, 0xf0, 0x0f, 0xf1, 0x00, 0x00, 0x1f, 0xf0, 0x0f, 0xf1, 0x00, 0x00, 0x1f, 0xf0, 0x0f, 0xf1, 0x00, 0x00, 0x1f, 0xf0, 0x0f, 0xf1, 0x00,
  0x00, 0x1f, 0xf0, 0x0f, 0xf1, 0x00, 0x00, 0x1f, 0xf0, 0x0e, 0xf4, 0x00, 0x00, 0x4f, 0xe0, 0x09, 0xfd, 0x10, 0x01, 0xdf, 0x80, 0x01, 0xdf, 0xfd,
  0xdf, 0xfc, 0x00, 0x00, 0x07, 0xdf, 0xfc, 0x70, 0x00, 0x00, 0x7d, 0xfd, 0x70, 0x08, 0xf9, 0x19, 0xf8, 0x0e, 0xf2, 0x02, 0xfe, 0x0e, 0xf2, 0x02,
  0xfe, 0x08, 0xf9, 0x09, 0xf8, 0x00, 0x7d, 0xfd, 0x70, 0x00, 0x00, 0x00, 0x00, 0x00, 0x00, 0x00, 0x00, 0x00, 0x00, 0x00, 0x00, 0x00, 0x00, 0x00,
  0x00, 0x00, 0x00, 0x00, 0x00, 0x00, 0x00, 0x00, 0x00, 0x08, 0x90, 0x0f, 0xf0, 0x0a, 0xc0, 0x00, 0x00, 0x00, 0x00, 0x00, 0x00, 0x00, 0x00, 0x00,
  0x00, 0x08, 0x90, 0x09, 0x80, 0x0a, 0x70, 0x0f, 0xf0, 0x0f, 0xf0, 0x2f, 0xd0, 0x0a, 0xc0, 0x0c, 0xa0, 0x0d, 0x90, 0x00, 0xcc, 0xcc, 0xcc, 0xcc,
  0xcc, 0x00, 0x00, 0xff, 0xff, 0xff, 0xff, 0xff, 0x00, 0x00, 0x00, 0x00, 0x00, 0x00, 0x00, 0x00, 0x00, 0x00, 0x00, 0x00, 0x00, 0x00, 0x00, 0x00,
  0x00, 0x00, 0x00, 0x00, 0x00, 0x00, 0x00, 0x00, 0x00, 0x00, 0x00, 0x00, 0x00, 0x00, 0x00, 0x00, 0x00, 0x00, 0x00, 0x00, 0x00, 0x00, 0x00, 0x00,
  0x00, 0x00, 0x00,
};
STATIC CONST GLYPH mFontNavGlyphs[] = {
  { 0x0020, 0, 0, 0, 0, 5, 0 },
  { 0x0021, 6, 12, 0, 7, 6, 0 },
  { 0x0022, 7, 15, 0, 4, 6, 36 },
  { 0x0023, 16, 13, 0, 6, 16, 96 },
  { 0x0024, 12, 16, 0, 5, 12, 200 },
  { 0x0025, 14, 12, 0, 7, 14, 296 },
  { 0x0026, 14, 12, 0, 7, 14, 380 },
  { 0x0027, 4, 15, 0, 4, 3, 464 },
  { 0x0028, 9, 20, 0, 2, 9, 494 },
  { 0x0029, 9, 20, 0, 2, 9, 594 },
  { 0x002a, 9, 13, 0, 6, 9, 694 },
  { 0x002b, 13, 11, 0, 8, 13, 759 },
  { 0x002c, 4, 5, 0, 16, 4, 836 },
  { 0x002d, 11, 8, 0, 11, 11, 846 },
  { 0x002e, 4, 3, 0, 16, 4, 894 },
  { 0x002f, 9, 20, 0, 2, 9, 900 },
  { 0x0030, 12, 13, 0, 6, 12, 1000 },
  { 0x0031, 6, 13, 0, 6, 6, 1078 },
  { 0x0032, 10, 13, 0, 6, 10, 1117 },
  { 0x0033, 11, 13, 0, 6, 11, 1182 },
  { 0x0034, 12, 13, 0, 6, 12, 1260 },
  { 0x0035, 12, 13, 0, 6, 12, 1338 },
  { 0x0036, 12, 13, 0, 6, 12, 1416 },
  { 0x0037, 10, 13, 0, 6, 10, 1494 },
  { 0x0038, 11, 13, 0, 6, 11, 1559 },
  { 0x0039, 11, 13, 0, 6, 11, 1637 },
  { 0x003a, 4, 10, 0, 9, 4, 1715 },
  { 0x003b, 5, 13, 0, 9, 5, 1735 },
  { 0x003c, 11, 10, 0, 9, 11, 1774 },
  { 0x003d, 14, 10, 0, 9, 14, 1834 },
  { 0x003e, 11, 10, 0, 9, 11, 1904 },
  { 0x003f, 10, 12, 0, 7, 10, 1964 },
  { 0x0040, 18, 16, 0, 7, 18, 2024 },
  { 0x0041, 13, 12, 0, 7, 13, 2168 },
  { 0x0042, 11, 12, 0, 7, 11, 2252 },
  { 0x0043, 14, 12, 0, 7, 14, 2324 },
  { 0x0044, 13, 12, 0, 7, 13, 2408 },
  { 0x0045, 9, 12, 0, 7, 9, 2492 },
  { 0x0046, 9, 12, 0, 7, 9, 2552 },
  { 0x0047, 14, 12, 0, 7, 14, 2612 },
  { 0x0048, 13, 12, 0, 7, 13, 2696 },
  { 0x0049, 5, 12, 0, 7, 5, 2780 },
  { 0x004a, 10, 12, 0, 7, 10, 2816 },
  { 0x004b, 11, 12, 0, 7, 11, 2876 },
  { 0x004c, 8, 12, 0, 7, 8, 2948 },
  { 0x004d, 16, 12, 0, 7, 16, 2996 },
  { 0x004e, 13, 12, 0, 7, 13, 3092 },
  { 0x004f, 14, 12, 0, 7, 14, 3176 },
  { 0x0050, 11, 12, 0, 7, 11, 3260 },
  { 0x0051, 15, 14, 0, 7, 14, 3332 },
  { 0x0052, 11, 12, 0, 7, 11, 3444 },
  { 0x0053, 11, 12, 0, 7, 11, 3516 },
  { 0x0054, 10, 12, 0, 7, 10, 3588 },
  { 0x0055, 12, 12, 0, 7, 12, 3648 },
  { 0x0056, 13, 12, 0, 7, 12, 3720 },
  { 0x0057, 18, 12, 0, 7, 18, 3804 },
  { 0x0058, 12, 12, 0, 7, 12, 3912 },
  { 0x0059, 12, 12, -1, 7, 11, 3984 },
  { 0x005a, 10, 12, 0, 7, 10, 4056 },
  { 0x005b, 9, 20, 0, 2, 9, 4116 },
  { 0x005c, 13, 20, 0, 2, 13, 4216 },
  { 0x005d, 9, 20, 0, 2, 9, 4356 },
  { 0x005e, 12, 13, 0, 6, 12, 4456 },
  { 0x005f, 14, 3, 0, 19, 14, 4534 },
  { 0x0060, 5, 15, 0, 4, 5, 4555 },
  { 0x0061, 12, 10, 0, 9, 12, 4600 },
  { 0x0062, 12, 13, 0, 6, 12, 4660 },
  { 0x0063, 11, 10, 0, 9, 11, 4738 },
  { 0x0064, 12, 13, 0, 6, 12, 4798 },
  { 0x0065, 11, 10, 0, 9, 11, 4876 },
  { 0x0066, 6, 14, 0, 5, 6, 4936 },
  { 0x0067, 12, 15, 0, 9, 12, 4978 },
  { 0x0068, 12, 13, 0, 6, 12, 5068 },
  { 0x0069, 5, 14, 0, 5, 5, 5146 },
  { 0x006a, 6, 19, -1, 5, 5, 5188 },
  { 0x006b, 10, 13, 0, 6, 10, 5245 },
  { 0x006c, 5, 13, 0, 6, 5, 5310 },
  { 0x006d, 19, 10, 0, 9, 19, 5349 },
  { 0x006e, 12, 10, 0, 9, 12, 5449 },
  { 0x006f, 12, 10, 0, 9, 11, 5509 },
  { 0x0070, 12, 15, 0, 9, 12, 5569 },
  { 0x0071, 12, 15, 0, 9, 12, 5659 },
  { 0x0072, 7, 10, 0, 9, 7, 5749 },
  { 0x0073, 10, 10, 0, 9, 10, 5789 },
  { 0x0074, 7, 12, 0, 7, 7, 5839 },
  { 0x0075, 12, 10, 0, 9, 12, 5887 },
  { 0x0076, 11, 10, 0, 9, 10, 5947 },
  { 0x0077, 15, 10, 0, 9, 15, 6007 },
  { 0x0078, 9, 10, 0, 9, 9, 6087 },
  { 0x0079, 11, 15, 0, 9, 10, 6137 },
  { 0x007a, 8, 10, 0, 9, 8, 6227 },
  { 0x007b, 9, 20, 0, 2, 9, 6267 },
  { 0x007c, 6, 16, 0, 5, 6, 6367 },
  { 0x007d, 9, 20, 0, 2, 9, 6415 },
  { 0x007e, 10, 7, 0, 12, 10, 6515 },
  { 0x00e7, 11, 15, 0, 9, 11, 6550 },
  { 0x011f, 12, 19, 0, 5, 12, 6640 },
  { 0x0131, 5, 10, 0, 9, 5, 6754 },
  { 0x00f6, 12, 13, 0, 6, 11, 6784 },
  { 0x015f, 10, 15, 0, 9, 10, 6862 },
  { 0x00fc, 12, 13, 0, 6, 12, 6937 },
  { 0x00c7, 14, 18, 0, 7, 14, 7015 },
  { 0x011e, 14, 16, 0, 3, 14, 7141 },
  { 0x0130, 5, 16, 0, 3, 5, 7253 },
  { 0x00d6, 14, 16, 0, 3, 14, 7301 },
  { 0x015e, 11, 18, 0, 7, 11, 7413 },
  { 0x00dc, 12, 16, 0, 3, 12, 7521 },
  { 0x00b0, 8, 12, 0, 7, 8, 7617 },
  { 0x00b7, 4, 8, 0, 11, 4, 7665 },
  { 0x2026, 11, 3, 0, 16, 11, 7681 },
  { 0x2013, 13, 8, 0, 11, 13, 7699 },
};
STATIC CONST FONT mFontNav = { 26, 19, 111, mFontNavGlyphs, mFontNavData };
STATIC CONST UINT8 mFontTitleData[] = {
  0x00, 0x0f, 0xff, 0xff, 0x00, 0x00, 0x00, 0x0f, 0xff, 0xff, 0x00, 0x00, 0x00, 0x0f, 0xff, 0xff, 0x00, 0x00, 0x00, 0x0f, 0xff, 0xff, 0x00, 0x00,
  0x00, 0x0f, 0xff, 0xff, 0x00, 0x00, 0x00, 0x0f, 0xff, 0xff, 0x00, 0x00, 0x00, 0x0f, 0xff, 0xff, 0x00, 0x00, 0x00, 0x0f, 0xff, 0xff, 0x00, 0x00,
  0x00, 0x0f, 0xff, 0xff, 0x00, 0x00, 0x00, 0x0f, 0xff, 0xff, 0x00, 0x00, 0x00, 0x0f, 0xff, 0xff, 0x00, 0x00, 0x00, 0x0f, 0xff, 0xff, 0x00, 0x00,
  0x00, 0x0f, 0xff, 0xff, 0x00, 0x00, 0x00, 0x0f, 0xff, 0xff, 0x00, 0x00, 0x00, 0x00, 0x00, 0x00, 0x00, 0x00, 0x00, 0x00, 0x00, 0x00, 0x00, 0x00,
  0x00, 0x00, 0x8e, 0xe9, 0x00, 0x00, 0x00, 0x08, 0xff, 0xff, 0x80, 0x00, 0x00, 0x0e, 0xff, 0xff, 0xe0, 0x00, 0x00, 0x0e, 0xff, 0xff, 0xe0, 0x00,
  0x00, 0x09, 0xff, 0xff, 0x90, 0x00, 0x00, 0x00, 0x9e, 0xe9, 0x00, 0x00, 0x0f, 0xff, 0xf0, 0x0f, 0xff, 0xf0, 0x0f, 0xff, 0xf0, 0x0f, 0xff, 0xf0,
  0x0f, 0xff, 0xf0, 0x0f, 0xff, 0xf0, 0x0f, 0xff, 0xf0, 0x0f, 0xff, 0xf0, 0x0f, 0xff, 0xf0, 0x0f, 0xff, 0xf0, 0x0f, 0xff, 0xf0, 0x0f, 0xff, 0xf0,
  0x0f, 0xff, 0xf0, 0x0f, 0xff, 0xf0, 0x00, 0x00, 0x00, 0x00, 0x00, 0x00, 0x00, 0x00, 0x00, 0x00, 0x00, 0x00, 0x00, 0x00, 0x00, 0x00, 0x00, 0x00,
  0x00, 0x00, 0x00, 0x00, 0x00, 0x00, 0x00, 0x00, 0x00, 0x00, 0x00, 0x00, 0x00, 0x00, 0x00, 0x00, 0x00, 0x00, 0x00, 0x00, 0x00, 0x00, 0x00, 0x00,
  0x00, 0x00, 0x00, 0x00, 0x00, 0x00, 0x00, 0x00, 0x00, 0x00, 0x00, 0x00, 0x00, 0x00, 0x00, 0x00, 0x00, 0x00, 0x00, 0x00, 0x00, 0x00, 0x00, 0x00,
  0x00, 0x00, 0x00, 0x00, 0x00, 0x00, 0x00, 0x00, 0x00, 0x00, 0x00, 0x00, 0x00, 0x00, 0x00, 0x00, 0x00, 0x00, 0x00, 0x00, 0x00, 0x00, 0x00, 0x00,
  0x00, 0x00, 0x00, 0x00, 0x00, 0x00, 0x00, 0x00, 0x00, 0x00, 0x00, 0x00, 0x00, 0x00, 0x00, 0x00, 0x0c, 0xff, 0xff, 0x10, 0x00, 0x0d, 0xff, 0xff,
  0x00, 0x00, 0x00, 0x00, 0x00, 0x00, 0x0f, 0xff, 0xfe, 0x00, 0x00, 0x0f, 0xff, 0xfd, 0x00, 0x00, 0x00, 0x00, 0x00, 0x00, 0x2f, 0xff, 0xfb, 0x00,
  0x00, 0x4f, 0xff, 0xf9, 0x00, 0x00, 0x00, 0x00, 0x00, 0x00, 0x6f, 0xff, 0xf7, 0x00, 0x00, 0x7f, 0xff, 0xf6, 0x00, 0x00, 0x00, 0x07, 0x77, 0x77,
  0xbf, 0xff, 0xf9, 0x77, 0x77, 0xcf, 0xff, 0xf9, 0x77, 0x70, 0x00, 0x0f, 0xff, 0xff, 0xff, 0xff, 0xff, 0xff, 0xff, 0xff, 0xff, 0xff, 0xff, 0xf0,
  0x00, 0x0f, 0xff, 0xff, 0xff, 0xff, 0xff, 0xff, 0xff, 0xff, 0xff, 0xff, 0xff, 0xf0, 0x00, 0x0f, 0xff, 0xff, 0xff, 0xff, 0xff, 0xff, 0xff, 0xff,
  0xff, 0xff, 0xff, 0xf0, 0x00, 0x0f, 0xff, 0xff, 0xff, 0xff, 0xff, 0xff, 0xff, 0xff, 0xff, 0xff, 0xff, 0xf0, 0x00, 0x00, 0x00, 0x0b, 0xff, 0xff,
  0x20, 0x00, 0x0c, 0xff, 0xff, 0x10, 0x00, 0x00, 0x00, 0x00, 0x00, 0x0e, 0xff, 0xff, 0x00, 0x00, 0x0f, 0xff, 0xfe, 0x00, 0x00, 0x00, 0x00, 0x00,
  0x00, 0x2f, 0xff, 0xfb, 0x00, 0x00, 0x3f, 0xff, 0xfa, 0x00, 0x00, 0x00, 0x00, 0x00, 0x00, 0x5f, 0xff, 0xf8, 0x00, 0x00, 0x6f, 0xff, 0xf7, 0x00,
  0x00, 0x00, 0x0f, 0xff, 0xff, 0xff, 0xff, 0xff, 0xff, 0xff, 0xff, 0xff, 0xff, 0xff, 0xf0, 0x00, 0x0f, 0xff, 0xff, 0xff, 0xff, 0xff, 0xff, 0xff,
  0xff, 0xff, 0xff, 0xff, 0xf0, 0x00, 0x0f, 0xff, 0xff, 0xff, 0xff, 0xff, 0xff, 0xff, 0xff, 0xff, 0xff, 0xff, 0xf0, 0x00, 0x0f, 0xff, 0xff, 0xff,
  0xff, 0xff, 0xff, 0xff, 0xff, 0xff, 0xff, 0xff, 0xf0, 0x00, 0x07, 0x77, 0x7b, 0xff, 0xff, 0xa7, 0x77, 0x7c, 0xff, 0xff, 0x97, 0x77, 0x70, 0x00,
  0x00, 0x00, 0x0a, 0xff, 0xff, 0x30, 0x00, 0x0c, 0xff, 0xff, 0x10, 0x00, 0x00, 0x00, 0x00, 0x00, 0x0e, 0xff, 0xff, 0x00, 0x00, 0x0f, 0xff, 0xfe,
  0x00, 0x00, 0x00, 0x00, 0x00, 0x00, 0x1f, 0xff, 0xfc, 0x00, 0x00, 0x3f, 0xff, 0xfa, 0x00, 0x00, 0x00, 0x00, 0x00, 0x00, 0x5f, 0xff, 0xf8, 0x00,
  0x00, 0x6f, 0xff, 0xf7, 0x00, 0x00, 0x00, 0x00, 0x00, 0x00, 0x00, 0x00, 0xef, 0x00, 0x00, 0x00, 0x00, 0x00, 0x00, 0x00, 0x00, 0x00, 0xef, 0x00,
  0x00, 0x00, 0x00, 0x00, 0x00, 0x00, 0x00, 0x00, 0xef, 0x10, 0x00, 0x00, 0x00, 0x00, 0x00, 0x00, 0x4a, 0xdf, 0xff, 0xfe, 0xa3, 0x00, 0x00, 0x00,
  0x00, 0x1b, 0xff, 0xff, 0xff, 0xff, 0xff, 0x90, 0x00, 0x00, 0x00, 0xcf, 0xff, 0xff, 0xff, 0xff, 0xff, 0xfa, 0x00, 0x00, 0x07, 0xff, 0xff, 0xff,
  0xff, 0xff, 0xff, 0xff, 0x40, 0x00, 0x0c, 0xff, 0xff, 0xb0, 0xef, 0x3f, 0xff, 0xff, 0xa0, 0x00, 0x0f, 0xff, 0xff, 0x40, 0xef, 0x09, 0xff, 0xff,
  0xd0, 0x00, 0x0f, 0xff, 0xff, 0x60, 0xef, 0x00, 0x00, 0x00, 0x00, 0x00, 0x0d, 0xff, 0xff, 0xf6, 0xef, 0x00, 0x00, 0x00, 0x00, 0x00, 0x07, 0xff,
  0xff, 0xff, 0xff, 0x51, 0x00, 0x00, 0x00, 0x00, 0x00, 0xcf, 0xff, 0xff, 0xff, 0xff, 0xb5, 0x00, 0x00, 0x00, 0x00, 0x0a, 0xff, 0xff, 0xff, 0xff,
  0xff, 0xd2, 0x00, 0x00, 0x00, 0x00, 0x29, 0xef, 0xff, 0xff, 0xff, 0xfe, 0x20, 0x00, 0x00, 0x00, 0x00, 0x02, 0xff, 0xff, 0xff, 0xff, 0xc0, 0x00,
  0x00, 0x00, 0x00, 0x00, 0xef, 0x2c, 0xff, 0xff, 0xf1, 0x00, 0x04, 0x44, 0x44, 0x10, 0xef, 0x01, 0xff, 0xff, 0xf3, 0x00, 0x0e, 0xff, 0xff, 0x70,
  0xef, 0x01, 0xff, 0xff, 0xf2, 0x00, 0x0b, 0xff, 0xff, 0xf4, 0xef, 0x1b, 0xff, 0xff, 0xe0, 0x00, 0x05, 0xff, 0xff, 0xff, 0xff, 0xff, 0xff, 0xff,
  0x80, 0x00, 0x00, 0xaf, 0xff, 0xff, 0xff, 0xff, 0xff, 0xfc, 0x00, 0x00, 0x00, 0x08, 0xff, 0xff, 0xff, 0xff, 0xff, 0xb1, 0x00, 0x00, 0x00, 0x00,
  0x17, 0xbe, 0xff, 0xfd, 0xa4, 0x00, 0x00, 0x00, 0x00, 0x00, 0x00, 0x00, 0xef, 0x00, 0x00, 0x00, 0x00, 0x00, 0x00, 0x00, 0x00, 0x00, 0xef, 0x00,
  0x00, 0x00, 0x00, 0x00, 0x00, 0x07, 0xdf, 0xfd, 0x70, 0x00, 0x00, 0x00, 0xef, 0xff, 0x70, 0x00, 0x00, 0x01, 0xdf, 0xff, 0xff, 0xfd, 0x10, 0x00,
  0x07, 0xff, 0xfe, 0x00, 0x00, 0x00, 0x09, 0xff, 0xff, 0xff, 0xff, 0x90, 0x00, 0x1f, 0xff, 0xf7, 0x00, 0x00, 0x00, 0x0e, 0xff, 0xf4, 0x4f, 0xff,
  0xe0, 0x00, 0x8f, 0xff, 0xe0, 0x00, 0x00, 0x00, 0x0f, 0xff, 0xf0, 0x0f, 0xff, 0xf0, 0x01, 0xff, 0xff, 0x60, 0x00, 0x00, 0x00, 0x0e, 0xff, 0xf4,
  0x4f, 0xff, 0xe0, 0x09, 0xff, 0xfd, 0x00, 0x00, 0x00, 0x00, 0x09, 0xff, 0xff, 0xff, 0xff, 0x90, 0x2f, 0xff, 0xf5, 0x00, 0x00, 0x00, 0x00, 0x01,
  0xdf, 0xff, 0xff, 0xfd, 0x10, 0xaf, 0xff, 0xc0, 0x00, 0x00, 0x00, 0x00, 0x00, 0x07, 0xdf, 0xfd, 0x70, 0x02, 0xff, 0xff, 0x40, 0x00, 0x00, 0x00,
  0x00, 0x00, 0x00, 0x00, 0x00, 0x00, 0x0b, 0xff, 0xfb, 0x00, 0x00, 0x00, 0x00, 0x00, 0x00, 0x00, 0x00, 0x00, 0x00, 0x3f, 0xff, 0xf3, 0x00, 0x00,
  0x00, 0x00, 0x00, 0x00, 0x00, 0x00, 0x00, 0x00, 0xcf, 0xff, 0xb0, 0x06, 0xcf, 0xfc, 0x60, 0x00, 0x00, 0x00, 0x00, 0x00, 0x04, 0xff, 0xff, 0x20,
  0xbf, 0xff, 0xff, 0xfb, 0x00, 0x00, 0x00, 0x00, 0x00, 0x0c, 0xff, 0xfa, 0x07, 0xff, 0xff, 0xff, 0xff, 0x70, 0x00, 0x00, 0x00, 0x00, 0x5f, 0xff,
  0xf2, 0x0d, 0xff, 0xf5, 0x5f, 0xff, 0xc0, 0x00, 0x00, 0x00, 0x00, 0xdf, 0xff, 0x90, 0x0f, 0xff, 0xf0, 0x0f, 0xff, 0xf0, 0x00, 0x00, 0x00, 0x06,
  0xff, 0xff, 0x10, 0x0f, 0xff, 0xf0, 0x0f, 0xff, 0xf0, 0x00, 0x00, 0x00, 0x0e, 0xff, 0xf8, 0x00, 0x0d, 0xff, 0xf5, 0x5f, 0xff, 0xc0, 0x00, 0x00,
  0x00, 0x7f, 0xff, 0xe0, 0x00, 0x07, 0xff, 0xff, 0xff, 0xff, 0x70, 0x00, 0x00, 0x00, 0xef, 0xff, 0x70, 0x00, 0x00, 0xbf, 0xff, 0xff, 0xfb, 0x00,
  0x00, 0x00, 0x08, 0xff, 0xfe, 0x00, 0x00, 0x00, 0x07, 0xcf, 0xfc, 0x70, 0x00, 0x00, 0x00, 0x00, 0x18, 0xce, 0xfe, 0xc6, 0x00, 0x00, 0x00, 0x00,
  0x00, 0x00, 0x00, 0x00, 0x06, 0xff, 0xff, 0xff, 0xff, 0xd2, 0x00, 0x00, 0x00, 0x00, 0x00, 0x00, 0x00, 0x5f, 0xff, 0xff, 0xff, 0xff, 0xfd, 0x10,
  0x00, 0x00, 0x00, 0x00, 0x00, 0x00, 0xdf, 0xff, 0xff, 0xff, 0xff, 0xff, 0x70, 0x00, 0x00, 0x00, 0x00, 0x00, 0x01, 0xff, 0xff, 0xfc, 0x7d, 0xff,
  0xff, 0xd0, 0x00, 0x00, 0x00, 0x00, 0x00, 0x02, 0xff, 0xff, 0xf1, 0x04, 0xdd, 0xdd, 0xc0, 0x00, 0x00, 0x00, 0x00, 0x00, 0x00, 0xff, 0xff, 0xf3,
  0x00, 0x00, 0x00, 0x00, 0x00, 0x00, 0x00, 0x00, 0x00, 0x00, 0x9f, 0xff, 0xfd, 0x10, 0x00, 0x00, 0x00, 0x00, 0x00, 0x00, 0x00, 0x00, 0x00, 0x0d,
  0xff, 0xff, 0xd1, 0x00, 0x00, 0x00, 0x00, 0x00, 0x00, 0x00, 0x00, 0x01, 0xaf, 0xff, 0xff, 0xfe, 0x30, 0x00, 0x00, 0x00, 0x00, 0x00, 0x00, 0x00,
  0x3e, 0xff, 0xff, 0xff, 0xff, 0xf4, 0x00, 0x2f, 0xff, 0xff, 0x10, 0x00, 0x01, 0xef, 0xff, 0xfd, 0x8f, 0xff, 0xff, 0x60, 0xcf, 0xff, 0xf7, 0x00,
  0x00, 0x08, 0xff, 0xff, 0xd0, 0x06, 0xff, 0xff, 0xfc, 0xff, 0xff, 0xd0, 0x00, 0x00, 0x0d, 0xff, 0xff, 0x50, 0x00, 0x5f, 0xff, 0xff, 0xff, 0xff,
  0x30, 0x00, 0x00, 0x0f, 0xff, 0xff, 0x40, 0x00, 0x05, 0xff, 0xff, 0xff, 0xfa, 0x00, 0x00, 0x00, 0x0e, 0xff, 0xff, 0xc0, 0x00, 0x00, 0x9f, 0xff,
  0xff, 0xf3, 0x00, 0x00, 0x00, 0x0b, 0xff, 0xff, 0xfe, 0x87, 0x8d, 0xff, 0xff, 0xff, 0xfd, 0x10, 0x00, 0x00, 0x04, 0xff, 0xff, 0xff, 0xff, 0xff,
  0xff, 0xff, 0xff, 0xff, 0xd1, 0x00, 0x00, 0x00, 0x9f, 0xff, 0xff, 0xff, 0xff, 0xff, 0xff, 0xff, 0xff, 0xfc, 0x00, 0x00, 0x00, 0x07, 0xff, 0xff,
  0xff, 0xff, 0xff, 0xc3, 0x4f, 0xff, 0xff, 0xb0, 0x00, 0x00, 0x00, 0x17, 0xbd, 0xff, 0xec, 0x83, 0x00, 0x05, 0xff, 0xff, 0xfa, 0x00, 0x0f, 0xff,
  0xf0, 0x00, 0x0f, 0xff, 0xf0, 0x00, 0x0f, 0xff, 0xf0, 0x00, 0x0f, 0xff, 0xf0, 0x00, 0x0f, 0xff, 0xf0, 0x00, 0x0f, 0xff, 0xf0, 0x00, 0x0f, 0xff,
  0xf0, 0x00, 0x00, 0x00, 0x00, 0x00, 0x00, 0x00, 0x00, 0x00, 0x00, 0x00, 0x00, 0x00, 0x00, 0x00, 0x00, 0x00, 0x00, 0x00, 0x00, 0x00, 0x00, 0x00,
  0x00, 0x00, 0x00, 0x00, 0x00, 0x00, 0x00, 0x00, 0x00, 0x00, 0x00, 0x00, 0x00, 0x00, 0x00, 0x00, 0x00, 0x00, 0x00, 0x00, 0x00, 0x00, 0x00, 0x00,
  0x00, 0x00, 0x00, 0x00, 0x00, 0x00, 0x00, 0x00, 0x00, 0x00, 0x00, 0x00, 0x00, 0x00, 0x00, 0x00, 0x00, 0x00, 0x00, 0x00, 0x00, 0x00, 0x00, 0x00,
  0x00, 0x00, 0x0c, 0xff, 0xff, 0x60, 0x00, 0x00, 0x00, 0x00, 0xcf, 0xff, 0xfa, 0x00, 0x00, 0x00, 0x00, 0x09, 0xff, 0xff, 0xd0, 0x00, 0x00, 0x00,
  0x00, 0x4f, 0xff, 0xff, 0x20, 0x00, 0x00, 0x00, 0x00, 0xdf, 0xff, 0xf8, 0x00, 0x00, 0x00, 0x00, 0x07, 0xff, 0xff, 0xe1, 0x00, 0x00, 0x00, 0x00,
  0x0d, 0xff, 0xff, 0x80, 0x00, 0x00, 0x00, 0x00, 0x4f, 0xff, 0xff, 0x10, 0x00, 0x00, 0x00, 0x00, 0xaf, 0xff, 0xfb, 0x00, 0x00, 0x00, 0x00, 0x00,
  0xff, 0xff, 0xf6, 0x00, 0x00, 0x00, 0x00, 0x03, 0xff, 0xff, 0xf1, 0x00, 0x00, 0x00, 0x00, 0x07, 0xff, 0xff, 0xd0, 0x00, 0x00, 0x00, 0x00, 0x09,
  0xff, 0xff, 0xa0, 0x00, 0x00, 0x00, 0x00, 0x0c, 0xff, 0xff, 0x70, 0x00, 0x00, 0x00, 0x00, 0x0e, 0xff, 0xff, 0x50, 0x00, 0x00, 0x00, 0x00, 0x0e,
  0xff, 0xff, 0x40, 0x00, 0x00, 0x00, 0x00, 0x0f, 0xff, 0xff, 0x30, 0x00, 0x00, 0x00, 0x00, 0x0f, 0xff, 0xff, 0x30, 0x00, 0x00, 0x00, 0x00, 0x0f,
  0xff, 0xff, 0x40, 0x00, 0x00, 0x00, 0x00, 0x0e, 0xff, 0xff, 0x50, 0x00, 0x00, 0x00, 0x00, 0x0c, 0xff, 0xff, 0x70, 0x00, 0x00, 0x00, 0x00, 0x0a,
  0xff, 0xff, 0x90, 0x00, 0x00, 0x00, 0x00, 0x07, 0xff, 0xff, 0xc0, 0x00, 0x00, 0x00, 0x00, 0x04, 0xff, 0xff, 0xf0, 0x00, 0x00, 0x00, 0x00, 0x00,
  0xff, 0xff, 0xf4, 0x00, 0x00, 0x00, 0x00, 0x00, 0xbf, 0xff, 0xf8, 0x00, 0x00, 0x00, 0x00, 0x00, 0x6f, 0xff, 0xfe, 0x00, 0x00, 0x00, 0x00, 0x00,
  0x0f, 0xff, 0xff, 0x40, 0x00, 0x00, 0x00, 0x00, 0x09, 0xff, 0xff, 0xc0, 0x00, 0x00, 0x00, 0x00, 0x01, 0xff, 0xff, 0xf4, 0x00, 0x00, 0x00, 0x00,
  0x00, 0x7f, 0xff, 0xfc, 0x00, 0x00, 0x00, 0x00, 0x00, 0x0c, 0xff, 0xff, 0x70, 0x00, 0x00, 0x00, 0x00, 0x02, 0xef, 0xff, 0xf3, 0x00, 0x00, 0x00,
  0x00, 0x00, 0x3f, 0xff, 0xfe, 0x00, 0x6f, 0xff, 0xfd, 0x10, 0x00, 0x00, 0x00, 0x09, 0xff, 0xff, 0xd1, 0x00, 0x00, 0x00, 0x00, 0xcf, 0xff, 0xfb,
  0x00, 0x00, 0x00, 0x00, 0x1f, 0xff, 0xff, 0x70, 0x00, 0x00, 0x00, 0x06, 0xff, 0xff, 0xf1, 0x00, 0x00, 0x00, 0x00, 0xdf, 0xff, 0xf9, 0x00, 0x00,
  0x00, 0x00, 0x5f, 0xff, 0xff, 0x10, 0x00, 0x00, 0x00, 0x0e, 0xff, 0xff, 0x70, 0x00, 0x00, 0x00, 0x08, 0xff, 0xff, 0xd0, 0x00, 0x00, 0x00, 0x03,
  0xff, 0xff, 0xf2, 0x00, 0x00, 0x00, 0x00, 0xef, 0xff, 0xf6, 0x00, 0x00, 0x00, 0x00, 0xaf, 0xff, 0xfa, 0x00, 0x00, 0x00, 0x00, 0x7f, 0xff, 0xfd,
  0x00, 0x00, 0x00, 0x00, 0x4f, 0xff, 0xff, 0x00, 0x00, 0x00, 0x00, 0x2f, 0xff, 0xff, 0x10, 0x00, 0x00, 0x00, 0x1f, 0xff, 0xff, 0x20, 0x00, 0x00,
  0x00, 0x0f, 0xff, 0xff, 0x30, 0x00, 0x00, 0x00, 0x0f, 0xff, 0xff, 0x30, 0x00, 0x00, 0x00, 0x1f, 0xff, 0xff, 0x20, 0x00, 0x00, 0x00, 0x1f, 0xff,
  0xff, 0x10, 0x00, 0x00, 0x00, 0x4f, 0xff, 0xff, 0x00, 0x00, 0x00, 0x00, 0x6f, 0xff, 0xfd, 0x00, 0x00, 0x00, 0x00, 0x9f, 0xff, 0xfb, 0x00, 0x00,
  0x00, 0x00, 0xdf, 0xff, 0xf7, 0x00, 0x00, 0x00, 0x01, 0xff, 0xff, 0xf3, 0x00, 0x00, 0x00, 0x07, 0xff, 0xff, 0xe0, 0x00, 0x00, 0x00, 0x0d, 0xff,
  0xff, 0x90, 0x00, 0x00, 0x00, 0x3f, 0xff, 0xff, 0x20, 0x00, 0x00, 0x00, 0xbf, 0xff, 0xfb, 0x00, 0x00, 0x00, 0x04, 0xff, 0xff, 0xf3, 0x00, 0x00,
  0x00, 0x0d, 0xff, 0xff, 0xa0, 0x00, 0x00, 0x00, 0x9f, 0xff, 0xfd, 0x10, 0x00, 0x00, 0x05, 0xff, 0xff, 0xf3, 0x00, 0x00, 0x00, 0x2f, 0xff, 0xff,
  0x40, 0x00, 0x00, 0x00, 0x00, 0x00, 0x00, 0x9f, 0xfc, 0x00, 0x00, 0x00, 0x00, 0x02, 0x40, 0x6f, 0xf9, 0x03, 0x50, 0x00, 0x00, 0x0b, 0xf7, 0x3f,
  0xf5, 0x5f, 0xe0, 0x00, 0x00, 0x4f, 0xff, 0xaf, 0xfa, 0xff, 0xf7, 0x00, 0x00, 0x4a, 0xff, 0xff, 0xff, 0xff, 0xb5, 0x00, 0x00, 0x00, 0x2b, 0xff,
  0xff, 0xc2, 0x00, 0x00, 0x00, 0x5b, 0xff, 0xff, 0xff, 0xff, 0xb5, 0x00, 0x00, 0x4f, 0xff, 0xbf, 0xfb, 0xff, 0xf6, 0x00, 0x00, 0x0b, 0xf9, 0x3f,
  0xf5, 0x6f, 0xd0, 0x00, 0x00, 0x02, 0x70, 0x6f, 0xf8, 0x04, 0x30, 0x00, 0x00, 0x00, 0x00, 0x9f, 0xfb, 0x00, 0x00, 0x00, 0x00, 0x00, 0x00, 0x00,
  0x00, 0x00, 0x00, 0x00, 0x00, 0x00, 0x00, 0x00, 0x00, 0x00, 0x00, 0x00, 0x00, 0x00, 0x00, 0x00, 0x00, 0x00, 0x00, 0x00, 0x00, 0x00, 0x00, 0x00,
  0x00, 0x00, 0x00, 0x00, 0x00, 0x00, 0x00, 0x00, 0x00, 0x00, 0x00, 0x00, 0x00, 0x00, 0x00, 0x00, 0x00, 0x00, 0x00, 0x00, 0x00, 0x00, 0x00, 0x00,
  0x00, 0x00, 0x00, 0x00, 0x00, 0x00, 0x00, 0x00, 0x00, 0x00, 0x00, 0x00, 0x00, 0x00, 0x00, 0x00, 0x00, 0x00, 0x00, 0x00, 0x00, 0x00, 0x00, 0x00,
  0x00, 0x00, 0x00, 0x00, 0x00, 0x00, 0x00, 0x00, 0x00, 0x00, 0x00, 0x00, 0x00, 0x00, 0x00, 0x0f, 0xff, 0xff, 0x30, 0x00, 0x00, 0x00, 0x00, 0x00,
  0x00, 0x0f, 0xff, 0xff, 0x30, 0x00, 0x00, 0x00, 0x00, 0x00, 0x00, 0x0f, 0xff, 0xff, 0x30, 0x00, 0x00, 0x00, 0x00, 0x00, 0x00, 0x0f, 0xff, 0xff,
  0x30, 0x00, 0x00, 0x00, 0x00, 0x00, 0x00, 0x0f, 0xff, 0xff, 0x30, 0x00, 0x00, 0x00, 0x00, 0xff, 0xff, 0xff, 0xff, 0xff, 0xff, 0xff, 0xf0, 0x00,
  0x00, 0xff, 0xff, 0xff, 0xff, 0xff, 0xff, 0xff, 0xf0, 0x00, 0x00, 0xff, 0xff, 0xff, 0xff, 0xff, 0xff, 0xff, 0xf0, 0x00, 0x00, 0xff, 0xff, 0xff,
  0xff, 0xff, 0xff, 0xff, 0xf0, 0x00, 0x00, 0x77, 0x77, 0x7f, 0xff, 0xff, 0x87, 0x77, 0x70, 0x00, 0x00, 0x00, 0x00, 0x0f, 0xff, 0xff, 0x30, 0x00,
  0x00, 0x00, 0x00, 0x00, 0x00, 0x0f, 0xff, 0xff, 0x30, 0x00, 0x00, 0x00, 0x00, 0x00, 0x00, 0x0f, 0xff, 0xff, 0x30, 0x00, 0x00, 0x00, 0x00, 0x00,
  0x00, 0x0f, 0xff, 0xff, 0x30, 0x00, 0x00, 0x00, 0x00, 0x00, 0x00, 0x0f, 0xff, 0xff, 0x30, 0x00, 0x00, 0x00, 0x00, 0x00, 0x00, 0x00, 0x00, 0x00,
  0x00, 0x00, 0x00, 0x00, 0x00, 0x00, 0x00, 0x00, 0x00, 0x00, 0x00, 0x00, 0x00, 0x00, 0x00, 0x00, 0x00, 0x00, 0x00, 0x00, 0x00, 0x00, 0x00, 0x00,
  0x00, 0x9f, 0xff, 0xf3, 0x00, 0x00, 0xcf, 0xff, 0xd0, 0x00, 0x00, 0xff, 0xff, 0x70, 0x00, 0x02, 0xff, 0xff, 0x10, 0x00, 0x05, 0xff, 0xfb, 0x00,
  0x00, 0x08, 0xff, 0xf5, 0x00, 0x00, 0x0b, 0xff, 0xf0, 0x00, 0x00, 0x0e, 0xff, 0x90, 0x00, 0x00, 0x1f, 0xff, 0x30, 0x00, 0x00, 0x00, 0x77, 0x77,
  0x77, 0x77, 0x77, 0x77, 0x70, 0x00, 0x00, 0xff, 0xff, 0xff, 0xff, 0xff, 0xff, 0xf0, 0x00, 0x00, 0xff, 0xff, 0xff, 0xff, 0xff, 0xff, 0xf0, 0x00,
  0x00, 0xff, 0xff, 0xff, 0xff, 0xff, 0xff, 0xf0, 0x00, 0x00, 0xff, 0xff, 0xff, 0xff, 0xff, 0xff, 0xf0, 0x00, 0x00, 0x00, 0x00, 0x00, 0x00, 0x00,
  0x00, 0x00, 0x00, 0x00, 0x00, 0x00, 0x00, 0x00, 0x00, 0x00, 0x00, 0x00, 0x00, 0x00, 0x00, 0x00, 0x00, 0x00, 0x00, 0x00, 0x00, 0x00, 0x00, 0x00,
  0x00, 0x00, 0x00, 0x00, 0x00, 0x00, 0x00, 0x00, 0x00, 0x00, 0x00, 0x00, 0x00, 0x00, 0x00, 0x00, 0x00, 0x00, 0x00, 0x00, 0x00, 0x00, 0x00, 0x00,
  0x00, 0x00, 0x00, 0x00, 0x00, 0x00, 0x00, 0x00, 0x00, 0x00, 0x00, 0x00, 0x00, 0x00, 0x00, 0x00, 0x00, 0x00, 0x00, 0x9e, 0xe9, 0x00, 0x09, 0xff,
  0xff, 0x80, 0x0e, 0xff, 0xff, 0xe0, 0x0e, 0xff, 0xff, 0xe0, 0x09, 0xff, 0xff, 0x90, 0x00, 0x9e, 0xe9, 0x00, 0x00, 0x00, 0x00, 0x00, 0xcf, 0xff,
  0xf2, 0x00, 0x00, 0x00, 0x00, 0xff, 0xff, 0xe0, 0x00, 0x00, 0x00, 0x04, 0xff, 0xff, 0xb0, 0x00, 0x00, 0x00, 0x07, 0xff, 0xff, 0x70, 0x00, 0x00,
  0x00, 0x0b, 0xff, 0xff, 0x30, 0x00, 0x00, 0x00, 0x0f, 0xff, 0xff, 0x00, 0x00, 0x00, 0x00, 0x3f, 0xff, 0xfc, 0x00, 0x00, 0x00, 0x00, 0x6f, 0xff,
  0xf8, 0x00, 0x00, 0x00, 0x00, 0xaf, 0xff, 0xf4, 0x00, 0x00, 0x00, 0x00, 0xef, 0xff, 0xf0, 0x00, 0x00, 0x00, 0x02, 0xff, 0xff, 0xc0, 0x00, 0x00,
  0x00, 0x06, 0xff, 0xff, 0x90, 0x00, 0x00, 0x00, 0x09, 0xff, 0xff, 0x50, 0x00, 0x00, 0x00, 0x0d, 0xff, 0xff, 0x10, 0x00, 0x00, 0x00, 0x1f, 0xff,
  0xfd, 0x00, 0x00, 0x00, 0x00, 0x5f, 0xff, 0xfa, 0x00, 0x00, 0x00, 0x00, 0x9f, 0xff, 0xf6, 0x00, 0x00, 0x00, 0x00, 0xcf, 0xff, 0xf2, 0x00, 0x00,
  0x00, 0x00, 0xff, 0xff, 0xe0, 0x00, 0x00, 0x00, 0x04, 0xff, 0xff, 0xa0, 0x00, 0x00, 0x00, 0x08, 0xff, 0xff, 0x70, 0x00, 0x00, 0x00, 0x0b, 0xff,
  0xff, 0x30, 0x00, 0x00, 0x00, 0x0f, 0xff, 0xff, 0x00, 0x00, 0x00, 0x00, 0x3f, 0xff, 0xfb, 0x00, 0x00, 0x00, 0x00, 0x7f, 0xff, 0xf7, 0x00, 0x00,
  0x00, 0x00, 0xbf, 0xff, 0xf4, 0x00, 0x00, 0x00, 0x00, 0xef, 0xff, 0xf0, 0x00, 0x00, 0x00, 0x02, 0xff, 0xff, 0xc0, 0x00, 0x00, 0x00, 0x06, 0xff,
  0xff, 0x80, 0x00, 0x00, 0x00, 0x0a, 0xff, 0xff, 0x50, 0x00, 0x00, 0x00, 0x0e, 0xff, 0xff, 0x10, 0x00, 0x00, 0x00, 0x1f, 0xff, 0xfd, 0x00, 0x00,
  0x00, 0x00, 0x5f, 0xff, 0xf9, 0x00, 0x00, 0x00, 0x00, 0x9f, 0xff, 0xf5, 0x00, 0x00, 0x00, 0x00, 0x00, 0x00, 0x02, 0x8c, 0xef, 0xec, 0x82, 0x00,
  0x00, 0x00, 0x00, 0x00, 0x8f, 0xff, 0xff, 0xff, 0xff, 0x80, 0x00, 0x00, 0x00, 0x09, 0xff, 0xff, 0xff, 0xff, 0xff, 0xf9, 0x00, 0x00, 0x00, 0x4f,
  0xff, 0xff, 0xff, 0xff, 0xff, 0xff, 0x40, 0x00, 0x00, 0xdf, 0xff, 0xff, 0x97, 0x9f, 0xff, 0xff, 0xd0, 0x00, 0x03, 0xff, 0xff, 0xf3, 0x00, 0x03,
  0xff, 0xff, 0xf2, 0x00, 0x07, 0xff, 0xff, 0xb0, 0x00, 0x00, 0xcf, 0xff, 0xf7, 0x00, 0x0b, 0xff, 0xff, 0x70, 0x00, 0x00, 0x8f, 0xff, 0xfa, 0x00,
  0x0d, 0xff, 0xff, 0x50, 0x00, 0x00, 0x5f, 0xff, 0xfd, 0x00, 0x0e, 0xff, 0xff, 0x40, 0x00, 0x00, 0x4f, 0xff, 0xfe, 0x00, 0x0f, 0xff, 0xff, 0x30,
  0x00, 0x00, 0x3f, 0xff, 0xff, 0x00, 0x0f, 0xff, 0xff, 0x30, 0x00, 0x00, 0x3f, 0xff, 0xff, 0x00, 0x0e, 0xff, 0xff, 0x40, 0x00, 0x00, 0x4f, 0xff,
  0xfe, 0x00, 0x0d, 0xff, 0xff, 0x50, 0x00, 0x00, 0x5f, 0xff, 0xfd, 0x00, 0x0b, 0xff, 0xff, 0x70, 0x00, 0x00, 0x7f, 0xff, 0xfa, 0x00, 0x07, 0xff,
  0xff, 0xc0, 0x00, 0x00, 0xcf, 0xff, 0xf7, 0x00, 0x03, 0xff, 0xff, 0xf4, 0x00, 0x05, 0xff, 0xff, 0xf3, 0x00, 0x00, 0xdf, 0xff, 0xff, 0xa7, 0xaf,
  0xff, 0xff, 0xd0, 0x00, 0x00, 0x4f, 0xff, 0xff, 0xff, 0xff, 0xff, 0xff, 0x40, 0x00, 0x00, 0x09, 0xff, 0xff, 0xff, 0xff, 0xff, 0xf9, 0x00, 0x00,
  0x00, 0x00, 0x8f, 0xff, 0xff, 0xff, 0xff, 0x80, 0x00, 0x00, 0x00, 0x00, 0x02, 0x8c, 0xef, 0xec, 0x82, 0x00, 0x00, 0x00, 0x0f, 0xff, 0xff, 0xff,
  0xf3, 0x00, 0x0f, 0xff, 0xff, 0xff, 0xf3, 0x00, 0x0f, 0xff, 0xff, 0xff, 0xf3, 0x00, 0x0f, 0xff, 0xff, 0xff, 0xf3, 0x00, 0x07, 0x77, 0xff, 0xff,
  0xf3, 0x00, 0x00, 0x00, 0xff, 0xff, 0xf3, 0x00, 0x00, 0x00, 0xff, 0xff, 0xf3, 0x00, 0x00, 0x00, 0xff, 0xff, 0xf3, 0x00, 0x00, 0x00, 0xff, 0xff,
  0xf3, 0x00, 0x00, 0x00, 0xff, 0xff, 0xf3, 0x00, 0x00, 0x00, 0xff, 0xff, 0xf3, 0x00, 0x00, 0x00, 0xff, 0xff, 0xf3, 0x00, 0x00, 0x00, 0xff, 0xff,
  0xf3, 0x00, 0x00, 0x00, 0xff, 0xff, 0xf3, 0x00, 0x00, 0x00, 0xff, 0xff, 0xf3, 0x00, 0x00, 0x00, 0xff, 0xff, 0xf3, 0x00, 0x00, 0x00, 0xff, 0xff,
  0xf3, 0x00, 0x00, 0x00, 0xff, 0xff, 0xf3, 0x00, 0x00, 0x00, 0xff, 0xff, 0xf3, 0x00, 0x00, 0x00, 0xff, 0xff, 0xf3, 0x00, 0x00, 0x00, 0xff, 0xff,
  0xf3, 0x00, 0x00, 0x00, 0xff, 0xff, 0xf3, 0x00, 0x00, 0x00, 0x16, 0xbe, 0xff, 0xda, 0x40, 0x00, 0x00, 0x00, 0x04, 0xef, 0xff, 0xff, 0xff, 0xfa,
  0x00, 0x00, 0x00, 0x4f, 0xff, 0xff, 0xff, 0xff, 0xff, 0xb0, 0x00, 0x01, 0xef, 0xff, 0xff, 0xff, 0xff, 0xff, 0xf5, 0x00, 0x07, 0xff, 0xff, 0xfc,
  0x7a, 0xff, 0xff, 0xfb, 0x00, 0x0c, 0xff, 0xff, 0xb0, 0x00, 0x9f, 0xff, 0xfe, 0x00, 0x0e, 0xff, 0xff, 0x50, 0x00, 0x4f, 0xff, 0xff, 0x00, 0x09,
  0x99, 0x99, 0x20, 0x00, 0x4f, 0xff, 0xfe, 0x00, 0x00, 0x00, 0x00, 0x00, 0x00, 0x8f, 0xff, 0xfb, 0x00, 0x00, 0x00, 0x00, 0x00, 0x01, 0xef, 0xff,
  0xf6, 0x00, 0x00, 0x00, 0x00, 0x00, 0x0a, 0xff, 0xff, 0xe0, 0x00, 0x00, 0x00, 0x00, 0x00, 0x7f, 0xff, 0xff, 0x50, 0x00, 0x00, 0x00, 0x00, 0x07,
  0xff, 0xff, 0xf9, 0x00, 0x00, 0x00, 0x00, 0x00, 0x7f, 0xff, 0xff, 0xb0, 0x00, 0x00, 0x00, 0x00, 0x0a, 0xff, 0xff, 0xfb, 0x00, 0x00, 0x00, 0x00,
  0x01, 0xcf, 0xff, 0xff, 0xa0, 0x00, 0x00, 0x00, 0x00, 0x3e, 0xff, 0xff, 0xf8, 0x00, 0x00, 0x00, 0x00, 0x06, 0xff, 0xff, 0xff, 0xc7, 0x77, 0x77,
  0x77, 0x00, 0x0f, 0xff, 0xff, 0xff, 0xff, 0xff, 0xff, 0xff, 0x00, 0x0f, 0xff, 0xff, 0xff, 0xff, 0xff, 0xff, 0xff, 0x00, 0x0f, 0xff, 0xff, 0xff,
  0xff, 0xff, 0xff, 0xff, 0x00, 0x0f, 0xff, 0xff, 0xff, 0xff, 0xff, 0xff, 0xff, 0x00, 0x00, 0x00, 0x00, 0x35, 0x65, 0x41, 0x00, 0x00, 0x00, 0x00,
  0x00, 0x8e, 0xff, 0xff, 0xff, 0xb3, 0x00, 0x00, 0x00, 0x1d, 0xff, 0xff, 0xff, 0xff, 0xff, 0x60, 0x00, 0x00, 0xbf, 0xff, 0xff, 0xff, 0xff, 0xff,
  0xf3, 0x00, 0x04, 0xff, 0xff, 0xff, 0xff, 0xff, 0xff, 0xfa, 0x00, 0x08, 0xff, 0xff, 0xf5, 0x02, 0xcf, 0xff, 0xfe, 0x00, 0x0a, 0xff, 0xff, 0xa0,
  0x00, 0x4f, 0xff, 0xff, 0x00, 0x00, 0x00, 0x00, 0x00, 0x00, 0x5f, 0xff, 0xfd, 0x00, 0x00, 0x00, 0x00, 0x00, 0x15, 0xef, 0xff, 0xf7, 0x00, 0x00,
  0x00, 0x00, 0x4f, 0xff, 0xff, 0xff, 0xb0, 0x00, 0x00, 0x00, 0x00, 0x4f, 0xff, 0xff, 0xe7, 0x00, 0x00, 0x00, 0x00, 0x00, 0x4f, 0xff, 0xff, 0xd5,
  0x00, 0x00, 0x00, 0x00, 0x00, 0x4f, 0xff, 0xff, 0xff, 0x90, 0x00, 0x00, 0x00, 0x00, 0x27, 0x8c, 0xff, 0xff, 0xf7, 0x00, 0x00, 0x00, 0x00, 0x00,
  0x00, 0x8f, 0xff, 0xfe, 0x00, 0x03, 0x44, 0x44, 0x00, 0x00, 0x1f, 0xff, 0xff, 0x20, 0x0f, 0xff, 0xff, 0x50, 0x00, 0x0f, 0xff, 0xff, 0x30, 0x0d,
  0xff, 0xff, 0xb0, 0x00, 0x5f, 0xff, 0xff, 0x10, 0x09, 0xff, 0xff, 0xfc, 0x79, 0xff, 0xff, 0xfe, 0x00, 0x02, 0xff, 0xff, 0xff, 0xff, 0xff, 0xff,
  0xf8, 0x00, 0x00, 0x7f, 0xff, 0xff, 0xff, 0xff, 0xff, 0xd0, 0x00, 0x00, 0x06, 0xff, 0xff, 0xff, 0xff, 0xfb, 0x10, 0x00, 0x00, 0x00, 0x17, 0xbe,
  0xff, 0xda, 0x40, 0x00, 0x00, 0x00, 0x00, 0x00, 0x00, 0x00, 0x68, 0x88, 0x88, 0x10, 0x00, 0x00, 0x00, 0x00, 0x00, 0x04, 0xff, 0xff, 0xff, 0x30,
  0x00, 0x00, 0x00, 0x00, 0x00, 0x1e, 0xff, 0xff, 0xff, 0x30, 0x00, 0x00, 0x00, 0x00, 0x00, 0xbf, 0xff, 0xff, 0xff, 0x30, 0x00, 0x00, 0x00, 0x00,
  0x06, 0xff, 0xff, 0xff, 0xff, 0x30, 0x00, 0x00, 0x00, 0x00, 0x2f, 0xff, 0xff, 0xff, 0xff, 0x30, 0x00, 0x00, 0x00, 0x00, 0xcf, 0xff, 0xbf, 0xff,
  0xff, 0x30, 0x00, 0x00, 0x00, 0x08, 0xff, 0xff, 0x2f, 0xff, 0xff, 0x30, 0x00, 0x00, 0x00, 0x3f, 0xff, 0xf7, 0x0f, 0xff, 0xff, 0x30, 0x00, 0x00,
  0x00, 0xdf, 0xff, 0xd0, 0x0f, 0xff, 0xff, 0x30, 0x00, 0x00, 0x0a, 0xff, 0xff, 0x40, 0x0f, 0xff, 0xff, 0x30, 0x00, 0x00, 0x5f, 0xff, 0xfa, 0x00,
  0x0f, 0xff, 0xff, 0x30, 0x00, 0x01, 0xef, 0xff, 0xe1, 0x00, 0x0f, 0xff, 0xff, 0x30, 0x00, 0x0b, 0xff, 0xff, 0xb7, 0x77, 0x7f, 0xff, 0xff, 0x87,
  0x70, 0x0f, 0xff, 0xff, 0xff, 0xff, 0xff, 0xff, 0xff, 0xff, 0xf0, 0x0f, 0xff, 0xff, 0xff, 0xff, 0xff, 0xff, 0xff, 0xff, 0xf0, 0x0f, 0xff, 0xff,
  0xff, 0xff, 0xff, 0xff, 0xff, 0xff, 0xf0, 0x0f, 0xff, 0xff, 0xff, 0xff, 0xff, 0xff, 0xff, 0xff, 0xf0, 0x00, 0x00, 0x00, 0x00, 0x00, 0x0f, 0xff,
  0xff, 0x30, 0x00, 0x00, 0x00, 0x00, 0x00, 0x00, 0x0f, 0xff, 0xff, 0x30, 0x00, 0x00, 0x00, 0x00, 0x00, 0x00, 0x0f, 0xff, 0xff, 0x30, 0x00, 0x00,
  0x00, 0x00, 0x00, 0x00, 0x0f, 0xff, 0xff, 0x30, 0x00, 0x00, 0x0f, 0xff, 0xff, 0xff, 0xff, 0xff, 0xff, 0xa0, 0x00, 0x00, 0x0f, 0xff, 0xff, 0xff,
  0xff, 0xff, 0xff, 0xa0, 0x00, 0x00, 0x0f, 0xff, 0xff, 0xff, 0xff, 0xff, 0xff, 0xa0, 0x00, 0x00, 0x0f, 0xff, 0xff, 0xff, 0xff, 0xff, 0xff, 0xa0,
  0x00, 0x00, 0x0f, 0xff, 0xff, 0x87, 0x77, 0x77, 0x77, 0x40, 0x00, 0x00, 0x0f, 0xff, 0xff, 0x30, 0x00, 0x00, 0x00, 0x00, 0x00, 0x00, 0x0f, 0xff,
  0xff, 0x30, 0x00, 0x00, 0x00, 0x00, 0x00, 0x00, 0x0f, 0xff, 0xff, 0x36, 0xcf, 0xfc, 0x70, 0x00, 0x00, 0x00, 0x0f, 0xff, 0xff, 0xcf, 0xff, 0xff,
  0xfc, 0x00, 0x00, 0x00, 0x0f, 0xff, 0xff, 0xff, 0xff, 0xff, 0xff, 0xa0, 0x00, 0x00, 0x0f, 0xff, 0xff, 0xff, 0xff, 0xff, 0xff, 0xf3, 0x00, 0x00,
  0x0f, 0xff, 0xff, 0xfb, 0x7b, 0xff, 0xff, 0xf9, 0x00, 0x00, 0x0f, 0xff, 0xff, 0xb0, 0x00, 0xaf, 0xff, 0xfd, 0x00, 0x00, 0x02, 0x22, 0x22, 0x10,
  0x00, 0x5f, 0xff, 0xfe, 0x00, 0x00, 0x00, 0x00, 0x00, 0x00, 0x00, 0x3f, 0xff, 0xff, 0x00, 0x00, 0x08, 0x88, 0x88, 0x30, 0x00, 0x5f, 0xff, 0xfe,
  0x00, 0x00, 0x0d, 0xff, 0xff, 0xb0, 0x00, 0xbf, 0xff, 0xfb, 0x00, 0x00, 0x0a, 0xff, 0xff, 0xfb, 0x7b, 0xff, 0xff, 0xf7, 0x00, 0x00, 0x03, 0xff,
  0xff, 0xff, 0xff, 0xff, 0xff, 0xf1, 0x00, 0x00, 0x00, 0x8f, 0xff, 0xff, 0xff, 0xff, 0xff, 0x50, 0x00, 0x00, 0x00, 0x07, 0xff, 0xff, 0xff, 0xff,
  0xf6, 0x00, 0x00, 0x00, 0x00, 0x00, 0x27, 0xce, 0xfe, 0xc8, 0x10, 0x00, 0x00, 0x00, 0x00, 0x00, 0x01, 0x46, 0x64, 0x10, 0x00, 0x00, 0x00, 0x00,
  0x00, 0x02, 0xbf, 0xff, 0xff, 0xfb, 0x30, 0x00, 0x00, 0x00, 0x00, 0x4f, 0xff, 0xff, 0xff, 0xff, 0xf5, 0x00, 0x00, 0x00, 0x02, 0xff, 0xff, 0xff,
  0xff, 0xff, 0xff, 0x20, 0x00, 0x00, 0x0b, 0xff, 0xff, 0xff, 0xff, 0xff, 0xff, 0xa0, 0x00, 0x00, 0x1f, 0xff, 0xff, 0x71, 0x19, 0xff, 0xff, 0xf1,
  0x00, 0x00, 0x6f, 0xff, 0xfb, 0x00, 0x00, 0xef, 0xff, 0xf4, 0x00, 0x00, 0x9f, 0xff, 0xf5, 0x00, 0x00, 0x00, 0x00, 0x00, 0x00, 0x00, 0xcf, 0xff,
  0xf2, 0x00, 0x46, 0x52, 0x00, 0x00, 0x00, 0x00, 0xef, 0xff, 0xf1, 0x8f, 0xff, 0xff, 0xc3, 0x00, 0x00, 0x00, 0xff, 0xff, 0xf9, 0xff, 0xff, 0xff,
  0xff, 0x40, 0x00, 0x00, 0xff, 0xff, 0xff, 0xff, 0xff, 0xff, 0xff, 0xe1, 0x00, 0x00, 0xff, 0xff, 0xff, 0xff, 0xff, 0xff, 0xff, 0xf7, 0x00, 0x00,
  0xef, 0xff, 0xff, 0x81, 0x15, 0xff, 0xff, 0xfc, 0x00, 0x00, 0xdf, 0xff, 0xfb, 0x00, 0x00, 0x7f, 0xff, 0xfe, 0x00, 0x00, 0xbf, 0xff, 0xf7, 0x00,
  0x00, 0x4f, 0xff, 0xff, 0x00, 0x00, 0x8f, 0xff, 0xf8, 0x00, 0x00, 0x5f, 0xff, 0xfe, 0x00, 0x00, 0x4f, 0xff, 0xfe, 0x10, 0x00, 0xbf, 0xff, 0xfc,
  0x00, 0x00, 0x0e, 0xff, 0xff, 0xe8, 0x7c, 0xff, 0xff, 0xf7, 0x00, 0x00, 0x07, 0xff, 0xff, 0xff, 0xff, 0xff, 0xff, 0xf1, 0x00, 0x00, 0x00, 0xcf,
  0xff, 0xff, 0xff, 0xff, 0xff, 0x50, 0x00, 0x00, 0x00, 0x1b, 0xff, 0xff, 0xff, 0xff, 0xe5, 0x00, 0x00, 0x00, 0x00, 0x00, 0x49, 0xde, 0xfe, 0xc6,
  0x10, 0x00, 0x00, 0x0f, 0xff, 0xff, 0xff, 0xff, 0xff, 0xff, 0xf0, 0x0f, 0xff, 0xff, 0xff, 0xff, 0xff, 0xff, 0xf0, 0x0f, 0xff, 0xff, 0xff, 0xff,
  0xff, 0xff, 0xf0, 0x0f, 0xff, 0xff, 0xff, 0xff, 0xff, 0xff, 0xf0, 0x07, 0x77, 0x77, 0x77, 0x77, 0xff, 0xff, 0xb0, 0x00, 0x00, 0x00, 0x00, 0x06,
  0xff, 0xff, 0x50, 0x00, 0x00, 0x00, 0x00, 0x0d, 0xff, 0xfe, 0x00, 0x00, 0x00, 0x00, 0x00, 0x4f, 0xff, 0xf8, 0x00, 0x00, 0x00, 0x00, 0x00, 0xbf,
  0xff, 0xf2, 0x00, 0x00, 0x00, 0x00, 0x01, 0xff, 0xff, 0xb0, 0x00, 0x00, 0x00, 0x00, 0x08, 0xff, 0xff, 0x50, 0x00, 0x00, 0x00, 0x00, 0x0e, 0xff,
  0xfe, 0x00, 0x00, 0x00, 0x00, 0x00, 0x5f, 0xff, 0xf8, 0x00, 0x00, 0x00, 0x00, 0x00, 0xcf, 0xff, 0xf2, 0x00, 0x00, 0x00, 0x00, 0x03, 0xff, 0xff,
  0xb0, 0x00, 0x00, 0x00, 0x00, 0x09, 0xff, 0xff, 0x50, 0x00, 0x00, 0x00, 0x00, 0x1f, 0xff, 0xfe, 0x00, 0x00, 0x00, 0x00, 0x00, 0x7f, 0xff, 0xf8,
  0x00, 0x00, 0x00, 0x00, 0x00, 0xdf, 0xff, 0xf2, 0x00, 0x00, 0x00, 0x00, 0x04, 0xff, 0xff, 0xb0, 0x00, 0x00, 0x00, 0x00, 0x0b, 0xff, 0xff, 0x50,
  0x00, 0x00, 0x00, 0x00, 0x2f, 0xff, 0xfe, 0x00, 0x00, 0x00, 0x00, 0x00, 0x00, 0x00, 0x49, 0xde, 0xfe, 0xc8, 0x30, 0x00, 0x00, 0x00, 0x00, 0x2c,
  0xff, 0xff, 0xff, 0xff, 0xfa, 0x10, 0x00, 0x00, 0x01, 0xef, 0xff, 0xff, 0xff, 0xff, 0xff, 0xc0, 0x00, 0x00, 0x0a, 0xff, 0xff, 0xff, 0xff, 0xff,
  0xff, 0xf6, 0x00, 0x00, 0x0f, 0xff, 0xff, 0xf9, 0x7b, 0xff, 0xff, 0xfc, 0x00, 0x00, 0x2f, 0xff, 0xff, 0x50, 0x00, 0x9f, 0xff, 0xff, 0x00, 0x00,
  0x2f, 0xff, 0xff, 0x00, 0x00, 0x4f, 0xff, 0xfe, 0x00, 0x00, 0x0e, 0xff, 0xff, 0x20, 0x00, 0x6f, 0xff, 0xfa, 0x00, 0x00, 0x08, 0xff, 0xff, 0xc2,
  0x04, 0xef, 0xff, 0xf3, 0x00, 0x00, 0x00, 0xbf, 0xff, 0xff, 0xff, 0xff, 0xff, 0x50, 0x00, 0x00, 0x00, 0x0c, 0xff, 0xff, 0xff, 0xff, 0xf3, 0x00,
  0x00, 0x00, 0x01, 0xcf, 0xff, 0xff, 0xff, 0xff, 0xfe, 0x40, 0x00, 0x00, 0x0d, 0xff, 0xff, 0xff, 0xff, 0xff, 0xff, 0xf2, 0x00, 0x00, 0x6f, 0xff,
  0xff, 0x71, 0x05, 0xef, 0xff, 0xfa, 0x00, 0x00, 0xcf, 0xff, 0xf8, 0x00, 0x00, 0x5f, 0xff, 0xff, 0x00, 0x00, 0xef, 0xff, 0xf4, 0x00, 0x00, 0x0f,
  0xff, 0xff, 0x20, 0x00, 0xff, 0xff, 0xf5, 0x00, 0x00, 0x2f, 0xff, 0xff, 0x20, 0x00, 0xdf, 0xff, 0xfc, 0x00, 0x00, 0x9f, 0xff, 0xff, 0x00, 0x00,
  0x8f, 0xff, 0xff, 0xd8, 0x7c, 0xff, 0xff, 0xfc, 0x00, 0x00, 0x1f, 0xff, 0xff, 0xff, 0xff, 0xff, 0xff, 0xf4, 0x00, 0x00, 0x04, 0xff, 0xff, 0xff,
  0xff, 0xff, 0xff, 0x70, 0x00, 0x00, 0x00, 0x3d, 0xff, 0xff, 0xff, 0xff, 0xe6, 0x00, 0x00, 0x00, 0x00, 0x00, 0x5a, 0xdf, 0xfd, 0xb6, 0x10, 0x00,
  0x00, 0x00, 0x00, 0x00, 0x02, 0x46, 0x64, 0x10, 0x00, 0x00, 0x00, 0x00, 0x06, 0xdf, 0xff, 0xff, 0xfc, 0x30, 0x00, 0x00, 0x00, 0xbf, 0xff, 0xff,
  0xff, 0xff, 0xf6, 0x00, 0x00, 0x0a, 0xff, 0xff, 0xff, 0xff, 0xff, 0xff, 0x30, 0x00, 0x3f, 0xff, 0xff, 0xff, 0xff, 0xff, 0xff, 0xc0, 0x00, 0xaf,
  0xff, 0xff, 0x61, 0x16, 0xff, 0xff, 0xf2, 0x00, 0xdf, 0xff, 0xf8, 0x00, 0x00, 0x8f, 0xff, 0xf7, 0x00, 0xff, 0xff, 0xf4, 0x00, 0x00, 0x4f, 0xff,
  0xfa, 0x00, 0xff, 0xff, 0xf5, 0x00, 0x00, 0x5f, 0xff, 0xfd, 0x00, 0xdf, 0xff, 0xfc, 0x00, 0x00, 0xbf, 0xff, 0xfe, 0x00, 0x9f, 0xff, 0xff, 0xd8,
  0x8c, 0xff, 0xff, 0xff, 0x00, 0x4f, 0xff, 0xff, 0xff, 0xff, 0xff, 0xff, 0xff, 0x00, 0x0a, 0xff, 0xff, 0xff, 0xff, 0xff, 0xff, 0xff, 0x00, 0x00,
  0xaf, 0xff, 0xff, 0xff, 0x9d, 0xff, 0xfe, 0x00, 0x00, 0x04, 0xad, 0xfe, 0xb5, 0x0d, 0xff, 0xfd, 0x00, 0x00, 0x00, 0x00, 0x00, 0x00, 0x0f, 0xff,
  0xfb, 0x00, 0x28, 0x88, 0x86, 0x00, 0x00, 0x3f, 0xff, 0xf9, 0x00, 0x3f, 0xff, 0xff, 0x20, 0x00, 0xaf, 0xff, 0xf5, 0x00, 0x0e, 0xff, 0xff, 0xe9,
  0x7b, 0xff, 0xff, 0xf0, 0x00, 0x08, 0xff, 0xff, 0xff, 0xff, 0xff, 0xff, 0x90, 0x00, 0x00, 0xcf, 0xff, 0xff, 0xff, 0xff, 0xfe, 0x10, 0x00, 0x00,
  0x1a, 0xff, 0xff, 0xff, 0xff, 0xd2, 0x00, 0x00, 0x00, 0x00, 0x39, 0xdf, 0xfe, 0xb6, 0x00, 0x00, 0x00, 0x9e, 0xe9, 0x00, 0x00, 0x09, 0xff, 0xff,
  0x80, 0x00, 0x0e, 0xff, 0xff, 0xe0, 0x00, 0x0e, 0xff, 0xff, 0xe0, 0x00, 0x09, 0xff, 0xff, 0x90, 0x00, 0x00, 0x9e, 0xe9, 0x00, 0x00, 0x00, 0x00,
  0x00, 0x00, 0x00, 0x00, 0x00, 0x00, 0x00, 0x00, 0x00, 0x00, 0x00, 0x00, 0x00, 0x00, 0x00, 0x00, 0x00, 0x00, 0x00, 0x00, 0x00, 0x00, 0x00, 0x00,
  0x00, 0x00, 0x00, 0x00, 0x00, 0x9e, 0xe9, 0x00, 0x00, 0x09, 0xff, 0xff, 0x80, 0x00, 0x0e, 0xff, 0xff, 0xe0, 0x00, 0x0e, 0xff, 0xff, 0xe0, 0x00,
  0x09, 0xff, 0xff, 0x90, 0x00, 0x00, 0x9e, 0xe9, 0x00, 0x00, 0x00, 0x08, 0xee, 0x90, 0x00, 0x00, 0x8f, 0xff, 0xf8, 0x00, 0x00, 0xef, 0xff, 0xfe,
  0x00, 0x00, 0xef, 0xff, 0xfe, 0x00, 0x00, 0x9f, 0xff, 0xf9, 0x00, 0x00, 0x09, 0xee, 0x90, 0x00, 0x00, 0x00, 0x00, 0x00, 0x00, 0x00, 0x00, 0x00,
  0x00, 0x00, 0x00, 0x00, 0x00, 0x00, 0x00, 0x00, 0x00, 0x00, 0x00, 0x00, 0x00, 0x00, 0x00, 0x00, 0x00, 0x00, 0x00, 0x00, 0x00, 0x00, 0x00, 0x00,
  0x00, 0x00, 0x00, 0x00, 0x0f, 0xff, 0xfc, 0x00, 0x00, 0x2f, 0xff, 0xf6, 0x00, 0x00, 0x5f, 0xff, 0xf0, 0x00, 0x00, 0x8f, 0xff, 0xa0, 0x00, 0x00,
  0xbf, 0xff, 0x40, 0x00, 0x00, 0xef, 0xfe, 0x00, 0x00, 0x01, 0xff, 0xf9, 0x00, 0x00, 0x04, 0xff, 0xf3, 0x00, 0x00, 0x07, 0xff, 0xd0, 0x00, 0x00,
  0x00, 0x00, 0x00, 0x0a, 0xff, 0xff, 0xfb, 0x00, 0x00, 0x00, 0x00, 0x00, 0x9f, 0xff, 0xff, 0xc0, 0x00, 0x00, 0x00, 0x00, 0x08, 0xff, 0xff, 0xfd,
  0x10, 0x00, 0x00, 0x00, 0x00, 0x7f, 0xff, 0xff, 0xd1, 0x00, 0x00, 0x00, 0x00, 0x06, 0xff, 0xff, 0xfe, 0x10, 0x00, 0x00, 0x00, 0x00, 0x5f, 0xff,
  0xff, 0xe2, 0x00, 0x00, 0x00, 0x00, 0x01, 0xff, 0xff, 0xff, 0x50, 0x00, 0x00, 0x00, 0x00, 0x00, 0x5f, 0xff, 0xff, 0xe2, 0x00, 0x00, 0x00, 0x00,
  0x00, 0x06, 0xff, 0xff, 0xfe, 0x10, 0x00, 0x00, 0x00, 0x00, 0x00, 0x7f, 0xff, 0xff, 0xd1, 0x00, 0x00, 0x00, 0x00, 0x00, 0x08, 0xff, 0xff, 0xfd,
  0x10, 0x00, 0x00, 0x00, 0x00, 0x00, 0x9f, 0xff, 0xff, 0xc0, 0x00, 0x00, 0x00, 0x00, 0x00, 0x0a, 0xff, 0xff, 0xfb, 0x00, 0x00, 0x00, 0x00, 0x00,
  0x00, 0x00, 0x00, 0x00, 0x00, 0x00, 0x00, 0x00, 0x00, 0x00, 0x00, 0x00, 0x00, 0x00, 0x00, 0x00, 0x00, 0x00, 0x00, 0x00, 0x00, 0x00, 0x00, 0x00,
  0x00, 0x00, 0x00, 0x00, 0x00, 0x00, 0x00, 0x00, 0x00, 0x00, 0xff, 0xff, 0xff, 0xff, 0xff, 0xff, 0xff, 0xff, 0xf0, 0x00, 0x00, 0xff, 0xff, 0xff,
  0xff, 0xff, 0xff, 0xff, 0xff, 0xf0, 0x00, 0x00, 0xff, 0xff, 0xff, 0xff, 0xff, 0xff, 0xff, 0xff, 0xf0, 0x00, 0x00, 0xff, 0xff, 0xff, 0xff, 0xff,
  0xff, 0xff, 0xff, 0xf0, 0x00, 0x00, 0x77, 0x77, 0x77, 0x77, 0x77, 0x77, 0x77, 0x77, 0x70, 0x00, 0x00, 0x00, 0x00, 0x00, 0x00, 0x00, 0x00, 0x00,
  0x00, 0x00, 0x00, 0x00, 0x00, 0x00, 0x00, 0x00, 0x00, 0x00, 0x00, 0x00, 0x00, 0x00, 0x00, 0x77, 0x77, 0x77, 0x77, 0x77, 0x77, 0x77, 0x77, 0x70,
  0x00, 0x00, 0xff, 0xff, 0xff, 0xff, 0xff, 0xff, 0xff, 0xff, 0xf0, 0x00, 0x00, 0xff, 0xff, 0xff, 0xff, 0xff, 0xff, 0xff, 0xff, 0xf0, 0x00, 0x00,
  0xff, 0xff, 0xff, 0xff, 0xff, 0xff, 0xff, 0xff, 0xf0, 0x00, 0x00, 0xff, 0xff, 0xff, 0xff, 0xff, 0xff, 0xff, 0xff, 0xf0, 0x00, 0x00, 0x00, 0x00,
  0x00, 0x00, 0x00, 0x00, 0x00, 0x00, 0x00, 0x00, 0x00, 0x00, 0x00, 0x00, 0x00, 0x00, 0x00, 0x00, 0x00, 0x00, 0x00, 0x00, 0x00, 0x00, 0x00, 0x00,
  0x00, 0x00, 0x00, 0x00, 0x00, 0x00, 0x00, 0x00, 0x00, 0x00, 0x00, 0x00, 0x00, 0x00, 0x00, 0x00, 0x00, 0x00, 0x00, 0x00, 0x00, 0x00, 0x00, 0x00,
  0x00, 0x00, 0x00, 0x00, 0x00, 0xaf, 0xff, 0xff, 0xc0, 0x00, 0x00, 0x00, 0x00, 0x0a, 0xff, 0xff, 0xfb, 0x00, 0x00, 0x00, 0x00, 0x00, 0xbf, 0xff,
  0xff, 0xa0, 0x00, 0x00, 0x00, 0x00, 0x0c, 0xff, 0xff, 0xf9, 0x00, 0x00, 0x00, 0x00, 0x00, 0xcf, 0xff, 0xff, 0x80, 0x00, 0x00, 0x00, 0x00, 0x1d,
  0xff, 0xff, 0xf7, 0x00, 0x00, 0x00, 0x00, 0x03, 0xff, 0xff, 0xff, 0x30, 0x00, 0x00, 0x00, 0x1d, 0xff, 0xff, 0xf7, 0x00, 0x00, 0x00, 0x00, 0xcf,
  0xff, 0xff, 0x80, 0x00, 0x00, 0x00, 0x0c, 0xff, 0xff, 0xf9, 0x00, 0x00, 0x00, 0x00, 0xbf, 0xff, 0xff, 0xa0, 0x00, 0x00, 0x00, 0x0a, 0xff, 0xff,
  0xfb, 0x00, 0x00, 0x00, 0x00, 0xaf, 0xff, 0xff, 0xc0, 0x00, 0x00, 0x00, 0x00, 0x00, 0x00, 0x00, 0x00, 0x00, 0x00, 0x00, 0x00, 0x00, 0x00, 0x00,
  0x00, 0x00, 0x00, 0x00, 0x00, 0x00, 0x00, 0x00, 0x00, 0x00, 0x00, 0x00, 0x00, 0x00, 0x00, 0x00, 0x00, 0x00, 0x00, 0x00, 0x00, 0x00, 0x00, 0x45,
  0x65, 0x20, 0x00, 0x00, 0x00, 0x01, 0xaf, 0xff, 0xff, 0xfd, 0x50, 0x00, 0x00, 0x4f, 0xff, 0xff, 0xff, 0xff, 0xf8, 0x00, 0x01, 0xef, 0xff, 0xff,
  0xff, 0xff, 0xff, 0x50, 0x08, 0xff, 0xff, 0xff, 0xff, 0xff, 0xff, 0xd0, 0x0d, 0xff, 0xff, 0xc2, 0x09, 0xff, 0xff, 0xf1, 0x0d, 0xdd, 0xdd, 0x40,
  0x00, 0xff, 0xff, 0xf3, 0x00, 0x00, 0x00, 0x00, 0x02, 0xff, 0xff, 0xf2, 0x00, 0x00, 0x00, 0x01, 0x5d, 0xff, 0xff, 0xf0, 0x00, 0x00, 0xff, 0xff,
  0xff, 0xff, 0xff, 0xa0, 0x00, 0x00, 0xff, 0xff, 0xff, 0xff, 0xfe, 0x10, 0x00, 0x00, 0xff, 0xff, 0xff, 0xff, 0xc2, 0x00, 0x00, 0x00, 0xff, 0xff,
  0xfa, 0x73, 0x00, 0x00, 0x00, 0x00, 0xff, 0xff, 0xf3, 0x00, 0x00, 0x00, 0x00, 0x00, 0xff, 0xff, 0xf3, 0x00, 0x00, 0x00, 0x00, 0x00, 0x00, 0x00,
  0x00, 0x00, 0x00, 0x00, 0x00, 0x00, 0x00, 0x00, 0x00, 0x00, 0x00, 0x00, 0x00, 0x00, 0x8e, 0xe9, 0x00, 0x00, 0x00, 0x00, 0x00, 0x08, 0xff, 0xff,
  0x80, 0x00, 0x00, 0x00, 0x00, 0x0e, 0xff, 0xff, 0xe0, 0x00, 0x00, 0x00, 0x00, 0x0e, 0xff, 0xff, 0xe0, 0x00, 0x00, 0x00, 0x00, 0x09, 0xff, 0xff,
  0x90, 0x00, 0x00, 0x00, 0x00, 0x00, 0x9e, 0xe9, 0x00, 0x00, 0x00, 0x00, 0x00, 0x00, 0x00, 0x00, 0x00, 0x00, 0x05, 0x9c, 0xef, 0xff, 0xda, 0x61,
  0x00, 0x00, 0x00, 0x00, 0x00, 0x00, 0x00, 0x00, 0x00, 0x3a, 0xff, 0xff, 0xff, 0xff, 0xff, 0xff, 0xa2, 0x00, 0x00, 0x00, 0x00, 0x00, 0x00, 0x00,
  0x1a, 0xff, 0xff, 0xff, 0xff, 0xff, 0xff, 0xff, 0xff, 0x50, 0x00, 0x00, 0x00, 0x00, 0x00, 0x04, 0xef, 0xff, 0xfd, 0x73, 0x10, 0x02, 0x5a, 0xff,
  0xff, 0xf6, 0x00, 0x00, 0x00, 0x00, 0x00, 0x6f, 0xff, 0xfd, 0x40, 0x00, 0x00, 0x00, 0x00, 0x1c, 0xff, 0xff, 0x30, 0x00, 0x00, 0x00, 0x05, 0xff,
  0xff, 0x90, 0x00, 0x00, 0x00, 0x00, 0x00, 0x00, 0xbf, 0xff, 0xc0, 0x00, 0x00, 0x00, 0x2f, 0xff, 0xf7, 0x00, 0x00, 0x00, 0x00, 0x00, 0x00, 0x00,
  0x1f, 0xff, 0xf4, 0x00, 0x00, 0x00, 0xcf, 0xff, 0x90, 0x00, 0x19, 0xdf, 0xe8, 0x0e, 0xff, 0xf3, 0x08, 0xff, 0xf9, 0x00, 0x00, 0x05, 0xff, 0xfe,
  0x00, 0x03, 0xef, 0xff, 0xff, 0xaf, 0xff, 0xf0, 0x04, 0xff, 0xfc, 0x00, 0x00, 0x0c, 0xff, 0xf5, 0x00, 0x2f, 0xff, 0xff, 0xff, 0xff, 0xff, 0xd0,
  0x01, 0xff, 0xfe, 0x00, 0x00, 0x2f, 0xff, 0xe0, 0x00, 0xbf, 0xff, 0xff, 0xff, 0xff, 0xff, 0xb0, 0x00, 0xff, 0xff, 0x00, 0x00, 0x7f, 0xff, 0x80,
  0x04, 0xff, 0xff, 0x71, 0x18, 0xff, 0xff, 0x80, 0x01, 0xff, 0xfe, 0x00, 0x00, 0xbf, 0xff, 0x40, 0x09, 0xff, 0xf8, 0x00, 0x00, 0xef, 0xff, 0x50,
  0x02, 0xff, 0xfd, 0x00, 0x00, 0xdf, 0xff, 0x20, 0x0d, 0xff, 0xf1, 0x00, 0x00, 0xef, 0xff, 0x20, 0x05, 0xff, 0xfa, 0x00, 0x00, 0xef, 0xff, 0x00,
  0x0e, 0xff, 0xf0, 0x00, 0x05, 0xff, 0xff, 0x00, 0x09, 0xff, 0xf5, 0x00, 0x00, 0xff, 0xff, 0x00, 0x0f, 0xff, 0xf9, 0x11, 0x6f, 0xff, 0xfe, 0x00,
  0x0e, 0xff, 0xe0, 0x00, 0x00, 0xff, 0xff, 0x10, 0x0d, 0xff, 0xff, 0xff, 0xff, 0xff, 0xff, 0x21, 0xbf, 0xff, 0x60, 0x00, 0x00, 0xdf, 0xff, 0x40,
  0x08, 0xff, 0xff, 0xff, 0xff, 0xff, 0xff, 0xff, 0xff, 0xfa, 0x00, 0x00, 0x00, 0xaf, 0xff, 0x80, 0x01, 0xdf, 0xff, 0xff, 0xfa, 0x4f, 0xff, 0xff,
  0xff, 0xa0, 0x00, 0x00, 0x00, 0x5f, 0xff, 0xe0, 0x00, 0x19, 0xef, 0xeb, 0x40, 0x03, 0xbe, 0xfe, 0xa4, 0x00, 0x00, 0x00, 0x00, 0x0d, 0xff, 0xfa,
  0x00, 0x00, 0x00, 0x00, 0x00, 0x00, 0x00, 0x00, 0x00, 0x00, 0x00, 0x00, 0x00, 0x04, 0xff, 0xff, 0xa1, 0x00, 0x00, 0x00, 0x00, 0x00, 0x00, 0x00,
  0x00, 0x00, 0x00, 0x00, 0x00, 0x00, 0x8f, 0xff, 0xff, 0x84, 0x10, 0x01, 0x37, 0xc4, 0x00, 0x00, 0x00, 0x00, 0x00, 0x00, 0x00, 0x00, 0x07, 0xff,
  0xff, 0xff, 0xff, 0xff, 0xff, 0xf9, 0x00, 0x00, 0x00, 0x00, 0x00, 0x00, 0x00, 0x00, 0x00, 0x3c, 0xff, 0xff, 0xff, 0xff, 0xff, 0xfd, 0x00, 0x00,
  0x00, 0x00, 0x00, 0x00, 0x00, 0x00, 0x00, 0x00, 0x27, 0xbe, 0xff, 0xfe, 0xc9, 0x50, 0x00, 0x00, 0x00, 0x00, 0x00, 0x00, 0x00, 0x00, 0x00, 0x01,
  0xff, 0xff, 0xff, 0x30, 0x00, 0x00, 0x00, 0x00, 0x00, 0x00, 0x07, 0xff, 0xff, 0xff, 0x90, 0x00, 0x00, 0x00, 0x00, 0x00, 0x00, 0x0d, 0xff, 0xff,
  0xff, 0xe0, 0x00, 0x00, 0x00, 0x00, 0x00, 0x00, 0x2f, 0xff, 0xff, 0xff, 0xf5, 0x00, 0x00, 0x00, 0x00, 0x00, 0x00, 0x8f, 0xff, 0xff, 0xff, 0xfa,
  0x00, 0x00, 0x00, 0x00, 0x00, 0x00, 0xef, 0xff, 0xff, 0xff, 0xff, 0x10, 0x00, 0x00, 0x00, 0x00, 0x04, 0xff, 0xff, 0xb9, 0xff, 0xff, 0x60, 0x00,
  0x00, 0x00, 0x00, 0x0a, 0xff, 0xff, 0x54, 0xff, 0xff, 0xc0, 0x00, 0x00, 0x00, 0x00, 0x0f, 0xff, 0xff, 0x00, 0xef, 0xff, 0xf2, 0x00, 0x00, 0x00,
  0x00, 0x5f, 0xff, 0xfa, 0x00, 0x9f, 0xff, 0xf7, 0x00, 0x00, 0x00, 0x00, 0xbf, 0xff, 0xf5, 0x00, 0x3f, 0xff, 0xfd, 0x00, 0x00, 0x00, 0x01, 0xff,
  0xff, 0xf0, 0x00, 0x0d, 0xff, 0xff, 0x30, 0x00, 0x00, 0x07, 0xff, 0xff, 0xa0, 0x00, 0x08, 0xff, 0xff, 0x90, 0x00, 0x00, 0x0c, 0xff, 0xff, 0xff,
  0xff, 0xff, 0xff, 0xff, 0xe0, 0x00, 0x00, 0x2f, 0xff, 0xff, 0xff, 0xff, 0xff, 0xff, 0xff, 0xf4, 0x00, 0x00, 0x8f, 0xff, 0xff, 0xff, 0xff, 0xff,
  0xff, 0xff, 0xfa, 0x00, 0x00, 0xef, 0xff, 0xff, 0xff, 0xff, 0xff, 0xff, 0xff, 0xff, 0x00, 0x03, 0xff, 0xff, 0xf7, 0x77, 0x77, 0x77, 0x7f, 0xff,
  0xff, 0x60, 0x09, 0xff, 0xff, 0xb0, 0x00, 0x00, 0x00, 0x0a, 0xff, 0xff, 0xb0, 0x0f, 0xff, 0xff, 0x50, 0x00, 0x00, 0x00, 0x04, 0xff, 0xff, 0xf1,
  0x5f, 0xff, 0xff, 0x00, 0x00, 0x00, 0x00, 0x00, 0xef, 0xff, 0xf7, 0x00, 0xff, 0xff, 0xff, 0xff, 0xff, 0xec, 0x82, 0x00, 0x00, 0x00, 0xff, 0xff,
  0xff, 0xff, 0xff, 0xff, 0xff, 0x70, 0x00, 0x00, 0xff, 0xff, 0xff, 0xff, 0xff, 0xff, 0xff, 0xf6, 0x00, 0x00, 0xff, 0xff, 0xff, 0xff, 0xff, 0xff,
  0xff, 0xfe, 0x00, 0x00, 0xff, 0xff, 0xf8, 0x77, 0x79, 0xff, 0xff, 0xff, 0x20, 0x00, 0xff, 0xff, 0xf3, 0x00, 0x00, 0x3f, 0xff, 0xff, 0x20, 0x00,
  0xff, 0xff, 0xf3, 0x00, 0x00, 0x1f, 0xff, 0xff, 0x00, 0x00, 0xff, 0xff, 0xf3, 0x00, 0x02, 0xaf, 0xff, 0xfa, 0x00, 0x00, 0xff, 0xff, 0xff, 0xff,
  0xff, 0xff, 0xff, 0xd1, 0x00, 0x00, 0xff, 0xff, 0xff, 0xff, 0xff, 0xff, 0xf9, 0x10, 0x00, 0x00, 0xff, 0xff, 0xff, 0xff, 0xff, 0xff, 0xfe, 0x70,
  0x00, 0x00, 0xff, 0xff, 0xff, 0xff, 0xff, 0xff, 0xff, 0xfa, 0x00, 0x00, 0xff, 0xff, 0xf3, 0x00, 0x01, 0x5e, 0xff, 0xff, 0x50, 0x00, 0xff, 0xff,
  0xf3, 0x00, 0x00, 0x06, 0xff, 0xff, 0xc0, 0x00, 0xff, 0xff, 0xf3, 0x00, 0x00, 0x04, 0xff, 0xff, 0xf0, 0x00, 0xff, 0xff, 0xf3, 0x00, 0x00, 0x09,
  0xff, 0xff, 0xf0, 0x00, 0xff, 0xff, 0xf8, 0x77, 0x77, 0xbf, 0xff, 0xff, 0xd0, 0x00, 0xff, 0xff, 0xff, 0xff, 0xff, 0xff, 0xff, 0xff, 0x80, 0x00,
  0xff, 0xff, 0xff, 0xff, 0xff, 0xff, 0xff, 0xfd, 0x00, 0x00, 0xff, 0xff, 0xff, 0xff, 0xff, 0xff, 0xff, 0xc2, 0x00, 0x00, 0xff, 0xff, 0xff, 0xff,
  0xff, 0xfe, 0xa5, 0x00, 0x00, 0x00, 0x00, 0x00, 0x04, 0x9c, 0xef, 0xfd, 0xa5, 0x00, 0x00, 0x00, 0x00, 0x00, 0x00, 0x04, 0xdf, 0xff, 0xff, 0xff,
  0xff, 0xe6, 0x00, 0x00, 0x00, 0x00, 0x00, 0x8f, 0xff, 0xff, 0xff, 0xff, 0xff, 0xff, 0xa0, 0x00, 0x00, 0x00, 0x08, 0xff, 0xff, 0xff, 0xff, 0xff,
  0xff, 0xff, 0xfa, 0x00, 0x00, 0x00, 0x4f, 0xff, 0xff, 0xfd, 0x87, 0x8d, 0xff, 0xff, 0xff, 0x60, 0x00, 0x00, 0xdf, 0xff, 0xff, 0x60, 0x00, 0x00,
  0x6f, 0xff, 0xff, 0xe0, 0x00, 0x04, 0xff, 0xff, 0xf6, 0x00, 0x00, 0x00, 0x07, 0xff, 0xff, 0xf5, 0x00, 0x09, 0xff, 0xff, 0xd0, 0x00, 0x00, 0x00,
  0x00, 0x22, 0x22, 0x21, 0x00, 0x0d, 0xff, 0xff, 0x70, 0x00, 0x00, 0x00, 0x00, 0x00, 0x00, 0x00, 0x00, 0x0f, 0xff, 0xff, 0x40, 0x00, 0x00, 0x00,
  0x00, 0x00, 0x00, 0x00, 0x00, 0x0f, 0xff, 0xff, 0x30, 0x00, 0x00, 0x00, 0x00, 0x00, 0x00, 0x00, 0x00, 0x0f, 0xff, 0xff, 0x40, 0x00, 0x00, 0x00,
  0x00, 0x00, 0x00, 0x00, 0x00, 0x0d, 0xff, 0xff, 0x70, 0x00, 0x00, 0x00, 0x00, 0x00, 0x00, 0x00, 0x00, 0x09, 0xff, 0xff, 0xd0, 0x00, 0x00, 0x00,
  0x00, 0x22, 0x22, 0x21, 0x00, 0x04, 0xff, 0xff, 0xf6, 0x00, 0x00, 0x00, 0x07, 0xff, 0xff, 0xf5, 0x00, 0x00, 0xdf, 0xff, 0xff, 0x60, 0x00, 0x00,
  0x6f, 0xff, 0xff, 0xe0, 0x00, 0x00, 0x4f, 0xff, 0xff, 0xfd, 0x87, 0x8d, 0xff, 0xff, 0xff, 0x60, 0x00, 0x00, 0x08, 0xff, 0xff, 0xff, 0xff, 0xff,
  0xff, 0xff, 0xfa, 0x00, 0x00, 0x00, 0x00, 0x8f, 0xff, 0xff, 0xff, 0xff, 0xff, 0xff, 0xa0, 0x00, 0x00, 0x00, 0x00, 0x04, 0xdf, 0xff, 0xff, 0xff,
  0xff, 0xe6, 0x00, 0x00, 0x00, 0x00, 0x00, 0x00, 0x04, 0x9d, 0xff, 0xfd, 0xa5, 0x00, 0x00, 0x00, 0x00, 0x00, 0xff, 0xff, 0xff, 0xff, 0xfe, 0xc8,
  0x30, 0x00, 0x00, 0x00, 0x00, 0xff, 0xff, 0xff, 0xff, 0xff, 0xff, 0xfc, 0x30, 0x00, 0x00, 0x00, 0xff, 0xff, 0xff, 0xff, 0xff, 0xff, 0xff, 0xf7,
  0x00, 0x00, 0x00, 0xff, 0xff, 0xff, 0xff, 0xff, 0xff, 0xff, 0xff, 0x80, 0x00, 0x00, 0xff, 0xff, 0xf8, 0x77, 0x8a, 0xef, 0xff, 0xff, 0xf4, 0x00,
  0x00, 0xff, 0xff, 0xf3, 0x00, 0x00, 0x08, 0xff, 0xff, 0xfd, 0x00, 0x00, 0xff, 0xff, 0xf3, 0x00, 0x00, 0x00, 0x7f, 0xff, 0xff, 0x40, 0x00, 0xff,
  0xff, 0xf3, 0x00, 0x00, 0x00, 0x0d, 0xff, 0xff, 0x90, 0x00, 0xff, 0xff, 0xf3, 0x00, 0x00, 0x00, 0x07, 0xff, 0xff, 0xd0, 0x00, 0xff, 0xff, 0xf3,
  0x00, 0x00, 0x00, 0x04, 0xff, 0xff, 0xf0, 0x00, 0xff, 0xff, 0xf3, 0x00, 0x00, 0x00, 0x03, 0xff, 0xff, 0xf0, 0x00, 0xff, 0xff, 0xf3, 0x00, 0x00,
  0x00, 0x04, 0xff, 0xff, 0xf0, 0x00, 0xff, 0xff, 0xf3, 0x00, 0x00, 0x00, 0x07, 0xff, 0xff, 0xd0, 0x00, 0xff, 0xff, 0xf3, 0x00, 0x00, 0x00, 0x0d,
  0xff, 0xff, 0x90, 0x00, 0xff, 0xff, 0xf3, 0x00, 0x00, 0x00, 0x7f, 0xff, 0xff, 0x40, 0x00, 0xff, 0xff, 0xf3, 0x00, 0x00, 0x08, 0xff, 0xff, 0xfd,
  0x00, 0x00, 0xff, 0xff, 0xf8, 0x77, 0x7a, 0xef, 0xff, 0xff, 0xf4, 0x00, 0x00, 0xff, 0xff, 0xff, 0xff, 0xff, 0xff, 0xff, 0xff, 0x80, 0x00, 0x00,
  0xff, 0xff, 0xff, 0xff, 0xff, 0xff, 0xff, 0xf7, 0x00, 0x00, 0x00, 0xff, 0xff, 0xff, 0xff, 0xff, 0xff, 0xfc, 0x30, 0x00, 0x00, 0x00, 0xff, 0xff,
  0xff, 0xff, 0xfe, 0xc8, 0x30, 0x00, 0x00, 0x00, 0x00, 0xff, 0xff, 0xff, 0xff, 0xff, 0xff, 0xf0, 0x00, 0xff, 0xff, 0xff, 0xff, 0xff, 0xff, 0xf0,
  0x00, 0xff, 0xff, 0xff, 0xff, 0xff, 0xff, 0xf0, 0x00, 0xff, 0xff, 0xff, 0xff, 0xff, 0xff, 0xf0, 0x00, 0xff, 0xff, 0xf8, 0x77, 0x77, 0x77, 0x70,
  0x00, 0xff, 0xff, 0xf3, 0x00, 0x00, 0x00, 0x00, 0x00, 0xff, 0xff, 0xf3, 0x00, 0x00, 0x00, 0x00, 0x00, 0xff, 0xff, 0xf3, 0x00, 0x00, 0x00, 0x00,
  0x00, 0xff, 0xff, 0xff, 0xff, 0xff, 0xff, 0x00, 0x00, 0xff, 0xff, 0xff, 0xff, 0xff, 0xff, 0x00, 0x00, 0xff, 0xff, 0xff, 0xff, 0xff, 0xff, 0x00,
  0x00, 0xff, 0xff, 0xff, 0xff, 0xff, 0xff, 0x00, 0x00, 0xff, 0xff, 0xf8, 0x77, 0x77, 0x77, 0x00, 0x00, 0xff, 0xff, 0xf3, 0x00, 0x00, 0x00, 0x00,
  0x00, 0xff, 0xff, 0xf3, 0x00, 0x00, 0x00, 0x00, 0x00, 0xff, 0xff, 0xf3, 0x00, 0x00, 0x00, 0x00, 0x00, 0xff, 0xff, 0xf8, 0x77, 0x77, 0x77, 0x70,
  0x00, 0xff, 0xff, 0xff, 0xff, 0xff, 0xff, 0xf0, 0x00, 0xff, 0xff, 0xff, 0xff, 0xff, 0xff, 0xf0, 0x00, 0xff, 0xff, 0xff, 0xff, 0xff, 0xff, 0xf0,
  0x00, 0xff, 0xff, 0xff, 0xff, 0xff, 0xff, 0xf0, 0x00, 0xff, 0xff, 0xff, 0xff, 0xff, 0xff, 0xf8, 0x00, 0xff, 0xff, 0xff, 0xff, 0xff, 0xff, 0xf8,
  0x00, 0xff, 0xff, 0xff, 0xff, 0xff, 0xff, 0xf8, 0x00, 0xff, 0xff, 0xff, 0xff, 0xff, 0xff, 0xf8, 0x00, 0xff, 0xff, 0xf8, 0x77, 0x77, 0x77, 0x73,
  0x00, 0xff, 0xff, 0xf3, 0x00, 0x00, 0x00, 0x00, 0x00, 0xff, 0xff, 0xf3, 0x00, 0x00, 0x00, 0x00, 0x00, 0xff, 0xff, 0xf3, 0x00, 0x00, 0x00, 0x00,
  0x00, 0xff, 0xff, 0xff, 0xff, 0xff, 0xf8, 0x00, 0x00, 0xff, 0xff, 0xff, 0xff, 0xff, 0xf8, 0x00, 0x00, 0xff, 0xff, 0xff, 0xff, 0xff, 0xf8, 0x00,
  0x00, 0xff, 0xff, 0xff, 0xff, 0xff, 0xf8, 0x00, 0x00, 0xff, 0xff, 0xf8, 0x77, 0x77, 0x73, 0x00, 0x00, 0xff, 0xff, 0xf3, 0x00, 0x00, 0x00, 0x00,
  0x00, 0xff, 0xff, 0xf3, 0x00, 0x00, 0x00, 0x00, 0x00, 0xff, 0xff, 0xf3, 0x00, 0x00, 0x00, 0x00, 0x00, 0xff, 0xff, 0xf3, 0x00, 0x00, 0x00, 0x00,
  0x00, 0xff, 0xff, 0xf3, 0x00, 0x00, 0x00, 0x00, 0x00, 0xff, 0xff, 0xf3, 0x00, 0x00, 0x00, 0x00, 0x00, 0xff, 0xff, 0xf3, 0x00, 0x00, 0x00, 0x00,
  0x00, 0xff, 0xff, 0xf3, 0x00, 0x00, 0x00, 0x00, 0x00, 0x00, 0x00, 0x03, 0x9c, 0xef, 0xfe, 0xb7, 0x20, 0x00, 0x00, 0x00, 0x00, 0x00, 0x03, 0xcf,
  0xff, 0xff, 0xff, 0xff, 0xfa, 0x10, 0x00, 0x00, 0x00, 0x00, 0x7f, 0xff, 0xff, 0xff, 0xff, 0xff, 0xff, 0xe3, 0x00, 0x00, 0x00, 0x07, 0xff, 0xff,
  0xff, 0xff, 0xff, 0xff, 0xff, 0xfe, 0x20, 0x00, 0x00, 0x4f, 0xff, 0xff, 0xfe, 0x97, 0x8a, 0xff, 0xff, 0xff, 0xc0, 0x00, 0x00, 0xdf, 0xff, 0xff,
  0x70, 0x00, 0x00, 0x1c, 0xff, 0xff, 0xf4, 0x00, 0x04, 0xff, 0xff, 0xf6, 0x00, 0x00, 0x00, 0x01, 0x88, 0x88, 0x84, 0x00, 0x09, 0xff, 0xff, 0xd0,
  0x00, 0x00, 0x00, 0x00, 0x00, 0x00, 0x00, 0x00, 0x0d, 0xff, 0xff, 0x70, 0x00, 0x00, 0x00, 0x00, 0x00, 0x00, 0x00, 0x00, 0x0f, 0xff, 0xff, 0x40,
  0x00, 0x0f, 0xff, 0xff, 0xff, 0xff, 0xff, 0x00, 0x0f, 0xff, 0xff, 0x30, 0x00, 0x0f, 0xff, 0xff, 0xff, 0xff, 0xff, 0x00, 0x0f, 0xff, 0xff, 0x40,
  0x00, 0x0f, 0xff, 0xff, 0xff, 0xff, 0xff, 0x00, 0x0d, 0xff, 0xff, 0x70, 0x00, 0x0f, 0xff, 0xff, 0xff, 0xff, 0xff, 0x00, 0x09, 0xff, 0xff, 0xd0,
  0x00, 0x00, 0x00, 0x00, 0x0d, 0xff, 0xff, 0x00, 0x04, 0xff, 0xff, 0xf7, 0x00, 0x00, 0x00, 0x00, 0x6f, 0xff, 0xfc, 0x00, 0x00, 0xdf, 0xff, 0xff,
  0x80, 0x00, 0x00, 0x06, 0xff, 0xff, 0xf5, 0x00, 0x00, 0x4f, 0xff, 0xff, 0xfe, 0xa7, 0x79, 0xef, 0xff, 0xff, 0xb0, 0x00, 0x00, 0x07, 0xff, 0xff,
  0xff, 0xff, 0xff, 0xff, 0xff, 0xfd, 0x10, 0x00, 0x00, 0x00, 0x7f, 0xff, 0xff, 0xff, 0xff, 0xff, 0xff, 0xc1, 0x00, 0x00, 0x00, 0x00, 0x03, 0xcf,
  0xff, 0xff, 0xff, 0xff, 0xf7, 0x00, 0x00, 0x00, 0x00, 0x00, 0x00, 0x03, 0x9c, 0xef, 0xed, 0xa5, 0x00, 0x00, 0x00, 0x00, 0x00, 0xff, 0xff, 0xf3,
  0x00, 0x00, 0x00, 0x0f, 0xff, 0xff, 0x30, 0x00, 0xff, 0xff, 0xf3, 0x00, 0x00, 0x00, 0x0f, 0xff, 0xff, 0x30, 0x00, 0xff, 0xff, 0xf3, 0x00, 0x00,
  0x00, 0x0f, 0xff, 0xff, 0x30, 0x00, 0xff, 0xff, 0xf3, 0x00, 0x00, 0x00, 0x0f, 0xff, 0xff, 0x30, 0x00, 0xff, 0xff, 0xf3, 0x00, 0x00, 0x00, 0x0f,
  0xff, 0xff, 0x30, 0x00, 0xff, 0xff, 0xf3, 0x00, 0x00, 0x00, 0x0f, 0xff, 0xff, 0x30, 0x00, 0xff, 0xff, 0xf3, 0x00, 0x00, 0x00, 0x0f, 0xff, 0xff,
  0x30, 0x00, 0xff, 0xff, 0xf3, 0x00, 0x00, 0x00, 0x0f, 0xff, 0xff, 0x30, 0x00, 0xff, 0xff, 0xff, 0xff, 0xff, 0xff, 0xff, 0xff, 0xff, 0x30, 0x00,
  0xff, 0xff, 0xff, 0xff, 0xff, 0xff, 0xff, 0xff, 0xff, 0x30, 0x00, 0xff, 0xff, 0xff, 0xff, 0xff, 0xff, 0xff, 0xff, 0xff, 0x30, 0x00, 0xff, 0xff,
  0xff, 0xff, 0xff, 0xff, 0xff, 0xff, 0xff, 0x30, 0x00, 0xff, 0xff, 0xf8, 0x77, 0x77, 0x77, 0x7f, 0xff, 0xff, 0x30, 0x00, 0xff, 0xff, 0xf3, 0x00,
  0x00, 0x00, 0x0f, 0xff, 0xff, 0x30, 0x00, 0xff, 0xff, 0xf3, 0x00, 0x00, 0x00, 0x0f, 0xff, 0xff, 0x30, 0x00, 0xff, 0xff, 0xf3, 0x00, 0x00, 0x00,
  0x0f, 0xff, 0xff, 0x30, 0x00, 0xff, 0xff, 0xf3, 0x00, 0x00, 0x00, 0x0f, 0xff, 0xff, 0x30, 0x00, 0xff, 0xff, 0xf3, 0x00, 0x00, 0x00, 0x0f, 0xff,
  0xff, 0x30, 0x00, 0xff, 0xff, 0xf3, 0x00, 0x00, 0x00, 0x0f, 0xff, 0xff, 0x30, 0x00, 0xff, 0xff, 0xf3, 0x00, 0x00, 0x00, 0x0f, 0xff, 0xff, 0x30,
  0x00, 0xff, 0xff, 0xf3, 0x00, 0x00, 0x00, 0x0f, 0xff, 0xff, 0x30, 0x00, 0xff, 0xff, 0xf3, 0x00, 0x00, 0xff, 0xff, 0xf3, 0x00, 0x00, 0xff, 0xff,
  0xf3, 0x00, 0x00, 0xff, 0xff, 0xf3, 0x00, 0x00, 0xff, 0xff, 0xf3, 0x00, 0x00, 0xff, 0xff, 0xf3, 0x00, 0x00, 0xff, 0xff, 0xf3, 0x00, 0x00, 0xff,
  0xff, 0xf3, 0x00, 0x00, 0xff, 0xff, 0xf3, 0x00, 0x00, 0xff, 0xff, 0xf3, 0x00, 0x00, 0xff, 0xff, 0xf3, 0x00, 0x00, 0xff, 0xff, 0xf3, 0x00, 0x00,
  0xff, 0xff, 0xf3, 0x00, 0x00, 0xff, 0xff, 0xf3, 0x00, 0x00, 0xff, 0xff, 0xf3, 0x00, 0x00, 0xff, 0xff, 0xf3, 0x00, 0x00, 0xff, 0xff, 0xf3, 0x00,
  0x00, 0xff, 0xff, 0xf3, 0x00, 0x00, 0xff, 0xff, 0xf3, 0x00, 0x00, 0xff, 0xff, 0xf3, 0x00, 0x00, 0xff, 0xff, 0xf3, 0x00, 0x00, 0x00, 0x00, 0x00,
  0x00, 0xff, 0xff, 0xf3, 0x00, 0x00, 0x00, 0x00, 0x00, 0x00, 0xff, 0xff, 0xf3, 0x00, 0x00, 0x00, 0x00, 0x00, 0x00, 0xff, 0xff, 0xf3, 0x00, 0x00,
  0x00, 0x00, 0x00, 0x00, 0xff, 0xff, 0xf3, 0x00, 0x00, 0x00, 0x00, 0x00, 0x00, 0xff, 0xff, 0xf3, 0x00, 0x00, 0x00, 0x00, 0x00, 0x00, 0xff, 0xff,
  0xf3, 0x00, 0x00, 0x00, 0x00, 0x00, 0x00, 0xff, 0xff, 0xf3, 0x00, 0x00, 0x00, 0x00, 0x00, 0x00, 0xff, 0xff, 0xf3, 0x00, 0x00, 0x00, 0x00, 0x00,
  0x00, 0xff, 0xff, 0xf3, 0x00, 0x00, 0x00, 0x00, 0x00, 0x00, 0xff, 0xff, 0xf3, 0x00, 0x00, 0x00, 0x00, 0x00, 0x00, 0xff, 0xff, 0xf3, 0x00, 0x00,
  0x00, 0x00, 0x00, 0x00, 0xff, 0xff, 0xf3, 0x00, 0x00, 0x00, 0x00, 0x00, 0x00, 0xff, 0xff, 0xf3, 0x00, 0x01, 0x11, 0x11, 0x00, 0x00, 0xff, 0xff,
  0xf3, 0x00, 0x0f, 0xff, 0xff, 0x40, 0x00, 0xff, 0xff, 0xf3, 0x00, 0x0d, 0xff, 0xff, 0x80, 0x04, 0xff, 0xff, 0xf1, 0x00, 0x09, 0xff, 0xff, 0xf9,
  0x8e, 0xff, 0xff, 0xe0, 0x00, 0x03, 0xff, 0xff, 0xff, 0xff, 0xff, 0xff, 0x80, 0x00, 0x00, 0x8f, 0xff, 0xff, 0xff, 0xff, 0xfd, 0x10, 0x00, 0x00,
  0x08, 0xff, 0xff, 0xff, 0xff, 0xd2, 0x00, 0x00, 0x00, 0x00, 0x29, 0xdf, 0xfe, 0xb6, 0x00, 0x00, 0x00, 0x00, 0xff, 0xff, 0xf3, 0x00, 0x00, 0x02,
  0xff, 0xff, 0xfd, 0x00, 0x00, 0xff, 0xff, 0xf3, 0x00, 0x00, 0x0d, 0xff, 0xff, 0xf2, 0x00, 0x00, 0xff, 0xff, 0xf3, 0x00, 0x00, 0xaf, 0xff, 0xff,
  0x40, 0x00, 0x00, 0xff, 0xff, 0xf3, 0x00, 0x06, 0xff, 0xff, 0xf8, 0x00, 0x00, 0x00, 0xff, 0xff, 0xf3, 0x00, 0x3f, 0xff, 0xff, 0xb0, 0x00, 0x00,
  0x00, 0xff, 0xff, 0xf3, 0x01, 0xef, 0xff, 0xfd, 0x00, 0x00, 0x00, 0x00, 0xff, 0xff, 0xf3, 0x0b, 0xff, 0xff, 0xf2, 0x00, 0x00, 0x00, 0x00, 0xff,
  0xff, 0xf3, 0x7f, 0xff, 0xff, 0x50, 0x00, 0x00, 0x00, 0x00, 0xff, 0xff, 0xf7, 0xff, 0xff, 0xf8, 0x00, 0x00, 0x00, 0x00, 0x00, 0xff, 0xff, 0xff,
  0xff, 0xff, 0xb0, 0x00, 0x00, 0x00, 0x00, 0x00, 0xff, 0xff, 0xff, 0xff, 0xff, 0x50, 0x00, 0x00, 0x00, 0x00, 0x00, 0xff, 0xff, 0xff, 0xff, 0xff,
  0xe2, 0x00, 0x00, 0x00, 0x00, 0x00, 0xff, 0xff, 0xf6, 0xff, 0xff, 0xfc, 0x00, 0x00, 0x00, 0x00, 0x00, 0xff, 0xff, 0xf3, 0x6f, 0xff, 0xff, 0xa0,
  0x00, 0x00, 0x00, 0x00, 0xff, 0xff, 0xf3, 0x0a, 0xff, 0xff, 0xf6, 0x00, 0x00, 0x00, 0x00, 0xff, 0xff, 0xf3, 0x00, 0xdf, 0xff, 0xff, 0x30, 0x00,
  0x00, 0x00, 0xff, 0xff, 0xf3, 0x00, 0x2f, 0xff, 0xff, 0xe1, 0x00, 0x00, 0x00, 0xff, 0xff, 0xf3, 0x00, 0x05, 0xff, 0xff, 0xfc, 0x00, 0x00, 0x00,
  0xff, 0xff, 0xf3, 0x00, 0x00, 0x9f, 0xff, 0xff, 0x90, 0x00, 0x00, 0xff, 0xff, 0xf3, 0x00, 0x00, 0x0d, 0xff, 0xff, 0xf6, 0x00, 0x00, 0xff, 0xff,
  0xf3, 0x00, 0x00, 0x02, 0xff, 0xff, 0xff, 0x30, 0x00, 0xff, 0xff, 0xf3, 0x00, 0x00, 0x00, 0x00, 0xff, 0xff, 0xf3, 0x00, 0x00, 0x00, 0x00, 0xff,
  0xff, 0xf3, 0x00, 0x00, 0x00, 0x00, 0xff, 0xff, 0xf3, 0x00, 0x00, 0x00, 0x00, 0xff, 0xff, 0xf3, 0x00, 0x00, 0x00, 0x00, 0xff, 0xff, 0xf3, 0x00,
  0x00, 0x00, 0x00, 0xff, 0xff, 0xf3, 0x00, 0x00, 0x00, 0x00, 0xff, 0xff, 0xf3, 0x00, 0x00, 0x00, 0x00, 0xff, 0xff, 0xf3, 0x00, 0x00, 0x00, 0x00,
  0xff, 0xff, 0xf3, 0x00, 0x00, 0x00, 0x00, 0xff, 0xff, 0xf3, 0x00, 0x00, 0x00, 0x00, 0xff, 0xff, 0xf3, 0x00, 0x00, 0x00, 0x00, 0xff, 0xff, 0xf3,
  0x00, 0x00, 0x00, 0x00, 0xff, 0xff, 0xf3, 0x00, 0x00, 0x00, 0x00, 0xff, 0xff, 0xf3, 0x00, 0x00, 0x00, 0x00, 0xff, 0xff, 0xf3, 0x00, 0x00, 0x00,
  0x00, 0xff, 0xff, 0xf8, 0x77, 0x77, 0x77, 0x00, 0xff, 0xff, 0xff, 0xff, 0xff, 0xff, 0x00, 0xff, 0xff, 0xff, 0xff, 0xff, 0xff, 0x00, 0xff, 0xff,
  0xff, 0xff, 0xff, 0xff, 0x00, 0xff, 0xff, 0xff, 0xff, 0xff, 0xff, 0x00, 0xff, 0xff, 0xff, 0x50, 0x00, 0x00, 0x00, 0x00, 0x05, 0xff, 0xff, 0xff,
  0x00, 0x00, 0xff, 0xff, 0xff, 0xc0, 0x00, 0x00, 0x00, 0x00, 0x0b, 0xff, 0xff, 0xff, 0x00, 0x00, 0xff, 0xff, 0xff, 0xf2, 0x00, 0x00, 0x00, 0x00,
  0x1f, 0xff, 0xff, 0xff, 0x00, 0x00, 0xff, 0xff, 0xff, 0xf9, 0x00, 0x00, 0x00, 0x00, 0x8f, 0xff, 0xff, 0xff, 0x00, 0x00, 0xff, 0xff, 0xff, 0xfe,
  0x00, 0x00, 0x00, 0x00, 0xef, 0xff, 0xff, 0xff, 0x00, 0x00, 0xff, 0xff, 0xff, 0xff, 0x60, 0x00, 0x00, 0x05, 0xff, 0xff, 0xff, 0xff, 0x00, 0x00,
  0xff, 0xff, 0xff, 0xff, 0xc0, 0x00, 0x00, 0x0b, 0xff, 0xff, 0xff, 0xff, 0x00, 0x00, 0xff, 0xff, 0xff, 0xff, 0xf3, 0x00, 0x00, 0x2f, 0xff, 0xff,
  0xff, 0xff, 0x00, 0x00, 0xff, 0xff, 0xfe, 0xff, 0xf9, 0x00, 0x00, 0x8f, 0xff, 0xef, 0xff, 0xff, 0x00, 0x00, 0xff, 0xff, 0xf9, 0xff, 0xff, 0x00,
  0x00, 0xef, 0xff, 0x9f, 0xff, 0xff, 0x00, 0x00, 0xff, 0xff, 0xf4, 0xff, 0xff, 0x60, 0x05, 0xff, 0xff, 0x4f, 0xff, 0xff, 0x00, 0x00, 0xff, 0xff,
  0xf3, 0x9f, 0xff, 0xd0, 0x0b, 0xff, 0xfa, 0x3f, 0xff, 0xff, 0x00, 0x00, 0xff, 0xff, 0xf3, 0x3f, 0xff, 0xf3, 0x2f, 0xff, 0xf4, 0x3f, 0xff, 0xff,
  0x00, 0x00, 0xff, 0xff, 0xf3, 0x0d, 0xff, 0xfa, 0x8f, 0xff, 0xd0, 0x3f, 0xff, 0xff, 0x00, 0x00, 0xff, 0xff, 0xf3, 0x07, 0xff, 0xff, 0xef, 0xff,
  0x80, 0x3f, 0xff, 0xff, 0x00, 0x00, 0xff, 0xff, 0xf3, 0x01, 0xff, 0xff, 0xff, 0xff, 0x20, 0x3f, 0xff, 0xff, 0x00, 0x00, 0xff, 0xff, 0xf3, 0x00,
  0xbf, 0xff, 0xff, 0xfc, 0x00, 0x3f, 0xff, 0xff, 0x00, 0x00, 0xff, 0xff, 0xf3, 0x00, 0x5f, 0xff, 0xff, 0xf6, 0x00, 0x3f, 0xff, 0xff, 0x00, 0x00,
  0xff, 0xff, 0xf3, 0x00, 0x0f, 0xff, 0xff, 0xf0, 0x00, 0x3f, 0xff, 0xff, 0x00, 0x00, 0xff, 0xff, 0xf3, 0x00, 0x09, 0xff, 0xff, 0xa0, 0x00, 0x3f,
  0xff, 0xff, 0x00, 0x00, 0xff, 0xff, 0xf3, 0x00, 0x03, 0xff, 0xff, 0x40, 0x00, 0x3f, 0xff, 0xff, 0x00, 0x00, 0xff, 0xff, 0xf8, 0x00, 0x00, 0x00,
  0x03, 0xff, 0xff, 0xf0, 0x00, 0x00, 0xff, 0xff, 0xff, 0x30, 0x00, 0x00, 0x03, 0xff, 0xff, 0xf0, 0x00, 0x00, 0xff, 0xff, 0xff, 0xd0, 0x00, 0x00,
  0x03, 0xff, 0xff, 0xf0, 0x00, 0x00, 0xff, 0xff, 0xff, 0xf8, 0x00, 0x00, 0x03, 0xff, 0xff, 0xf0, 0x00, 0x00, 0xff, 0xff, 0xff, 0xff, 0x30, 0x00,
  0x03, 0xff, 0xff, 0xf0, 0x00, 0x00, 0xff, 0xff, 0xff, 0xff, 0xd0, 0x00, 0x03, 0xff, 0xff, 0xf0, 0x00, 0x00, 0xff, 0xff, 0xff, 0xff, 0xf7, 0x00,
  0x03, 0xff, 0xff, 0xf0, 0x00, 0x00, 0xff, 0xff, 0xff, 0xff, 0xff, 0x20, 0x03, 0xff, 0xff, 0xf0, 0x00, 0x00, 0xff, 0xff, 0xfb, 0xff, 0xff, 0xc0,
  0x03, 0xff, 0xff, 0xf0, 0x00, 0x00, 0xff, 0xff, 0xf3, 0xcf, 0xff, 0xf7, 0x03, 0xff, 0xff, 0xf0, 0x00, 0x00, 0xff, 0xff, 0xf3, 0x2f, 0xff, 0xff,
  0x23, 0xff, 0xff, 0xf0, 0x00, 0x00, 0xff, 0xff, 0xf3, 0x08, 0xff, 0xff, 0xc3, 0xff, 0xff, 0xf0, 0x00, 0x00, 0xff, 0xff, 0xf3, 0x00, 0xdf, 0xff,
  0xfa, 0xff, 0xff, 0xf0, 0x00, 0x00, 0xff, 0xff, 0xf3, 0x00, 0x3f, 0xff, 0xff, 0xff, 0xff, 0xf0, 0x00, 0x00, 0xff, 0xff, 0xf3, 0x00, 0x08, 0xff,
  0xff, 0xff, 0xff, 0xf0, 0x00, 0x00, 0xff, 0xff, 0xf3, 0x00, 0x00, 0xdf, 0xff, 0xff, 0xff, 0xf0, 0x00, 0x00, 0xff, 0xff, 0xf3, 0x00, 0x00, 0x3f,
  0xff, 0xff, 0xff, 0xf0, 0x00, 0x00, 0xff, 0xff, 0xf3, 0x00, 0x00, 0x08, 0xff, 0xff, 0xff, 0xf0, 0x00, 0x00, 0xff, 0xff, 0xf3, 0x00, 0x00, 0x00,
  0xdf, 0xff, 0xff, 0xf0, 0x00, 0x00, 0xff, 0xff, 0xf3, 0x00, 0x00, 0x00, 0x3f, 0xff, 0xff, 0xf0, 0x00, 0x00, 0xff, 0xff, 0xf3, 0x00, 0x00, 0x00,
  0x08, 0xff, 0xff, 0xf0, 0x00, 0x00, 0x00, 0x00, 0x02, 0x7b, 0xef, 0xfe, 0xb7, 0x20, 0x00, 0x00, 0x00, 0x00, 0x00, 0x01, 0xaf, 0xff, 0xff, 0xff,
  0xff, 0xfa, 0x20, 0x00, 0x00, 0x00, 0x00, 0x4e, 0xff, 0xff, 0xff, 0xff, 0xff, 0xff, 0xf5, 0x00, 0x00, 0x00, 0x04, 0xff, 0xff, 0xff, 0xff, 0xff,
  0xff, 0xff, 0xff, 0x50, 0x00, 0x00, 0x2f, 0xff, 0xff, 0xfe, 0x97, 0x79, 0xef, 0xff, 0xff, 0xf2, 0x00, 0x00, 0xbf, 0xff, 0xff, 0x70, 0x00, 0x00,
  0x08, 0xff, 0xff, 0xfc, 0x00, 0x03, 0xff, 0xff, 0xf7, 0x00, 0x00, 0x00, 0x00, 0x7f, 0xff, 0xff, 0x30, 0x09, 0xff, 0xff, 0xd0, 0x00, 0x00, 0x00,
  0x00, 0x0d, 0xff, 0xff, 0x90, 0x0c, 0xff, 0xff, 0x70, 0x00, 0x00, 0x00, 0x00, 0x07, 0xff, 0xff, 0xc0, 0x0f, 0xff, 0xff, 0x40, 0x00, 0x00, 0x00,
  0x00, 0x04, 0xff, 0xff, 0xe0, 0x0f, 0xff, 0xff, 0x30, 0x00, 0x00, 0x00, 0x00, 0x03, 0xff, 0xff, 0xf0, 0x0f, 0xff, 0xff, 0x40, 0x00, 0x00, 0x00,
  0x00, 0x04, 0xff, 0xff, 0xe0, 0x0c, 0xff, 0xff, 0x70, 0x00, 0x00, 0x00, 0x00, 0x07, 0xff, 0xff, 0xc0, 0x09, 0xff, 0xff, 0xd0, 0x00, 0x00, 0x00,
  0x00, 0x0d, 0xff, 0xff, 0x90, 0x03, 0xff, 0xff, 0xf7, 0x00, 0x00, 0x00, 0x00, 0x8f, 0xff, 0xff, 0x30, 0x00, 0xbf, 0xff, 0xff, 0x80, 0x00, 0x00,
  0x08, 0xff, 0xff, 0xfb, 0x00, 0x00, 0x2f, 0xff, 0xff, 0xfe, 0x97, 0x79, 0xef, 0xff, 0xff, 0xf2, 0x00, 0x00, 0x05, 0xff, 0xff, 0xff, 0xff, 0xff,
  0xff, 0xff, 0xff, 0x50, 0x00, 0x00, 0x00, 0x4f, 0xff, 0xff, 0xff, 0xff, 0xff, 0xff, 0xf5, 0x00, 0x00, 0x00, 0x00, 0x01, 0xaf, 0xff, 0xff, 0xff,
  0xff, 0xfa, 0x20, 0x00, 0x00, 0x00, 0x00, 0x00, 0x02, 0x7b, 0xef, 0xfe, 0xb7, 0x20, 0x00, 0x00, 0x00, 0x00, 0xff, 0xff, 0xff, 0xff, 0xfe, 0xc7,
  0x20, 0x00, 0x00, 0x00, 0xff, 0xff, 0xff, 0xff, 0xff, 0xff, 0xf7, 0x00, 0x00, 0x00, 0xff, 0xff, 0xff, 0xff, 0xff, 0xff, 0xff, 0x80, 0x00, 0x00,
  0xff, 0xff, 0xff, 0xff, 0xff, 0xff, 0xff, 0xf3, 0x00, 0x00, 0xff, 0xff, 0xf8, 0x77, 0x8c, 0xff, 0xff, 0xfa, 0x00, 0x00, 0xff, 0xff, 0xf3, 0x00,
  0x00, 0x9f, 0xff, 0xfd, 0x00, 0x00, 0xff, 0xff, 0xf3, 0x00, 0x00, 0x4f, 0xff, 0xff, 0x00, 0x00, 0xff, 0xff, 0xf3, 0x00, 0x00, 0x6f, 0xff, 0xfe,
  0x00, 0x00, 0xff, 0xff, 0xf3, 0x00, 0x14, 0xef, 0xff, 0xfc, 0x00, 0x00, 0xff, 0xff, 0xff, 0xff, 0xff, 0xff, 0xff, 0xf6, 0x00, 0x00, 0xff, 0xff,
  0xff, 0xff, 0xff, 0xff, 0xff, 0xd0, 0x00, 0x00, 0xff, 0xff, 0xff, 0xff, 0xff, 0xff, 0xfd, 0x20, 0x00, 0x00, 0xff, 0xff, 0xff, 0xff, 0xff, 0xfe,
  0x80, 0x00, 0x00, 0x00, 0xff, 0xff, 0xf8, 0x77, 0x65, 0x30, 0x00, 0x00, 0x00, 0x00, 0xff, 0xff, 0xf3, 0x00, 0x00, 0x00, 0x00, 0x00, 0x00, 0x00,
  0xff, 0xff, 0xf3, 0x00, 0x00, 0x00, 0x00, 0x00, 0x00, 0x00, 0xff, 0xff, 0xf3, 0x00, 0x00, 0x00, 0x00, 0x00, 0x00, 0x00, 0xff, 0xff, 0xf3, 0x00,
  0x00, 0x00, 0x00, 0x00, 0x00, 0x00, 0xff, 0xff, 0xf3, 0x00, 0x00, 0x00, 0x00, 0x00, 0x00, 0x00, 0xff, 0xff, 0xf3, 0x00, 0x00, 0x00, 0x00, 0x00,
  0x00, 0x00, 0xff, 0xff, 0xf3, 0x00, 0x00, 0x00, 0x00, 0x00, 0x00, 0x00, 0x00, 0x00, 0x02, 0x7b, 0xef, 0xfe, 0xb7, 0x20, 0x00, 0x00, 0x00, 0x00,
  0x00, 0x01, 0xaf, 0xff, 0xff, 0xff, 0xff, 0xfa, 0x10, 0x00, 0x00, 0x00, 0x00, 0x4e, 0xff, 0xff, 0xff, 0xff, 0xff, 0xff, 0xf4, 0x00, 0x00, 0x00,
  0x04, 0xff, 0xff, 0xff, 0xff, 0xff, 0xff, 0xff, 0xff, 0x50, 0x00, 0x00, 0x2f, 0xff, 0xff, 0xfe, 0x97, 0x79, 0xef, 0xff, 0xff, 0xf2, 0x00, 0x00,
  0xbf, 0xff, 0xff, 0x70, 0x00, 0x00, 0x08, 0xff, 0xff, 0xfb, 0x00, 0x03, 0xff, 0xff, 0xf7, 0x00, 0x00, 0x00, 0x00, 0x7f, 0xff, 0xff, 0x30, 0x09,
  0xff, 0xff, 0xd0, 0x00, 0x00, 0x00, 0x00, 0x0d, 0xff, 0xff, 0x90, 0x0c, 0xff, 0xff, 0x70, 0x00, 0x00, 0x00, 0x00, 0x07, 0xff, 0xff, 0xc0, 0x0f,
  0xff, 0xff, 0x40, 0x00, 0x00, 0x00, 0x00, 0x04, 0xff, 0xff, 0xe0, 0x0f, 0xff, 0xff, 0x30, 0x00, 0x00, 0x00, 0x00, 0x03, 0xff, 0xff, 0xf0, 0x0f,
  0xff, 0xff, 0x40, 0x00, 0x00, 0x00, 0x00, 0x04, 0xff, 0xff, 0xf0, 0x0c, 0xff, 0xff, 0x70, 0x00, 0x00, 0x00, 0x00, 0x07, 0xff, 0xff, 0xd0, 0x09,
  0xff, 0xff, 0xd0, 0x00, 0x00, 0x00, 0x00, 0x0d, 0xff, 0xff, 0x90, 0x03, 0xff, 0xff, 0xf7, 0x00, 0x00, 0x00, 0x00, 0x8f, 0xff, 0xff, 0x40, 0x00,
  0xbf, 0xff, 0xff, 0x80, 0x00, 0x00, 0x08, 0xff, 0xff, 0xfc, 0x00, 0x00, 0x2f, 0xff, 0xff, 0xfe, 0x97, 0x79, 0xef, 0xff, 0xff, 0xf2, 0x00, 0x00,
  0x04, 0xff, 0xff, 0xff, 0xff, 0xff, 0xff, 0xff, 0xff, 0x60, 0x00, 0x00, 0x00, 0x4f, 0xff, 0xff, 0xff, 0xff, 0xff, 0xff, 0xf5, 0x00, 0x00, 0x00,
  0x00, 0x01, 0xaf, 0xff, 0xff, 0xff, 0xff, 0xff, 0xf5, 0x00, 0x00, 0x00, 0x00, 0x00, 0x02, 0x7b, 0xef, 0xfd, 0xef, 0xff, 0xff, 0x30, 0x00, 0x00,
  0x00, 0x00, 0x00, 0x00, 0x00, 0x00, 0x1e, 0xff, 0xff, 0xe1, 0x00, 0x00, 0x00, 0x00, 0x00, 0x00, 0x00, 0x00, 0x04, 0xff, 0xff, 0xfc, 0x00, 0x00,
  0x00, 0x00, 0x00, 0x00, 0x00, 0x00, 0x00, 0x8f, 0xff, 0xff, 0xa0, 0x00, 0x00, 0x00, 0x00, 0x00, 0x00, 0x00, 0x00, 0x07, 0x88, 0x88, 0x82, 0x00,
  0xff, 0xff, 0xff, 0xff, 0xfe, 0xd8, 0x30, 0x00, 0x00, 0x00, 0xff, 0xff, 0xff, 0xff, 0xff, 0xff, 0xfa, 0x10, 0x00, 0x00, 0xff, 0xff, 0xff, 0xff,
  0xff, 0xff, 0xff, 0xc0, 0x00, 0x00, 0xff, 0xff, 0xff, 0xff, 0xff, 0xff, 0xff, 0xf7, 0x00, 0x00, 0xff, 0xff, 0xf8, 0x77, 0x7a, 0xff, 0xff, 0xfd,
  0x00, 0x00, 0xff, 0xff, 0xf3, 0x00, 0x00, 0x6f, 0xff, 0xff, 0x10, 0x00, 0xff, 0xff, 0xf3, 0x00, 0x00, 0x0f, 0xff, 0xff, 0x30, 0x00, 0xff, 0xff,
  0xf3, 0x00, 0x00, 0x2f, 0xff, 0xff, 0x20, 0x00, 0xff, 0xff, 0xf3, 0x00, 0x03, 0xcf, 0xff, 0xfe, 0x00, 0x00, 0xff, 0xff, 0xff, 0xff, 0xff, 0xff,
  0xff, 0xf7, 0x00, 0x00, 0xff, 0xff, 0xff, 0xff, 0xff, 0xff, 0xff, 0xc0, 0x00, 0x00, 0xff, 0xff, 0xff, 0xff, 0xff, 0xff, 0xfa, 0x00, 0x00, 0x00,
  0xff, 0xff, 0xff, 0xff, 0xff, 0xfd, 0x30, 0x00, 0x00, 0x00, 0xff, 0xff, 0xf3, 0x5f, 0xff, 0xff, 0x10, 0x00, 0x00, 0x00, 0xff, 0xff, 0xf3, 0x0c,
  0xff, 0xff, 0xa0, 0x00, 0x00, 0x00, 0xff, 0xff, 0xf3, 0x04, 0xff, 0xff, 0xf3, 0x00, 0x00, 0x00, 0xff, 0xff, 0xf3, 0x00, 0xcf, 0xff, 0xfc, 0x00,
  0x00, 0x00, 0xff, 0xff, 0xf3, 0x00, 0x3f, 0xff, 0xff, 0x60, 0x00, 0x00, 0xff, 0xff, 0xf3, 0x00, 0x0b, 0xff, 0xff, 0xe0, 0x00, 0x00, 0xff, 0xff,
  0xf3, 0x00, 0x02, 0xff, 0xff, 0xf8, 0x00, 0x00, 0xff, 0xff, 0xf3, 0x00, 0x00, 0xaf, 0xff, 0xff, 0x20, 0x00, 0x00, 0x39, 0xce, 0xff, 0xd9, 0x30,
  0x00, 0x00, 0x00, 0x0a, 0xff, 0xff, 0xff, 0xff, 0xfb, 0x10, 0x00, 0x00, 0xcf, 0xff, 0xff, 0xff, 0xff, 0xff, 0xd0, 0x00, 0x07, 0xff, 0xff, 0xff,
  0xff, 0xff, 0xff, 0xf8, 0x00, 0x0d, 0xff, 0xff, 0xf9, 0x7a, 0xff, 0xff, 0xfe, 0x00, 0x0f, 0xff, 0xff, 0x60, 0x00, 0x5f, 0xff, 0xff, 0x20, 0x0e,
  0xff, 0xff, 0x40, 0x00, 0x06, 0x66, 0x66, 0x10, 0x0c, 0xff, 0xff, 0xc1, 0x00, 0x00, 0x00, 0x00, 0x00, 0x05, 0xff, 0xff, 0xff, 0xa5, 0x00, 0x00,
  0x00, 0x00, 0x00, 0x8f, 0xff, 0xff, 0xff, 0xfa, 0x40, 0x00, 0x00, 0x00, 0x04, 0xdf, 0xff, 0xff, 0xff, 0xfe, 0x50, 0x00, 0x00, 0x00, 0x03, 0x9e,
  0xff, 0xff, 0xff, 0xf9, 0x00, 0x00, 0x00, 0x00, 0x00, 0x38, 0xff, 0xff, 0xff, 0x50, 0x00, 0x00, 0x00, 0x00, 0x00, 0x1c, 0xff, 0xff, 0xc0, 0x09,
  0xaa, 0xaa, 0x20, 0x00, 0x04, 0xff, 0xff, 0xf0, 0x0e, 0xff, 0xff, 0xa0, 0x00, 0x08, 0xff, 0xff, 0xe0, 0x0a, 0xff, 0xff, 0xfc, 0x87, 0xbf, 0xff,
  0xff, 0xb0, 0x03, 0xff, 0xff, 0xff, 0xff, 0xff, 0xff, 0xff, 0x40, 0x00, 0x6f, 0xff, 0xff, 0xff, 0xff, 0xff, 0xf9, 0x00, 0x00, 0x05, 0xef, 0xff,
  0xff, 0xff, 0xff, 0x70, 0x00, 0x00, 0x00, 0x05, 0xad, 0xff, 0xec, 0x72, 0x00, 0x00, 0x0f, 0xff, 0xff, 0xff, 0xff, 0xff, 0xff, 0xff, 0xf0, 0x0f,
  0xff, 0xff, 0xff, 0xff, 0xff, 0xff, 0xff, 0xf0, 0x0f, 0xff, 0xff, 0xff, 0xff, 0xff, 0xff, 0xff, 0xf0, 0x0f, 0xff, 0xff, 0xff, 0xff, 0xff, 0xff,
  0xff, 0xf0, 0x07, 0x77, 0x77, 0x8f, 0xff, 0xff, 0x77, 0x77, 0x70, 0x00, 0x00, 0x00, 0x3f, 0xff, 0xff, 0x00, 0x00, 0x00, 0x00, 0x00, 0x00, 0x3f,
  0xff, 0xff, 0x00, 0x00, 0x00, 0x00, 0x00, 0x00, 0x3f, 0xff, 0xff, 0x00, 0x00, 0x00, 0x00, 0x00, 0x00, 0x3f, 0xff, 0xff, 0x00, 0x00, 0x00, 0x00,
  0x00, 0x00, 0x3f, 0xff, 0xff, 0x00, 0x00, 0x00, 0x00, 0x00, 0x00, 0x3f, 0xff, 0xff, 0x00, 0x00, 0x00, 0x00, 0x00, 0x00, 0x3f, 0xff, 0xff, 0x00,
  0x00, 0x00, 0x00, 0x00, 0x00, 0x3f, 0xff, 0xff, 0x00, 0x00, 0x00, 0x00, 0x00, 0x00, 0x3f, 0xff, 0xff, 0x00, 0x00, 0x00, 0x00, 0x00, 0x00, 0x3f,
  0xff, 0xff, 0x00, 0x00, 0x00, 0x00, 0x00, 0x00, 0x3f, 0xff, 0xff, 0x00, 0x00, 0x00, 0x00, 0x00, 0x00, 0x3f, 0xff, 0xff, 0x00, 0x00, 0x00, 0x00,
  0x00, 0x00, 0x3f, 0xff, 0xff, 0x00, 0x00, 0x00, 0x00, 0x00, 0x00, 0x3f, 0xff, 0xff, 0x00, 0x00, 0x00, 0x00, 0x00, 0x00, 0x3f, 0xff, 0xff, 0x00,
  0x00, 0x00, 0x00, 0x00, 0x00, 0x3f, 0xff, 0xff, 0x00, 0x00, 0x00, 0x00, 0xff, 0xff, 0xf3, 0x00, 0x00, 0x00, 0x3f, 0xff, 0xff, 0x00, 0x00, 0xff,
  0xff, 0xf3, 0x00, 0x00, 0x00, 0x3f, 0xff, 0xff, 0x00, 0x00, 0xff, 0xff, 0xf3, 0x00, 0x00, 0x00, 0x3f, 0xff, 0xff, 0x00, 0x00, 0xff, 0xff, 0xf3,
  0x00, 0x00, 0x00, 0x3f, 0xff, 0xff, 0x00, 0x00, 0xff, 0xff, 0xf3, 0x00, 0x00, 0x00, 0x3f, 0xff, 0xff, 0x00, 0x00, 0xff, 0xff, 0xf3, 0x00, 0x00,
  0x00, 0x3f, 0xff, 0xff, 0x00, 0x00, 0xff, 0xff, 0xf3, 0x00, 0x00, 0x00, 0x3f, 0xff, 0xff, 0x00, 0x00, 0xff, 0xff, 0xf3, 0x00, 0x00, 0x00, 0x3f,
  0xff, 0xff, 0x00, 0x00, 0xff, 0xff, 0xf3, 0x00, 0x00, 0x00, 0x3f, 0xff, 0xff, 0x00, 0x00, 0xff, 0xff, 0xf3, 0x00, 0x00, 0x00, 0x3f, 0xff, 0xff,
  0x00, 0x00, 0xff, 0xff, 0xf3, 0x00, 0x00, 0x00, 0x3f, 0xff, 0xff, 0x00, 0x00, 0xff, 0xff, 0xf3, 0x00, 0x00, 0x00, 0x3f, 0xff, 0xff, 0x00, 0x00,
  0xff, 0xff, 0xf3, 0x00, 0x00, 0x00, 0x3f, 0xff, 0xff, 0x00, 0x00, 0xff, 0xff, 0xf5, 0x00, 0x00, 0x00, 0x5f, 0xff, 0xfe, 0x00, 0x00, 0xcf, 0xff,
  0xf9, 0x00, 0x00, 0x00, 0x9f, 0xff, 0xfc, 0x00, 0x00, 0x8f, 0xff, 0xff, 0x30, 0x00, 0x04, 0xff, 0xff, 0xf8, 0x00, 0x00, 0x2f, 0xff, 0xff, 0xfa,
  0x77, 0xaf, 0xff, 0xff, 0xf2, 0x00, 0x00, 0x08, 0xff, 0xff, 0xff, 0xff, 0xff, 0xff, 0xff, 0x70, 0x00, 0x00, 0x00, 0xbf, 0xff, 0xff, 0xff, 0xff,
  0xff, 0xf9, 0x00, 0x00, 0x00, 0x00, 0x07, 0xff, 0xff, 0xff, 0xff, 0xfe, 0x60, 0x00, 0x00, 0x00, 0x00, 0x00, 0x17, 0xbd, 0xff, 0xda, 0x50, 0x00,
  0x00, 0x00, 0x8f, 0xff, 0xfe, 0x00, 0x00, 0x00, 0x00, 0x00, 0xff, 0xff, 0xf7, 0x3f, 0xff, 0xff, 0x30, 0x00, 0x00, 0x00, 0x04, 0xff, 0xff, 0xf1,
  0x0d, 0xff, 0xff, 0x80, 0x00, 0x00, 0x00, 0x0a, 0xff, 0xff, 0xb0, 0x07, 0xff, 0xff, 0xe0, 0x00, 0x00, 0x00, 0x0e, 0xff, 0xff, 0x60, 0x02, 0xff,
  0xff, 0xf3, 0x00, 0x00, 0x00, 0x4f, 0xff, 0xff, 0x00, 0x00, 0xcf, 0xff, 0xf8, 0x00, 0x00, 0x00, 0x9f, 0xff, 0xfa, 0x00, 0x00, 0x6f, 0xff, 0xfd,
  0x00, 0x00, 0x00, 0xef, 0xff, 0xf4, 0x00, 0x00, 0x1f, 0xff, 0xff, 0x30, 0x00, 0x04, 0xff, 0xff, 0xe0, 0x00, 0x00, 0x0b, 0xff, 0xff, 0x80, 0x00,
  0x09, 0xff, 0xff, 0x90, 0x00, 0x00, 0x05, 0xff, 0xff, 0xd0, 0x00, 0x0e, 0xff, 0xff, 0x30, 0x00, 0x00, 0x00, 0xff, 0xff, 0xf3, 0x00, 0x4f, 0xff,
  0xfe, 0x00, 0x00, 0x00, 0x00, 0xaf, 0xff, 0xf8, 0x00, 0x9f, 0xff, 0xf8, 0x00, 0x00, 0x00, 0x00, 0x4f, 0xff, 0xfd, 0x00, 0xef, 0xff, 0xf2, 0x00,
  0x00, 0x00, 0x00, 0x0e, 0xff, 0xff, 0x24, 0xff, 0xff, 0xd0, 0x00, 0x00, 0x00, 0x00, 0x09, 0xff, 0xff, 0x89, 0xff, 0xff, 0x70, 0x00, 0x00, 0x00,
  0x00, 0x03, 0xff, 0xff, 0xde, 0xff, 0xff, 0x10, 0x00, 0x00, 0x00, 0x00, 0x00, 0xdf, 0xff, 0xff, 0xff, 0xfc, 0x00, 0x00, 0x00, 0x00, 0x00, 0x00,
  0x8f, 0xff, 0xff, 0xff, 0xf6, 0x00, 0x00, 0x00, 0x00, 0x00, 0x00, 0x2f, 0xff, 0xff, 0xff, 0xf1, 0x00, 0x00, 0x00, 0x00, 0x00, 0x00, 0x0c, 0xff,
  0xff, 0xff, 0xb0, 0x00, 0x00, 0x00, 0x00, 0x00, 0x00, 0x07, 0xff, 0xff, 0xff, 0x50, 0x00, 0x00, 0x00, 0x1f, 0xff, 0xff, 0x50, 0x00, 0x00, 0x1f,
  0xff, 0xff, 0xc0, 0x00, 0x00, 0x0c, 0xff, 0xff, 0xb0, 0x0d, 0xff, 0xff, 0x80, 0x00, 0x00, 0x5f, 0xff, 0xff, 0xf0, 0x00, 0x00, 0x0f, 0xff, 0xff,
  0x70, 0x09, 0xff, 0xff, 0xb0, 0x00, 0x00, 0x9f, 0xff, 0xff, 0xf3, 0x00, 0x00, 0x3f, 0xff, 0xff, 0x20, 0x05, 0xff, 0xff, 0xe0, 0x00, 0x00, 0xdf,
  0xff, 0xff, 0xf7, 0x00, 0x00, 0x6f, 0xff, 0xfe, 0x00, 0x01, 0xff, 0xff, 0xf2, 0x00, 0x01, 0xff, 0xff, 0xff, 0xfb, 0x00, 0x00, 0x9f, 0xff, 0xfa,
  0x00, 0x00, 0xdf, 0xff, 0xf5, 0x00, 0x05, 0xff, 0xff, 0xff, 0xff, 0x00, 0x00, 0xcf, 0xff, 0xf6, 0x00, 0x00, 0x9f, 0xff, 0xf8, 0x00, 0x09, 0xff,
  0xff, 0xff, 0xff, 0x30, 0x00, 0xff, 0xff, 0xf2, 0x00, 0x00, 0x5f, 0xff, 0xfb, 0x00, 0x0d, 0xff, 0xfd, 0xff, 0xff, 0x60, 0x02, 0xff, 0xff, 0xe0,
  0x00, 0x00, 0x1f, 0xff, 0xfe, 0x00, 0x1f, 0xff, 0xf7, 0xef, 0xff, 0xa0, 0x06, 0xff, 0xff, 0x90, 0x00, 0x00, 0x0d, 0xff, 0xff, 0x10, 0x5f, 0xff,
  0xf3, 0xaf, 0xff, 0xe0, 0x09, 0xff, 0xff, 0x50, 0x00, 0x00, 0x09, 0xff, 0xff, 0x50, 0x9f, 0xff, 0xe0, 0x6f, 0xff, 0xf2, 0x0c, 0xff, 0xff, 0x10,
  0x00, 0x00, 0x05, 0xff, 0xff, 0x80, 0xcf, 0xff, 0xb0, 0x2f, 0xff, 0xf5, 0x0f, 0xff, 0xfd, 0x00, 0x00, 0x00, 0x01, 0xff, 0xff, 0xb0, 0xff, 0xff,
  0x70, 0x0e, 0xff, 0xf9, 0x2f, 0xff, 0xf9, 0x00, 0x00, 0x00, 0x00, 0xdf, 0xff, 0xe4, 0xff, 0xff, 0x20, 0x0a, 0xff, 0xfd, 0x6f, 0xff, 0xf4, 0x00,
  0x00, 0x00, 0x00, 0x9f, 0xff, 0xfa, 0xff, 0xfe, 0x00, 0x07, 0xff, 0xff, 0xaf, 0xff, 0xf0, 0x00, 0x00, 0x00, 0x00, 0x4f, 0xff, 0xff, 0xff, 0xfa,
  0x00, 0x03, 0xff, 0xff, 0xff, 0xff, 0xc0, 0x00, 0x00, 0x00, 0x00, 0x1f, 0xff, 0xff, 0xff, 0xf6, 0x00, 0x00, 0xff, 0xff, 0xff, 0xff, 0x80, 0x00,
  0x00, 0x00, 0x00, 0x0c, 0xff, 0xff, 0xff, 0xf2, 0x00, 0x00, 0xbf, 0xff, 0xff, 0xff, 0x40, 0x00, 0x00, 0x00, 0x00, 0x08, 0xff, 0xff, 0xff, 0xe0,
  0x00, 0x00, 0x7f, 0xff, 0xff, 0xff, 0x00, 0x00, 0x00, 0x00, 0x00, 0x04, 0xff, 0xff, 0xff, 0xa0, 0x00, 0x00, 0x3f, 0xff, 0xff, 0xfb, 0x00, 0x00,
  0x00, 0x00, 0x00, 0x00, 0xff, 0xff, 0xff, 0x60, 0x00, 0x00, 0x0f, 0xff, 0xff, 0xf7, 0x00, 0x00, 0x00, 0x0e, 0xff, 0xff, 0xe1, 0x00, 0x00, 0x00,
  0xaf, 0xff, 0xff, 0x20, 0x04, 0xff, 0xff, 0xfa, 0x00, 0x00, 0x03, 0xff, 0xff, 0xf8, 0x00, 0x00, 0x9f, 0xff, 0xff, 0x50, 0x00, 0x0d, 0xff, 0xff,
  0xd0, 0x00, 0x00, 0x0e, 0xff, 0xff, 0xe1, 0x00, 0x6f, 0xff, 0xff, 0x30, 0x00, 0x00, 0x04, 0xff, 0xff, 0xfb, 0x01, 0xef, 0xff, 0xf9, 0x00, 0x00,
  0x00, 0x00, 0x9f, 0xff, 0xff, 0x59, 0xff, 0xff, 0xe1, 0x00, 0x00, 0x00, 0x00, 0x0e, 0xff, 0xff, 0xff, 0xff, 0xff, 0x50, 0x00, 0x00, 0x00, 0x00,
  0x04, 0xff, 0xff, 0xff, 0xff, 0xfb, 0x00, 0x00, 0x00, 0x00, 0x00, 0x00, 0x9f, 0xff, 0xff, 0xff, 0xf2, 0x00, 0x00, 0x00, 0x00, 0x00, 0x00, 0x0e,
  0xff, 0xff, 0xff, 0x70, 0x00, 0x00, 0x00, 0x00, 0x00, 0x00, 0x08, 0xff, 0xff, 0xfe, 0x00, 0x00, 0x00, 0x00, 0x00, 0x00, 0x00, 0x2f, 0xff, 0xff,
  0xff, 0x50, 0x00, 0x00, 0x00, 0x00, 0x00, 0x00, 0xbf, 0xff, 0xff, 0xff, 0xe1, 0x00, 0x00, 0x00, 0x00, 0x00, 0x06, 0xff, 0xff, 0xff, 0xff, 0xfb,
  0x00, 0x00, 0x00, 0x00, 0x00, 0x1e, 0xff, 0xff, 0xef, 0xff, 0xff, 0x60, 0x00, 0x00, 0x00, 0x00, 0xaf, 0xff, 0xfe, 0x1d, 0xff, 0xff, 0xf1, 0x00,
  0x00, 0x00, 0x04, 0xff, 0xff, 0xf5, 0x03, 0xff, 0xff, 0xfb, 0x00, 0x00, 0x00, 0x0d, 0xff, 0xff, 0xb0, 0x00, 0x9f, 0xff, 0xff, 0x60, 0x00, 0x00,
  0x8f, 0xff, 0xff, 0x20, 0x00, 0x0d, 0xff, 0xff, 0xf1, 0x00, 0x03, 0xff, 0xff, 0xf9, 0x00, 0x00, 0x03, 0xff, 0xff, 0xfb, 0x00, 0x0c, 0xff, 0xff,
  0xe1, 0x00, 0x00, 0x00, 0x9f, 0xff, 0xff, 0x60, 0x1f, 0xff, 0xff, 0xc0, 0x00, 0x00, 0x00, 0x7f, 0xff, 0xff, 0x40, 0x08, 0xff, 0xff, 0xf3, 0x00,
  0x00, 0x00, 0xef, 0xff, 0xfb, 0x00, 0x01, 0xef, 0xff, 0xfb, 0x00, 0x00, 0x06, 0xff, 0xff, 0xf3, 0x00, 0x00, 0x7f, 0xff, 0xff, 0x20, 0x00, 0x0d,
  0xff, 0xff, 0xb0, 0x00, 0x00, 0x0e, 0xff, 0xff, 0xa0, 0x00, 0x5f, 0xff, 0xff, 0x20, 0x00, 0x00, 0x07, 0xff, 0xff, 0xf2, 0x00, 0xcf, 0xff, 0xfa,
  0x00, 0x00, 0x00, 0x00, 0xef, 0xff, 0xf9, 0x04, 0xff, 0xff, 0xf2, 0x00, 0x00, 0x00, 0x00, 0x6f, 0xff, 0xff, 0x1b, 0xff, 0xff, 0x90, 0x00, 0x00,
  0x00, 0x00, 0x0d, 0xff, 0xff, 0xbf, 0xff, 0xff, 0x20, 0x00, 0x00, 0x00, 0x00, 0x05, 0xff, 0xff, 0xff, 0xff, 0xf9, 0x00, 0x00, 0x00, 0x00, 0x00,
  0x00, 0xdf, 0xff, 0xff, 0xff, 0xf1, 0x00, 0x00, 0x00, 0x00, 0x00, 0x00, 0x5f, 0xff, 0xff, 0xff, 0x80, 0x00, 0x00, 0x00, 0x00, 0x00, 0x00, 0x0c,
  0xff, 0xff, 0xff, 0x10, 0x00, 0x00, 0x00, 0x00, 0x00, 0x00, 0x04, 0xff, 0xff, 0xf8, 0x00, 0x00, 0x00, 0x00, 0x00, 0x00, 0x00, 0x00, 0xff, 0xff,
  0xf3, 0x00, 0x00, 0x00, 0x00, 0x00, 0x00, 0x00, 0x00, 0xff, 0xff, 0xf3, 0x00, 0x00, 0x00, 0x00, 0x00, 0x00, 0x00, 0x00, 0xff, 0xff, 0xf3, 0x00,
  0x00, 0x00, 0x00, 0x00, 0x00, 0x00, 0x00, 0xff, 0xff, 0xf3, 0x00, 0x00, 0x00, 0x00, 0x00, 0x00, 0x00, 0x00, 0xff, 0xff, 0xf3, 0x00, 0x00, 0x00,
  0x00, 0x00, 0x00, 0x00, 0x00, 0xff, 0xff, 0xf3, 0x00, 0x00, 0x00, 0x00, 0x00, 0x00, 0x00, 0x00, 0xff, 0xff, 0xf3, 0x00, 0x00, 0x00, 0x00, 0x0f,
  0xff, 0xff, 0xff, 0xff, 0xff, 0xff, 0xff, 0x00, 0x0f, 0xff, 0xff, 0xff, 0xff, 0xff, 0xff, 0xff, 0x00, 0x0f, 0xff, 0xff, 0xff, 0xff, 0xff, 0xff,
  0xff, 0x00, 0x0f, 0xff, 0xff, 0xff, 0xff, 0xff, 0xff, 0xff, 0x00, 0x07, 0x77, 0x77, 0x77, 0x78, 0xff, 0xff, 0xfb, 0x00, 0x00, 0x00, 0x00, 0x00,
  0x0b, 0xff, 0xff, 0xe1, 0x00, 0x00, 0x00, 0x00, 0x00, 0x6f, 0xff, 0xff, 0x40, 0x00, 0x00, 0x00, 0x00, 0x02, 0xff, 0xff, 0xf8, 0x00, 0x00, 0x00,
  0x00, 0x00, 0x0d, 0xff, 0xff, 0xc0, 0x00, 0x00, 0x00, 0x00, 0x00, 0x9f, 0xff, 0xfe, 0x10, 0x00, 0x00, 0x00, 0x00, 0x05, 0xff, 0xff, 0xf5, 0x00,
  0x00, 0x00, 0x00, 0x00, 0x2f, 0xff, 0xff, 0x90, 0x00, 0x00, 0x00, 0x00, 0x00, 0xcf, 0xff, 0xfd, 0x00, 0x00, 0x00, 0x00, 0x00, 0x08, 0xff, 0xff,
  0xf2, 0x00, 0x00, 0x00, 0x00, 0x00, 0x4f, 0xff, 0xff, 0x50, 0x00, 0x00, 0x00, 0x00, 0x01, 0xef, 0xff, 0xfa, 0x00, 0x00, 0x00, 0x00, 0x00, 0x0b,
  0xff, 0xff, 0xf7, 0x77, 0x77, 0x77, 0x77, 0x00, 0x0f, 0xff, 0xff, 0xff, 0xff, 0xff, 0xff, 0xff, 0x00, 0x0f, 0xff, 0xff, 0xff, 0xff, 0xff, 0xff,
  0xff, 0x00, 0x0f, 0xff, 0xff, 0xff, 0xff, 0xff, 0xff, 0xff, 0x00, 0x0f, 0xff, 0xff, 0xff, 0xff, 0xff, 0xff, 0xff, 0x00, 0x00, 0x00, 0xff, 0xff,
  0xff, 0xff, 0xf0, 0x00, 0x00, 0x00, 0xff, 0xff, 0xff, 0xff, 0xf0, 0x00, 0x00, 0x00, 0xff, 0xff, 0xff, 0xff, 0xf0, 0x00, 0x00, 0x00, 0xff, 0xff,
  0xff, 0xff, 0xf0, 0x00, 0x00, 0x00, 0xff, 0xff, 0xf8, 0x77, 0x70, 0x00, 0x00, 0x00, 0xff, 0xff, 0xf3, 0x00, 0x00, 0x00, 0x00, 0x00, 0xff, 0xff,
  0xf3, 0x00, 0x00, 0x00, 0x00, 0x00, 0xff, 0xff, 0xf3, 0x00, 0x00, 0x00, 0x00, 0x00, 0xff, 0xff, 0xf3, 0x00, 0x00, 0x00, 0x00, 0x00, 0xff, 0xff,
  0xf3, 0x00, 0x00, 0x00, 0x00, 0x00, 0xff, 0xff, 0xf3, 0x00, 0x00, 0x00, 0x00, 0x00, 0xff, 0xff, 0xf3, 0x00, 0x00, 0x00, 0x00, 0x00, 0xff, 0xff,
  0xf3, 0x00, 0x00, 0x00, 0x00, 0x00, 0xff, 0xff, 0xf3, 0x00, 0x00, 0x00, 0x00, 0x00, 0xff, 0xff, 0xf3, 0x00, 0x00, 0x00, 0x00, 0x00, 0xff, 0xff,
  0xf3, 0x00, 0x00, 0x00, 0x00, 0x00, 0xff, 0xff, 0xf3, 0x00, 0x00, 0x00, 0x00, 0x00, 0xff, 0xff, 0xf3, 0x00, 0x00, 0x00, 0x00, 0x00, 0xff, 0xff,
  0xf3, 0x00, 0x00, 0x00, 0x00, 0x00, 0xff, 0xff, 0xf3, 0x00, 0x00, 0x00, 0x00, 0x00, 0xff, 0xff, 0xf3, 0x00, 0x00, 0x00, 0x00, 0x00, 0xff, 0xff,
  0xf3, 0x00, 0x00, 0x00, 0x00, 0x00, 0xff, 0xff, 0xf3, 0x00, 0x00, 0x00, 0x00, 0x00, 0xff, 0xff, 0xf3, 0x00, 0x00, 0x00, 0x00, 0x00, 0xff, 0xff,
  0xf3, 0x00, 0x00, 0x00, 0x00, 0x00, 0xff, 0xff, 0xf3, 0x00, 0x00, 0x00, 0x00, 0x00, 0xff, 0xff, 0xf3, 0x00, 0x00, 0x00, 0x00, 0x00, 0xff, 0xff,
  0xf3, 0x00, 0x00, 0x00, 0x00, 0x00, 0xff, 0xff, 0xf3, 0x00, 0x00, 0x00, 0x00, 0x00, 0xff, 0xff, 0xf8, 0x77, 0x70, 0x00, 0x00, 0x00, 0xff, 0xff,
  0xff, 0xff, 0xf0, 0x00, 0x00, 0x00, 0xff, 0xff, 0xff, 0xff, 0xf0, 0x00, 0x00, 0x00, 0xff, 0xff, 0xff, 0xff, 0xf0, 0x00, 0x00, 0x00, 0xff, 0xff,
  0xff, 0xff, 0xf0, 0x00, 0x00, 0x00, 0x06, 0xff, 0xff, 0x80, 0x00, 0x00, 0x00, 0x00, 0x00, 0x00, 0x00, 0x00, 0x02, 0xff, 0xff, 0xc0, 0x00, 0x00,
  0x00, 0x00, 0x00, 0x00, 0x00, 0x00, 0x00, 0xef, 0xff, 0xf0, 0x00, 0x00, 0x00, 0x00, 0x00, 0x00, 0x00, 0x00, 0x00, 0xbf, 0xff, 0xf4, 0x00, 0x00,
  0x00, 0x00, 0x00, 0x00, 0x00, 0x00, 0x00, 0x7f, 0xff, 0xf8, 0x00, 0x00, 0x00, 0x00, 0x00, 0x00, 0x00, 0x00, 0x00, 0x3f, 0xff, 0xfb, 0x00, 0x00,
  0x00, 0x00, 0x00, 0x00, 0x00, 0x00, 0x00, 0x0f, 0xff, 0xff, 0x00, 0x00, 0x00, 0x00, 0x00, 0x00, 0x00, 0x00, 0x00, 0x0b, 0xff, 0xff, 0x30, 0x00,
  0x00, 0x00, 0x00, 0x00, 0x00, 0x00, 0x00, 0x08, 0xff, 0xff, 0x70, 0x00, 0x00, 0x00, 0x00, 0x00, 0x00, 0x00, 0x00, 0x04, 0xff, 0xff, 0xa0, 0x00,
  0x00, 0x00, 0x00, 0x00, 0x00, 0x00, 0x00, 0x00, 0xff, 0xff, 0xe0, 0x00, 0x00, 0x00, 0x00, 0x00, 0x00, 0x00, 0x00, 0x00, 0xcf, 0xff, 0xf2, 0x00,
  0x00, 0x00, 0x00, 0x00, 0x00, 0x00, 0x00, 0x00, 0x8f, 0xff, 0xf6, 0x00, 0x00, 0x00, 0x00, 0x00, 0x00, 0x00, 0x00, 0x00, 0x5f, 0xff, 0xfa, 0x00,
  0x00, 0x00, 0x00, 0x00, 0x00, 0x00, 0x00, 0x00, 0x1f, 0xff, 0xfd, 0x00, 0x00, 0x00, 0x00, 0x00, 0x00, 0x00, 0x00, 0x00, 0x0d, 0xff, 0xff, 0x10,
  0x00, 0x00, 0x00, 0x00, 0x00, 0x00, 0x00, 0x00, 0x09, 0xff, 0xff, 0x50, 0x00, 0x00, 0x00, 0x00, 0x00, 0x00, 0x00, 0x00, 0x06, 0xff, 0xff, 0x90,
  0x00, 0x00, 0x00, 0x00, 0x00, 0x00, 0x00, 0x00, 0x02, 0xff, 0xff, 0xd0, 0x00, 0x00, 0x00, 0x00, 0x00, 0x00, 0x00, 0x00, 0x00, 0xef, 0xff, 0xf0,
  0x00, 0x00, 0x00, 0x00, 0x00, 0x00, 0x00, 0x00, 0x00, 0xaf, 0xff, 0xf4, 0x00, 0x00, 0x00, 0x00, 0x00, 0x00, 0x00, 0x00, 0x00, 0x6f, 0xff, 0xf8,
  0x00, 0x00, 0x00, 0x00, 0x00, 0x00, 0x00, 0x00, 0x00, 0x3f, 0xff, 0xfc, 0x00, 0x00, 0x00, 0x00, 0x00, 0x00, 0x00, 0x00, 0x00, 0x0f, 0xff, 0xff,
  0x00, 0x00, 0x00, 0x00, 0x00, 0x00, 0x00, 0x00, 0x00, 0x0b, 0xff, 0xff, 0x30, 0x00, 0x00, 0x00, 0x00, 0x00, 0x00, 0x00, 0x00, 0x07, 0xff, 0xff,
  0x70, 0x00, 0x00, 0x00, 0x00, 0x00, 0x00, 0x00, 0x00, 0x03, 0xff, 0xff, 0xb0, 0x00, 0x00, 0x00, 0x00, 0x00, 0x00, 0x00, 0x00, 0x00, 0xff, 0xff,
  0xe0, 0x00, 0x00, 0x00, 0x00, 0x00, 0x00, 0x00, 0x00, 0x00, 0xcf, 0xff, 0xf2, 0x00, 0x00, 0x00, 0x00, 0x00, 0x00, 0x00, 0x00, 0x00, 0x8f, 0xff,
  0xf6, 0x00, 0x00, 0x00, 0x00, 0x00, 0x00, 0x00, 0x00, 0x00, 0x4f, 0xff, 0xfa, 0x00, 0x00, 0x00, 0x00, 0x00, 0x00, 0x00, 0x00, 0x00, 0x1f, 0xff,
  0xfe, 0x00, 0x00, 0x00, 0x00, 0x00, 0x00, 0x00, 0x00, 0x00, 0x0d, 0xff, 0xff, 0x20, 0x00, 0x00, 0x00, 0x00, 0x00, 0x00, 0x00, 0x00, 0x09, 0xff,
  0xff, 0x50, 0x00, 0x00, 0x00, 0x0f, 0xff, 0xff, 0xff, 0xff, 0x30, 0x00, 0x00, 0x0f, 0xff, 0xff, 0xff, 0xff, 0x30, 0x00, 0x00, 0x0f, 0xff, 0xff,
  0xff, 0xff, 0x30, 0x00, 0x00, 0x0f, 0xff, 0xff, 0xff, 0xff, 0x30, 0x00, 0x00, 0x07, 0x77, 0x7f, 0xff, 0xff, 0x30, 0x00, 0x00, 0x00, 0x00, 0x0f,
  0xff, 0xff, 0x30, 0x00, 0x00, 0x00, 0x00, 0x0f, 0xff, 0xff, 0x30, 0x00, 0x00, 0x00, 0x00, 0x0f, 0xff, 0xff, 0x30, 0x00, 0x00, 0x00, 0x00, 0x0f,
  0xff, 0xff, 0x30, 0x00, 0x00, 0x00, 0x00, 0x0f, 0xff, 0xff, 0x30, 0x00, 0x00, 0x00, 0x00, 0x0f, 0xff, 0xff, 0x30, 0x00, 0x00, 0x00, 0x00, 0x0f,
  0xff, 0xff, 0x30, 0x00, 0x00, 0x00, 0x00, 0x0f, 0xff, 0xff, 0x30, 0x00, 0x00, 0x00, 0x00, 0x0f, 0xff, 0xff, 0x30, 0x00, 0x00, 0x00, 0x00, 0x0f,
  0xff, 0xff, 0x30, 0x00, 0x00, 0x00, 0x00, 0x0f, 0xff, 0xff, 0x30, 0x00, 0x00, 0x00, 0x00, 0x0f, 0xff, 0xff, 0x30, 0x00, 0x00, 0x00, 0x00, 0x0f,
  0xff, 0xff, 0x30, 0x00, 0x00, 0x00, 0x00, 0x0f, 0xff, 0xff, 0x30, 0x00, 0x00, 0x00, 0x00, 0x0f, 0xff, 0xff, 0x30, 0x00, 0x00, 0x00, 0x00, 0x0f,
  0xff, 0xff, 0x30, 0x00, 0x00, 0x00, 0x00, 0x0f, 0xff, 0xff, 0x30, 0x00, 0x00, 0x00, 0x00, 0x0f, 0xff, 0xff, 0x30, 0x00, 0x00, 0x00, 0x00, 0x0f,
  0xff, 0xff, 0x30, 0x00, 0x00, 0x00, 0x00, 0x0f, 0xff, 0xff, 0x30, 0x00, 0x00, 0x00, 0x00, 0x0f, 0xff, 0xff, 0x30, 0x00, 0x00, 0x00, 0x00, 0x0f,
  0xff, 0xff, 0x30, 0x00, 0x00, 0x00, 0x00, 0x0f, 0xff, 0xff, 0x30, 0x00, 0x00, 0x00, 0x00, 0x0f, 0xff, 0xff, 0x30, 0x00, 0x00, 0x07, 0x77, 0x7f,
  0xff, 0xff, 0x30, 0x00, 0x00, 0x0f, 0xff, 0xff, 0xff, 0xff, 0x30, 0x00, 0x00, 0x0f, 0xff, 0xff, 0xff, 0xff, 0x30, 0x00, 0x00, 0x0f, 0xff, 0xff,
  0xff, 0xff, 0x30, 0x00, 0x00, 0x0f, 0xff, 0xff, 0xff, 0xff, 0x30, 0x00, 0x00, 0x00, 0x00, 0x01, 0xff, 0xff, 0xf5, 0x00, 0x00, 0x00, 0x00, 0x00,
  0x00, 0x00, 0x08, 0xff, 0xff, 0xfd, 0x00, 0x00, 0x00, 0x00, 0x00, 0x00, 0x00, 0x0e, 0xff, 0xff, 0xff, 0x40, 0x00, 0x00, 0x00, 0x00, 0x00, 0x00,
  0x6f, 0xff, 0xff, 0xff, 0xb0, 0x00, 0x00, 0x00, 0x00, 0x00, 0x00, 0xdf, 0xff, 0xff, 0xff, 0xf2, 0x00, 0x00, 0x00, 0x00, 0x00, 0x05, 0xff, 0xff,
  0xff, 0xff, 0xfa, 0x00, 0x00, 0x00, 0x00, 0x00, 0x0c, 0xff, 0xff, 0x7f, 0xff, 0xff, 0x10, 0x00, 0x00, 0x00, 0x00, 0x3f, 0xff, 0xfe, 0x09, 0xff,
  0xff, 0x80, 0x00, 0x00, 0x00, 0x00, 0xbf, 0xff, 0xf7, 0x02, 0xff, 0xff, 0xe0, 0x00, 0x00, 0x00, 0x02, 0xff, 0xff, 0xf1, 0x00, 0xbf, 0xff, 0xf6,
  0x00, 0x00, 0x00, 0x09, 0xff, 0xff, 0x80, 0x00, 0x4f, 0xff, 0xfd, 0x00, 0x00, 0x00, 0x1f, 0xff, 0xff, 0x10, 0x00, 0x0d, 0xff, 0xff, 0x50, 0x00,
  0x00, 0x8f, 0xff, 0xfa, 0x00, 0x00, 0x05, 0xff, 0xff, 0xc0, 0x00, 0x00, 0xef, 0xff, 0xf3, 0x00, 0x00, 0x00, 0xef, 0xff, 0xf3, 0x00, 0x06, 0xff,
  0xff, 0xb0, 0x00, 0x00, 0x00, 0x7f, 0xff, 0xfb, 0x00, 0x0d, 0xff, 0xff, 0x40, 0x00, 0x00, 0x00, 0x1f, 0xff, 0xff, 0x20, 0x00, 0x00, 0x00, 0x00,
  0x00, 0x00, 0x00, 0x00, 0x00, 0x00, 0x00, 0x00, 0x00, 0x00, 0x00, 0x00, 0x00, 0x00, 0x00, 0x00, 0x00, 0x00, 0x00, 0x00, 0x00, 0x00, 0x00, 0x00,
  0x00, 0x00, 0x00, 0x00, 0x00, 0x00, 0x00, 0x00, 0x00, 0x00, 0x00, 0x00, 0x00, 0x00, 0x00, 0x00, 0x00, 0x00, 0x00, 0x00, 0x00, 0x00, 0x00, 0x00,
  0x00, 0x00, 0x00, 0x00, 0x00, 0x00, 0x00, 0x00, 0x00, 0x00, 0x00, 0x00, 0x00, 0x00, 0x00, 0x00, 0x07, 0x77, 0x77, 0x77, 0x77, 0x77, 0x77, 0x77,
  0x77, 0x77, 0x00, 0x00, 0x0f, 0xff, 0xff, 0xff, 0xff, 0xff, 0xff, 0xff, 0xff, 0xff, 0x00, 0x00, 0x0f, 0xff, 0xff, 0xff, 0xff, 0xff, 0xff, 0xff,
  0xff, 0xff, 0x00, 0x00, 0x0f, 0xff, 0xff, 0xff, 0xff, 0xff, 0xff, 0xff, 0xff, 0xff, 0x00, 0x00, 0x0f, 0xff, 0xff, 0xff, 0xff, 0xff, 0xff, 0xff,
  0xff, 0xff, 0x00, 0x0a, 0x20, 0x00, 0x00, 0x00, 0x0f, 0xfa, 0x20, 0x00, 0x00, 0x0f, 0xff, 0xfa, 0x20, 0x00, 0x0f, 0xff, 0xff, 0xfa, 0x00, 0x04,
  0xbf, 0xff, 0xff, 0x00, 0x00, 0x02, 0x9f, 0xff, 0x00, 0x00, 0x00, 0x01, 0x7e, 0x00, 0x00, 0x00, 0x00, 0x00, 0x00, 0x00, 0x00, 0x00, 0x00, 0x00,
  0x00, 0x00, 0x00, 0x00, 0x00, 0x00, 0x00, 0x00, 0x00, 0x00, 0x00, 0x00, 0x00, 0x00, 0x00, 0x00, 0x00, 0x00, 0x00, 0x00, 0x00, 0x00, 0x00, 0x00,
  0x00, 0x00, 0x00, 0x00, 0x00, 0x00, 0x00, 0x00, 0x00, 0x00, 0x00, 0x00, 0x00, 0x00, 0x00, 0x00, 0x00, 0x00, 0x00, 0x00, 0x00, 0x00, 0x00, 0x00,
  0x00, 0x00, 0x00, 0x00, 0x00, 0x00, 0x00, 0x00, 0x00, 0x00, 0x00, 0x00, 0x00, 0x00, 0x00, 0x00, 0x00, 0x00, 0x00, 0x00, 0x00, 0x00, 0x00, 0x00,
  0x00, 0x00, 0x00, 0x00, 0x00, 0x00, 0x00, 0x00, 0x00, 0x00, 0x05, 0xbe, 0xfe, 0xb5, 0x03, 0xff, 0xff, 0xf0, 0x00, 0x01, 0xcf, 0xff, 0xff, 0xff,
  0xc4, 0xff, 0xff, 0xf0, 0x00, 0x1d, 0xff, 0xff, 0xff, 0xff, 0xfe, 0xff, 0xff, 0xf0, 0x00, 0xaf, 0xff, 0xff, 0xff, 0xff, 0xff, 0xff, 0xff, 0xf0,
  0x03, 0xff, 0xff, 0xff, 0xc7, 0x7c, 0xff, 0xff, 0xff, 0xf0, 0x08, 0xff, 0xff, 0xf6, 0x00, 0x00, 0x6f, 0xff, 0xff, 0xf0, 0x0c, 0xff, 0xff, 0xa0,
  0x00, 0x00, 0x0a, 0xff, 0xff, 0xf0, 0x0e, 0xff, 0xff, 0x50, 0x00, 0x00, 0x05, 0xff, 0xff, 0xf0, 0x0f, 0xff, 0xff, 0x30, 0x00, 0x00, 0x03, 0xff,
  0xff, 0xf0, 0x0e, 0xff, 0xff, 0x50, 0x00, 0x00, 0x05, 0xff, 0xff, 0xf0, 0x0c, 0xff, 0xff, 0xa0, 0x00, 0x00, 0x0a, 0xff, 0xff, 0xf0, 0x08, 0xff,
  0xff, 0xf6, 0x00, 0x00, 0x6f, 0xff, 0xff, 0xf0, 0x02, 0xff, 0xff, 0xff, 0xc7, 0x7c, 0xff, 0xff, 0xff, 0xf0, 0x00, 0xaf, 0xff, 0xff, 0xff, 0xff,
  0xff, 0xff, 0xff, 0xf0, 0x00, 0x1d, 0xff, 0xff, 0xff, 0xff, 0xfe, 0xff, 0xff, 0xf0, 0x00, 0x01, 0xcf, 0xff, 0xff, 0xff, 0xc4, 0xff, 0xff, 0xf0,
  0x00, 0x00, 0x05, 0xbe, 0xfe, 0xb5, 0x03, 0xff, 0xff, 0xf0, 0x00, 0xff, 0xff, 0xf3, 0x00, 0x00, 0x00, 0x00, 0x00, 0x00, 0x00, 0xff, 0xff, 0xf3,
  0x00, 0x00, 0x00, 0x00, 0x00, 0x00, 0x00, 0xff, 0xff, 0xf3, 0x00, 0x00, 0x00, 0x00, 0x00, 0x00, 0x00, 0xff, 0xff, 0xf3, 0x00, 0x00, 0x00, 0x00,
  0x00, 0x00, 0x00, 0xff, 0xff, 0xf3, 0x00, 0x00, 0x00, 0x00, 0x00, 0x00, 0x00, 0xff, 0xff, 0xf3, 0x05, 0xbe, 0xfe, 0xb5, 0x00, 0x00, 0x00, 0xff,
  0xff, 0xf4, 0xbf, 0xff, 0xff, 0xff, 0xc1, 0x00, 0x00, 0xff, 0xff, 0xfd, 0xff, 0xff, 0xff, 0xff, 0xfd, 0x10, 0x00, 0xff, 0xff, 0xff, 0xff, 0xff,
  0xff, 0xff, 0xff, 0xa0, 0x00, 0xff, 0xff, 0xff, 0xfc, 0x77, 0xcf, 0xff, 0xff, 0xf2, 0x00, 0xff, 0xff, 0xff, 0x60, 0x00, 0x06, 0xff, 0xff, 0xf8,
  0x00, 0xff, 0xff, 0xfa, 0x00, 0x00, 0x00, 0xaf, 0xff, 0xfc, 0x00, 0xff, 0xff, 0xf5, 0x00, 0x00, 0x00, 0x5f, 0xff, 0xfe, 0x00, 0xff, 0xff, 0xf3,
  0x00, 0x00, 0x00, 0x3f, 0xff, 0xff, 0x00, 0xff, 0xff, 0xf5, 0x00, 0x00, 0x00, 0x5f, 0xff, 0xfe, 0x00, 0xff, 0xff, 0xfa, 0x00, 0x00, 0x00, 0xaf,
  0xff, 0xfc, 0x00, 0xff, 0xff, 0xff, 0x60, 0x00, 0x06, 0xff, 0xff, 0xf8, 0x00, 0xff, 0xff, 0xff, 0xfb, 0x77, 0xcf, 0xff, 0xff, 0xf2, 0x00, 0xff,
  0xff, 0xff, 0xff, 0xff, 0xff, 0xff, 0xff, 0xa0, 0x00, 0xff, 0xff, 0xfe, 0xff, 0xff, 0xff, 0xff, 0xfd, 0x10, 0x00, 0xff, 0xff, 0xf4, 0xcf, 0xff,
  0xff, 0xff, 0xc1, 0x00, 0x00, 0xff, 0xff, 0xf3, 0x05, 0xbe, 0xfe, 0xb5, 0x00, 0x00, 0x00, 0x00, 0x02, 0x8c, 0xff, 0xec, 0x71, 0x00, 0x00, 0x00,
  0x00, 0x8f, 0xff, 0xff, 0xff, 0xff, 0x60, 0x00, 0x00, 0x0c, 0xff, 0xff, 0xff, 0xff, 0xff, 0xf8, 0x00, 0x00, 0x8f, 0xff, 0xff, 0xff, 0xff, 0xff,
  0xff, 0x40, 0x02, 0xff, 0xff, 0xfe, 0x97, 0xbf, 0xff, 0xff, 0xd0, 0x08, 0xff, 0xff, 0xf2, 0x00, 0x07, 0xff, 0xff, 0xf3, 0x0c, 0xff, 0xff, 0x80,
  0x00, 0x00, 0x44, 0x44, 0x41, 0x0f, 0xff, 0xff, 0x50, 0x00, 0x00, 0x00, 0x00, 0x00, 0x0f, 0xff, 0xff, 0x30, 0x00, 0x00, 0x00, 0x00, 0x00, 0x0f,
  0xff, 0xff, 0x50, 0x00, 0x00, 0x00, 0x00, 0x00, 0x0c, 0xff, 0xff, 0x80, 0x00, 0x00, 0x44, 0x44, 0x41, 0x08, 0xff, 0xff, 0xf2, 0x00, 0x07, 0xff,
  0xff, 0xf3, 0x02, 0xff, 0xff, 0xfe, 0x87, 0xbf, 0xff, 0xff, 0xd0, 0x00, 0x9f, 0xff, 0xff, 0xff, 0xff, 0xff, 0xff, 0x40, 0x00, 0x0c, 0xff, 0xff,
  0xff, 0xff, 0xff, 0xf7, 0x00, 0x00, 0x00, 0x9f, 0xff, 0xff, 0xff, 0xff, 0x60, 0x00, 0x00, 0x00, 0x03, 0x9d, 0xff, 0xec, 0x71, 0x00, 0x00, 0x00,
  0x00, 0x00, 0x00, 0x00, 0x00, 0x03, 0xff, 0xff, 0xf0, 0x00, 0x00, 0x00, 0x00, 0x00, 0x00, 0x03, 0xff, 0xff, 0xf0, 0x00, 0x00, 0x00, 0x00, 0x00,
  0x00, 0x03, 0xff, 0xff, 0xf0, 0x00, 0x00, 0x00, 0x00, 0x00, 0x00, 0x03, 0xff, 0xff, 0xf0, 0x00, 0x00, 0x00, 0x00, 0x00, 0x00, 0x03, 0xff, 0xff,
  0xf0, 0x00, 0x00, 0x05, 0xbe, 0xfe, 0xb5, 0x03, 0xff, 0xff, 0xf0, 0x00, 0x01, 0xcf, 0xff, 0xff, 0xff, 0xb4, 0xff, 0xff, 0xf0, 0x00, 0x1d, 0xff,
  0xff, 0xff, 0xff, 0xfd, 0xff, 0xff, 0xf0, 0x00, 0xaf, 0xff, 0xff, 0xff, 0xff, 0xff, 0xff, 0xff, 0xf0, 0x03, 0xff, 0xff, 0xff, 0xc7, 0x7c, 0xff,
  0xff, 0xff, 0xf0, 0x08, 0xff, 0xff, 0xf6, 0x00, 0x00, 0x6f, 0xff, 0xff, 0xf0, 0x0c, 0xff, 0xff, 0xa0, 0x00, 0x00, 0x0a, 0xff, 0xff, 0xf0, 0x0e,
  0xff, 0xff, 0x50, 0x00, 0x00, 0x05, 0xff, 0xff, 0xf0, 0x0f, 0xff, 0xff, 0x30, 0x00, 0x00, 0x03, 0xff, 0xff, 0xf0, 0x0e, 0xff, 0xff, 0x50, 0x00,
  0x00, 0x05, 0xff, 0xff, 0xf0, 0x0c, 0xff, 0xff, 0xa0, 0x00, 0x00, 0x0a, 0xff, 0xff, 0xf0, 0x08, 0xff, 0xff, 0xf6, 0x00, 0x00, 0x6f, 0xff, 0xff,
  0xf0, 0x02, 0xff, 0xff, 0xff, 0xc7, 0x7c, 0xff, 0xff, 0xff, 0xf0, 0x00, 0xaf, 0xff, 0xff, 0xff, 0xff, 0xff, 0xff, 0xff, 0xf0, 0x00, 0x1d, 0xff,
  0xff, 0xff, 0xff, 0xfe, 0xff, 0xff, 0xf0, 0x00, 0x01, 0xcf, 0xff, 0xff, 0xff, 0xc4, 0xff, 0xff, 0xf0, 0x00, 0x00, 0x05, 0xbe, 0xfe, 0xb5, 0x03,
  0xff, 0xff, 0xf0, 0x00, 0x00, 0x06, 0xbe, 0xff, 0xda, 0x40, 0x00, 0x00, 0x00, 0x03, 0xdf, 0xff, 0xff, 0xff, 0xfc, 0x10, 0x00, 0x00, 0x5f, 0xff,
  0xff, 0xff, 0xff, 0xff, 0xe2, 0x00, 0x02, 0xff, 0xff, 0xff, 0xff, 0xff, 0xff, 0xfc, 0x00, 0x0a, 0xff, 0xff, 0xfb, 0x78, 0xcf, 0xff, 0xff, 0x60,
  0x1f, 0xff, 0xff, 0x50, 0x00, 0x09, 0xff, 0xff, 0xc0, 0x4f, 0xff, 0xfc, 0x00, 0x00, 0x01, 0xff, 0xff, 0xf0, 0x7f, 0xff, 0xff, 0xff, 0xff, 0xff,
  0xff, 0xff, 0xf2, 0x7f, 0xff, 0xff, 0xff, 0xff, 0xff, 0xff, 0xff, 0xf3, 0x7f, 0xff, 0xff, 0xdd, 0xdd, 0xdd, 0xdd, 0xdd, 0xd2, 0x4f, 0xff, 0xfb,
  0x00, 0x00, 0x00, 0x00, 0x00, 0x00, 0x1f, 0xff, 0xff, 0x40, 0x00, 0x0b, 0xdd, 0xdd, 0x80, 0x0a, 0xff, 0xff, 0xfa, 0x78, 0xdf, 0xff, 0xff, 0x50,
  0x02, 0xff, 0xff, 0xff, 0xff, 0xff, 0xff, 0xfb, 0x00, 0x00, 0x4f, 0xff, 0xff, 0xff, 0xff, 0xff, 0xd1, 0x00, 0x00, 0x03, 0xdf, 0xff, 0xff, 0xff,
  0xfb, 0x10, 0x00, 0x00, 0x00, 0x06, 0xbe, 0xff, 0xd9, 0x40, 0x00, 0x00, 0x00, 0x00, 0x00, 0x02, 0x56, 0x60, 0x00, 0x00, 0x07, 0xef, 0xff, 0xf0,
  0x00, 0x00, 0xbf, 0xff, 0xff, 0xf0, 0x00, 0x07, 0xff, 0xff, 0xff, 0xf0, 0x00, 0x0e, 0xff, 0xff, 0xff, 0xf0, 0x00, 0x2f, 0xff, 0xff, 0xa2, 0x00,
  0x00, 0x3f, 0xff, 0xff, 0x10, 0x00, 0x0f, 0xff, 0xff, 0xff, 0xff, 0xf0, 0x0f, 0xff, 0xff, 0xff, 0xff, 0xf0, 0x0f, 0xff, 0xff, 0xff, 0xff, 0xf0,
  0x0f, 0xff, 0xff, 0xff, 0xff, 0xf0, 0x07, 0x8f, 0xff, 0xff, 0x77, 0x70, 0x00, 0x3f, 0xff, 0xff, 0x00, 0x00, 0x00, 0x3f, 0xff, 0xff, 0x00, 0x00,
  0x00, 0x3f, 0xff, 0xff, 0x00, 0x00, 0x00, 0x3f, 0xff, 0xff, 0x00, 0x00, 0x00, 0x3f, 0xff, 0xff, 0x00, 0x00, 0x00, 0x3f, 0xff, 0xff, 0x00, 0x00,
  0x00, 0x3f, 0xff, 0xff, 0x00, 0x00, 0x00, 0x3f, 0xff, 0xff, 0x00, 0x00, 0x00, 0x3f, 0xff, 0xff, 0x00, 0x00, 0x00, 0x3f, 0xff, 0xff, 0x00, 0x00,
  0x00, 0x3f, 0xff, 0xff, 0x00, 0x00, 0x00, 0x3f, 0xff, 0xff, 0x00, 0x00, 0x00, 0x00, 0x05, 0xbe, 0xfe, 0xb5, 0x03, 0xff, 0xff, 0xf0, 0x00, 0x01,
  0xcf, 0xff, 0xff, 0xff, 0xc4, 0xff, 0xff, 0xf0, 0x00, 0x1d, 0xff, 0xff, 0xff, 0xff, 0xfe, 0xff, 0xff, 0xf0, 0x00, 0xaf, 0xff, 0xff, 0xff, 0xff,
  0xff, 0xff, 0xff, 0xf0, 0x03, 0xff, 0xff, 0xff, 0xc7, 0x7c, 0xff, 0xff, 0xff, 0xf0, 0x08, 0xff, 0xff, 0xf6, 0x00, 0x00, 0x6f, 0xff, 0xff, 0xf0,
  0x0c, 0xff, 0xff, 0xa0, 0x00, 0x00, 0x0a, 0xff, 0xff, 0xf0, 0x0e, 0xff, 0xff, 0x50, 0x00, 0x00, 0x05, 0xff, 0xff, 0xf0, 0x0f, 0xff, 0xff, 0x30,
  0x00, 0x00, 0x03, 0xff, 0xff, 0xf0, 0x0e, 0xff, 0xff, 0x50, 0x00, 0x00, 0x05, 0xff, 0xff, 0xf0, 0x0c, 0xff, 0xff, 0xa0, 0x00, 0x00, 0x0a, 0xff,
  0xff, 0xf0, 0x08, 0xff, 0xff, 0xf6, 0x00, 0x00, 0x6f, 0xff, 0xff, 0xf0, 0x02, 0xff, 0xff, 0xff, 0xc7, 0x7c, 0xff, 0xff, 0xff, 0xf0, 0x00, 0xaf,
  0xff, 0xff, 0xff, 0xff, 0xff, 0xff, 0xff, 0xf0, 0x00, 0x1d, 0xff, 0xff, 0xff, 0xff, 0xfd, 0xff, 0xff, 0xf0, 0x00, 0x01, 0xcf, 0xff, 0xff, 0xff,
  0xb4, 0xff, 0xff, 0xf0, 0x00, 0x00, 0x05, 0xbe, 0xfe, 0xb5, 0x03, 0xff, 0xff, 0xf0, 0x00, 0x00, 0x00, 0x00, 0x00, 0x00, 0x04, 0xff, 0xff, 0xe0,
  0x02, 0x88, 0x88, 0x60, 0x00, 0x00, 0x08, 0xff, 0xff, 0xc0, 0x02, 0xff, 0xff, 0xf5, 0x00, 0x00, 0x3e, 0xff, 0xff, 0x80, 0x00, 0xdf, 0xff, 0xff,
  0xb8, 0x7a, 0xff, 0xff, 0xff, 0x30, 0x00, 0x5f, 0xff, 0xff, 0xff, 0xff, 0xff, 0xff, 0xfa, 0x00, 0x00, 0x08, 0xff, 0xff, 0xff, 0xff, 0xff, 0xff,
  0xd1, 0x00, 0x00, 0x00, 0x5e, 0xff, 0xff, 0xff, 0xff, 0xfa, 0x00, 0x00, 0x00, 0x00, 0x00, 0x5a, 0xdf, 0xff, 0xd9, 0x30, 0x00, 0x00, 0x00, 0xff,
  0xff, 0xf3, 0x00, 0x00, 0x00, 0x00, 0x00, 0x00, 0x00, 0xff, 0xff, 0xf3, 0x00, 0x00, 0x00, 0x00, 0x00, 0x00, 0x00, 0xff, 0xff, 0xf3, 0x00, 0x00,
  0x00, 0x00, 0x00, 0x00, 0x00, 0xff, 0xff, 0xf3, 0x00, 0x00, 0x00, 0x00, 0x00, 0x00, 0x00, 0xff, 0xff, 0xf3, 0x00, 0x00, 0x00, 0x00, 0x00, 0x00,
  0x00, 0xff, 0xff, 0xf3, 0x05, 0xbe, 0xfe, 0xb5, 0x00, 0x00, 0x00, 0xff, 0xff, 0xf4, 0xbf, 0xff, 0xff, 0xff, 0xb0, 0x00, 0x00, 0xff, 0xff, 0xfe,
  0xff, 0xff, 0xff, 0xff, 0xfa, 0x00, 0x00, 0xff, 0xff, 0xff, 0xff, 0xff, 0xff, 0xff, 0xff, 0x30, 0x00, 0xff, 0xff, 0xff, 0xf9, 0x79, 0xff, 0xff,
  0xff, 0x90, 0x00, 0xff, 0xff, 0xfe, 0x20, 0x00, 0x2f, 0xff, 0xff, 0xd0, 0x00, 0xff, 0xff, 0xf7, 0x00, 0x00, 0x07, 0xff, 0xff, 0xf0, 0x00, 0xff,
  0xff, 0xf4, 0x00, 0x00, 0x04, 0xff, 0xff, 0xf0, 0x00, 0xff, 0xff, 0xf3, 0x00, 0x00, 0x03, 0xff, 0xff, 0xf0, 0x00, 0xff, 0xff, 0xf3, 0x00, 0x00,
  0x03, 0xff, 0xff, 0xf0, 0x00, 0xff, 0xff, 0xf3, 0x00, 0x00, 0x03, 0xff, 0xff, 0xf0, 0x00, 0xff, 0xff, 0xf3, 0x00, 0x00, 0x03, 0xff, 0xff, 0xf0,
  0x00, 0xff, 0xff, 0xf3, 0x00, 0x00, 0x03, 0xff, 0xff, 0xf0, 0x00, 0xff, 0xff, 0xf3, 0x00, 0x00, 0x03, 0xff, 0xff, 0xf0, 0x00, 0xff, 0xff, 0xf3,
  0x00, 0x00, 0x03, 0xff, 0xff, 0xf0, 0x00, 0xff, 0xff, 0xf3, 0x00, 0x00, 0x03, 0xff, 0xff, 0xf0, 0x00, 0xff, 0xff, 0xf3, 0x00, 0x00, 0x03, 0xff,
  0xff, 0xf0, 0x00, 0x9e, 0xe9, 0x00, 0x00, 0x09, 0xff, 0xff, 0x90, 0x00, 0x0e, 0xff, 0xff, 0xe0, 0x00, 0x0e, 0xff, 0xff, 0xe0, 0x00, 0x09, 0xff,
  0xff, 0x90, 0x00, 0x00, 0x9e, 0xe9, 0x00, 0x00, 0x00, 0x00, 0x00, 0x00, 0x00, 0x03, 0xff, 0xff, 0xf0, 0x00, 0x03, 0xff, 0xff, 0xf0, 0x00, 0x03,
  0xff, 0xff, 0xf0, 0x00, 0x03, 0xff, 0xff, 0xf0, 0x00, 0x03, 0xff, 0xff, 0xf0, 0x00, 0x03, 0xff, 0xff, 0xf0, 0x00, 0x03, 0xff, 0xff, 0xf0, 0x00,
  0x03, 0xff, 0xff, 0xf0, 0x00, 0x03, 0xff, 0xff, 0xf0, 0x00, 0x03, 0xff, 0xff, 0xf0, 0x00, 0x03, 0xff, 0xff, 0xf0, 0x00, 0x03, 0xff, 0xff, 0xf0,
  0x00, 0x03, 0xff, 0xff, 0xf0, 0x00, 0x03, 0xff, 0xff, 0xf0, 0x00, 0x03, 0xff, 0xff, 0xf0, 0x00, 0x03, 0xff, 0xff, 0xf0, 0x00, 0x03, 0xff, 0xff,
  0xf0, 0x00, 0x00, 0x00, 0x9e, 0xe9, 0x00, 0x00, 0x09, 0xff, 0xff, 0x90, 0x00, 0x0e, 0xff, 0xff, 0xe0, 0x00, 0x0e, 0xff, 0xff, 0xe0, 0x00, 0x09,
  0xff, 0xff, 0x90, 0x00, 0x00, 0x9e, 0xe9, 0x00, 0x00, 0x00, 0x00, 0x00, 0x00, 0x00, 0x03, 0xff, 0xff, 0xf0, 0x00, 0x03, 0xff, 0xff, 0xf0, 0x00,
  0x03, 0xff, 0xff, 0xf0, 0x00, 0x03, 0xff, 0xff, 0xf0, 0x00, 0x03, 0xff, 0xff, 0xf0, 0x00, 0x03, 0xff, 0xff, 0xf0, 0x00, 0x03, 0xff, 0xff, 0xf0,
  0x00, 0x03, 0xff, 0xff, 0xf0, 0x00, 0x03, 0xff, 0xff, 0xf0, 0x00, 0x03, 0xff, 0xff, 0xf0, 0x00, 0x03, 0xff, 0xff, 0xf0, 0x00, 0x03, 0xff, 0xff,
  0xf0, 0x00, 0x03, 0xff, 0xff, 0xf0, 0x00, 0x03, 0xff, 0xff, 0xf0, 0x00, 0x03, 0xff, 0xff, 0xf0, 0x00, 0x03, 0xff, 0xff, 0xf0, 0x00, 0x03, 0xff,
  0xff, 0xf0, 0x00, 0x03, 0xff, 0xff, 0xf0, 0x00, 0x03, 0xff, 0xff, 0xf0, 0x00, 0x04, 0xff, 0xff, 0xf0, 0x37, 0x7d, 0xff, 0xff, 0xe0, 0x8f, 0xff,
  0xff, 0xff, 0xa0, 0x8f, 0xff, 0xff, 0xff, 0x30, 0x8f, 0xff, 0xff, 0xf6, 0x00, 0x8f, 0xff, 0xd9, 0x20, 0x00, 0x00, 0xff, 0xff, 0xf3, 0x00, 0x00,
  0x00, 0x00, 0x00, 0x00, 0x00, 0xff, 0xff, 0xf3, 0x00, 0x00, 0x00, 0x00, 0x00, 0x00, 0x00, 0xff, 0xff, 0xf3, 0x00, 0x00, 0x00, 0x00, 0x00, 0x00,
  0x00, 0xff, 0xff, 0xf3, 0x00, 0x00, 0x00, 0x00, 0x00, 0x00, 0x00, 0xff, 0xff, 0xf3, 0x00, 0x00, 0x00, 0x00, 0x00, 0x00, 0x00, 0xff, 0xff, 0xf3,
  0x00, 0x02, 0xff, 0xff, 0xff, 0x30, 0x00, 0xff, 0xff, 0xf3, 0x00, 0x0c, 0xff, 0xff, 0xf6, 0x00, 0x00, 0xff, 0xff, 0xf3, 0x00, 0x8f, 0xff, 0xff,
  0x90, 0x00, 0x00, 0xff, 0xff, 0xf3, 0x04, 0xff, 0xff, 0xfc, 0x00, 0x00, 0x00, 0xff, 0xff, 0xf3, 0x1e, 0xff, 0xff, 0xe1, 0x00, 0x00, 0x00, 0xff,
  0xff, 0xf3, 0xbf, 0xff, 0xff, 0x20, 0x00, 0x00, 0x00, 0xff, 0xff, 0xfb, 0xff, 0xff, 0xf5, 0x00, 0x00, 0x00, 0x00, 0xff, 0xff, 0xff, 0xff, 0xff,
  0x80, 0x00, 0x00, 0x00, 0x00, 0xff, 0xff, 0xff, 0xff, 0xfd, 0x00, 0x00, 0x00, 0x00, 0x00, 0xff, 0xff, 0xff, 0xff, 0xff, 0x70, 0x00, 0x00, 0x00,
  0x00, 0xff, 0xff, 0xf8, 0xff, 0xff, 0xf4, 0x00, 0x00, 0x00, 0x00, 0xff, 0xff, 0xf3, 0x9f, 0xff, 0xff, 0x20, 0x00, 0x00, 0x00, 0xff, 0xff, 0xf3,
  0x0d, 0xff, 0xff, 0xd1, 0x00, 0x00, 0x00, 0xff, 0xff, 0xf3, 0x03, 0xff, 0xff, 0xfc, 0x00, 0x00, 0x00, 0xff, 0xff, 0xf3, 0x00, 0x7f, 0xff, 0xff,
  0x90, 0x00, 0x00, 0xff, 0xff, 0xf3, 0x00, 0x0b, 0xff, 0xff, 0xf7, 0x00, 0x00, 0xff, 0xff, 0xf3, 0x00, 0x01, 0xef, 0xff, 0xff, 0x40, 0x00, 0xff,
  0xff, 0xf3, 0x00, 0x00, 0xff, 0xff, 0xf3, 0x00, 0x00, 0xff, 0xff, 0xf3, 0x00, 0x00, 0xff, 0xff, 0xf3, 0x00, 0x00, 0xff, 0xff, 0xf3, 0x00, 0x00,
  0xff, 0xff, 0xf3, 0x00, 0x00, 0xff, 0xff, 0xf3, 0x00, 0x00, 0xff, 0xff, 0xf3, 0x00, 0x00, 0xff, 0xff, 0xf3, 0x00, 0x00, 0xff, 0xff, 0xf3, 0x00,
  0x00, 0xff, 0xff, 0xf3, 0x00, 0x00, 0xff, 0xff, 0xf3, 0x00, 0x00, 0xff, 0xff, 0xf3, 0x00, 0x00, 0xff, 0xff, 0xf3, 0x00, 0x00, 0xff, 0xff, 0xf3,
  0x00, 0x00, 0xff, 0xff, 0xf3, 0x00, 0x00, 0xff, 0xff, 0xf3, 0x00, 0x00, 0xff, 0xff, 0xf3, 0x00, 0x00, 0xff, 0xff, 0xf3, 0x00, 0x00, 0xff, 0xff,
  0xf3, 0x00, 0x00, 0xff, 0xff, 0xf3, 0x00, 0x00, 0xff, 0xff, 0xf3, 0x00, 0x00, 0xff, 0xff, 0xf3, 0x07, 0xce, 0xfd, 0xa3, 0x00, 0x00, 0x28, 0xdf,
  0xfd, 0x82, 0x00, 0x00, 0x00, 0xff, 0xff, 0xf6, 0xef, 0xff, 0xff, 0xff, 0x90, 0x07, 0xff, 0xff, 0xff, 0xff, 0x60, 0x00, 0x00, 0xff, 0xff, 0xff,
  0xff, 0xff, 0xff, 0xff, 0xf9, 0x7f, 0xff, 0xff, 0xff, 0xff, 0xf5, 0x00, 0x00, 0xff, 0xff, 0xff, 0xff, 0xff, 0xff, 0xff, 0xff, 0xff, 0xff, 0xff,
  0xff, 0xff, 0xfe, 0x00, 0x00, 0xff, 0xff, 0xff, 0xf9, 0x79, 0xff, 0xff, 0xff, 0xff, 0xd9, 0x7a, 0xff, 0xff, 0xff, 0x60, 0x00, 0xff, 0xff, 0xfe,
  0x10, 0x00, 0x1e, 0xff, 0xff, 0xfc, 0x00, 0x00, 0x4f, 0xff, 0xff, 0x90, 0x00, 0xff, 0xff, 0xf7, 0x00, 0x00, 0x07, 0xff, 0xff, 0xf3, 0x00, 0x00,
  0x0a, 0xff, 0xff, 0xb0, 0x00, 0xff, 0xff, 0xf4, 0x00, 0x00, 0x04, 0xff, 0xff, 0xf0, 0x00, 0x00, 0x07, 0xff, 0xff, 0xc0, 0x00, 0xff, 0xff, 0xf3,
  0x00, 0x00, 0x03, 0xff, 0xff, 0xf0, 0x00, 0x00, 0x07, 0xff, 0xff, 0xc0, 0x00, 0xff, 0xff, 0xf3, 0x00, 0x00, 0x03, 0xff, 0xff, 0xf0, 0x00, 0x00,
  0x07, 0xff, 0xff, 0xc0, 0x00, 0xff, 0xff, 0xf3, 0x00, 0x00, 0x03, 0xff, 0xff, 0xf0, 0x00, 0x00, 0x07, 0xff, 0xff, 0xc0, 0x00, 0xff, 0xff, 0xf3,
  0x00, 0x00, 0x03, 0xff, 0xff, 0xf0, 0x00, 0x00, 0x07, 0xff, 0xff, 0xc0, 0x00, 0xff, 0xff, 0xf3, 0x00, 0x00, 0x03, 0xff, 0xff, 0xf0, 0x00, 0x00,
  0x07, 0xff, 0xff, 0xc0, 0x00, 0xff, 0xff, 0xf3, 0x00, 0x00, 0x03, 0xff, 0xff, 0xf0, 0x00, 0x00, 0x07, 0xff, 0xff, 0xc0, 0x00, 0xff, 0xff, 0xf3,
  0x00, 0x00, 0x03, 0xff, 0xff, 0xf0, 0x00, 0x00, 0x07, 0xff, 0xff, 0xc0, 0x00, 0xff, 0xff, 0xf3, 0x00, 0x00, 0x03, 0xff, 0xff, 0xf0, 0x00, 0x00,
  0x07, 0xff, 0xff, 0xc0, 0x00, 0xff, 0xff, 0xf3, 0x00, 0x00, 0x03, 0xff, 0xff, 0xf0, 0x00, 0x00, 0x07, 0xff, 0xff, 0xc0, 0x00, 0xff, 0xff, 0xf3,
  0x06, 0xbe, 0xfe, 0xb4, 0x00, 0x00, 0x00, 0xff, 0xff, 0xf4, 0xcf, 0xff, 0xff, 0xff, 0xa0, 0x00, 0x00, 0xff, 0xff, 0xfe, 0xff, 0xff, 0xff, 0xff,
  0xfa, 0x00, 0x00, 0xff, 0xff, 0xff, 0xff, 0xff, 0xff, 0xff, 0xff, 0x30, 0x00, 0xff, 0xff, 0xff, 0xf9, 0x79, 0xff, 0xff, 0xff, 0x90, 0x00, 0xff,
  0xff, 0xfe, 0x20, 0x00, 0x2f, 0xff, 0xff, 0xd0, 0x00, 0xff, 0xff, 0xf7, 0x00, 0x00, 0x07, 0xff, 0xff, 0xf0, 0x00, 0xff, 0xff, 0xf4, 0x00, 0x00,
  0x04, 0xff, 0xff, 0xf0, 0x00, 0xff, 0xff, 0xf3, 0x00, 0x00, 0x03, 0xff, 0xff, 0xf0, 0x00, 0xff, 0xff, 0xf3, 0x00, 0x00, 0x03, 0xff, 0xff, 0xf0,
  0x00, 0xff, 0xff, 0xf3, 0x00, 0x00, 0x03, 0xff, 0xff, 0xf0, 0x00, 0xff, 0xff, 0xf3, 0x00, 0x00, 0x03, 0xff, 0xff, 0xf0, 0x00, 0xff, 0xff, 0xf3,
  0x00, 0x00, 0x03, 0xff, 0xff, 0xf0, 0x00, 0xff, 0xff, 0xf3, 0x00, 0x00, 0x03, 0xff, 0xff, 0xf0, 0x00, 0xff, 0xff, 0xf3, 0x00, 0x00, 0x03, 0xff,
  0xff, 0xf0, 0x00, 0xff, 0xff, 0xf3, 0x00, 0x00, 0x03, 0xff, 0xff, 0xf0, 0x00, 0xff, 0xff, 0xf3, 0x00, 0x00, 0x03, 0xff, 0xff, 0xf0, 0x00, 0x00,
  0x01, 0x7c, 0xef, 0xfc, 0x82, 0x00, 0x00, 0x00, 0x00, 0x00, 0x6f, 0xff, 0xff, 0xff, 0xff, 0x90, 0x00, 0x00, 0x00, 0x0a, 0xff, 0xff, 0xff, 0xff,
  0xff, 0xfd, 0x00, 0x00, 0x00, 0x7f, 0xff, 0xff, 0xff, 0xff, 0xff, 0xff, 0xa0, 0x00, 0x01, 0xff, 0xff, 0xff, 0xa7, 0x9f, 0xff, 0xff, 0xf4, 0x00,
  0x08, 0xff, 0xff, 0xf3, 0x00, 0x02, 0xef, 0xff, 0xfb, 0x00, 0x0c, 0xff, 0xff, 0x90, 0x00, 0x00, 0x6f, 0xff, 0xff, 0x00, 0x0f, 0xff, 0xff, 0x50,
  0x00, 0x00, 0x2f, 0xff, 0xff, 0x20, 0x0f, 0xff, 0xff, 0x40, 0x00, 0x00, 0x0f, 0xff, 0xff, 0x30, 0x0f, 0xff, 0xff, 0x50, 0x00, 0x00, 0x1f, 0xff,
  0xff, 0x20, 0x0c, 0xff, 0xff, 0x90, 0x00, 0x00, 0x6f, 0xff, 0xff, 0x00, 0x08, 0xff, 0xff, 0xf3, 0x00, 0x02, 0xef, 0xff, 0xfb, 0x00, 0x02, 0xff,
  0xff, 0xff, 0xa7, 0x9f, 0xff, 0xff, 0xf5, 0x00, 0x00, 0x8f, 0xff, 0xff, 0xff, 0xff, 0xff, 0xff, 0xa0, 0x00, 0x00, 0x0b, 0xff, 0xff, 0xff, 0xff,
  0xff, 0xfd, 0x00, 0x00, 0x00, 0x00, 0x7f, 0xff, 0xff, 0xff, 0xff, 0x90, 0x00, 0x00, 0x00, 0x00, 0x02, 0x8c, 0xef, 0xfc, 0x82, 0x00, 0x00, 0x00,
  0x00, 0xff, 0xff, 0xf3, 0x05, 0xbe, 0xfe, 0xb5, 0x00, 0x00, 0x00, 0xff, 0xff, 0xf4, 0xbf, 0xff, 0xff, 0xff, 0xc1, 0x00, 0x00, 0xff, 0xff, 0xfe,
  0xff, 0xff, 0xff, 0xff, 0xfd, 0x10, 0x00, 0xff, 0xff, 0xff, 0xff, 0xff, 0xff, 0xff, 0xff, 0xa0, 0x00, 0xff, 0xff, 0xff, 0xfc, 0x77, 0xcf, 0xff,
  0xff, 0xf2, 0x00, 0xff, 0xff, 0xff, 0x60, 0x00, 0x06, 0xff, 0xff, 0xf8, 0x00, 0xff, 0xff, 0xfa, 0x00, 0x00, 0x00, 0xaf, 0xff, 0xfc, 0x00, 0xff,
  0xff, 0xf5, 0x00, 0x00, 0x00, 0x5f, 0xff, 0xfe, 0x00, 0xff, 0xff, 0xf3, 0x00, 0x00, 0x00, 0x3f, 0xff, 0xff, 0x00, 0xff, 0xff, 0xf5, 0x00, 0x00,
  0x00, 0x5f, 0xff, 0xfe, 0x00, 0xff, 0xff, 0xfa, 0x00, 0x00, 0x00, 0xaf, 0xff, 0xfc, 0x00, 0xff, 0xff, 0xff, 0x60, 0x00, 0x06, 0xff, 0xff, 0xf8,
  0x00, 0xff, 0xff, 0xff, 0xfb, 0x77, 0xcf, 0xff, 0xff, 0xf2, 0x00, 0xff, 0xff, 0xff, 0xff, 0xff, 0xff, 0xff, 0xff, 0xa0, 0x00, 0xff, 0xff, 0xfd,
  0xff, 0xff, 0xff, 0xff, 0xfd, 0x10, 0x00, 0xff, 0xff, 0xf4, 0xbf, 0xff, 0xff, 0xff, 0xc1, 0x00, 0x00, 0xff, 0xff, 0xf3, 0x05, 0xbe, 0xfe, 0xb5,
  0x00, 0x00, 0x00, 0xff, 0xff, 0xf3, 0x00, 0x00, 0x00, 0x00, 0x00, 0x00, 0x00, 0xff, 0xff, 0xf3, 0x00, 0x00, 0x00, 0x00, 0x00, 0x00, 0x00, 0xff,
  0xff, 0xf3, 0x00, 0x00, 0x00, 0x00, 0x00, 0x00, 0x00, 0xff, 0xff, 0xf3, 0x00, 0x00, 0x00, 0x00, 0x00, 0x00, 0x00, 0xff, 0xff, 0xf3, 0x00, 0x00,
  0x00, 0x00, 0x00, 0x00, 0x00, 0xff, 0xff, 0xf3, 0x00, 0x00, 0x00, 0x00, 0x00, 0x00, 0x00, 0xff, 0xff, 0xf3, 0x00, 0x00, 0x00, 0x00, 0x00, 0x00,
  0x00, 0xff, 0xff, 0xf3, 0x00, 0x00, 0x00, 0x00, 0x00, 0x00, 0x00, 0x00, 0x03, 0xad, 0xfe, 0xc8, 0x13, 0xff, 0xff, 0xf0, 0x00, 0x00, 0x9f, 0xff,
  0xff, 0xff, 0xe7, 0xff, 0xff, 0xf0, 0x00, 0x0b, 0xff, 0xff, 0xff, 0xff, 0xff, 0xff, 0xff, 0xf0, 0x00, 0x8f, 0xff, 0xff, 0xff, 0xff, 0xff, 0xff,
  0xff, 0xf0, 0x02, 0xff, 0xff, 0xff, 0xc8, 0x7c, 0xff, 0xff, 0xff, 0xf0, 0x08, 0xff, 0xff, 0xf6, 0x00, 0x00, 0x6f, 0xff, 0xff, 0xf0, 0x0c, 0xff,
  0xff, 0xa0, 0x00, 0x00, 0x0a, 0xff, 0xff, 0xf0, 0x0f, 0xff, 0xff, 0x50, 0x00, 0x00, 0x05, 0xff, 0xff, 0xf0, 0x0f, 0xff, 0xff, 0x30, 0x00, 0x00,
  0x03, 0xff, 0xff, 0xf0, 0x0f, 0xff, 0xff, 0x50, 0x00, 0x00, 0x05, 0xff, 0xff, 0xf0, 0x0c, 0xff, 0xff, 0xa0, 0x00, 0x00, 0x0a, 0xff, 0xff, 0xf0,
  0x08, 0xff, 0xff, 0xf6, 0x00, 0x00, 0x6f, 0xff, 0xff, 0xf0, 0x02, 0xff, 0xff, 0xff, 0xc7, 0x7c, 0xff, 0xff, 0xff, 0xf0, 0x00, 0x8f, 0xff, 0xff,
  0xff, 0xff, 0xff, 0xff, 0xff, 0xf0, 0x00, 0x0c, 0xff, 0xff, 0xff, 0xff, 0xff, 0xff, 0xff, 0xf0, 0x00, 0x00, 0xaf, 0xff, 0xff, 0xff, 0xc5, 0xff,
  0xff, 0xf0, 0x00, 0x00, 0x04, 0xae, 0xfe, 0xc6, 0x03, 0xff, 0xff, 0xf0, 0x00, 0x00, 0x00, 0x00, 0x00, 0x00, 0x03, 0xff, 0xff, 0xf0, 0x00, 0x00,
  0x00, 0x00, 0x00, 0x00, 0x03, 0xff, 0xff, 0xf0, 0x00, 0x00, 0x00, 0x00, 0x00, 0x00, 0x03, 0xff, 0xff, 0xf0, 0x00, 0x00, 0x00, 0x00, 0x00, 0x00,
  0x03, 0xff, 0xff, 0xf0, 0x00, 0x00, 0x00, 0x00, 0x00, 0x00, 0x03, 0xff, 0xff, 0xf0, 0x00, 0x00, 0x00, 0x00, 0x00, 0x00, 0x03, 0xff, 0xff, 0xf0,
  0x00, 0x00, 0x00, 0x00, 0x00, 0x00, 0x03, 0xff, 0xff, 0xf0, 0x00, 0x00, 0x00, 0x00, 0x00, 0x00, 0x03, 0xff, 0xff, 0xf0, 0x00, 0xff, 0xff, 0xf3,
  0x03, 0xae, 0x70, 0x00, 0xff, 0xff, 0xf3, 0x9f, 0xff, 0x80, 0x00, 0xff, 0xff, 0xfc, 0xff, 0xff, 0x80, 0x00, 0xff, 0xff, 0xff, 0xff, 0xff, 0x80,
  0x00, 0xff, 0xff, 0xff, 0xff, 0xff, 0x80, 0x00, 0xff, 0xff, 0xff, 0xb3, 0x10, 0x00, 0x00, 0xff, 0xff, 0xfb, 0x00, 0x00, 0x00, 0x00, 0xff, 0xff,
  0xf5, 0x00, 0x00, 0x00, 0x00, 0xff, 0xff, 0xf3, 0x00, 0x00, 0x00, 0x00, 0xff, 0xff, 0xf3, 0x00, 0x00, 0x00, 0x00, 0xff, 0xff, 0xf3, 0x00, 0x00,
  0x00, 0x00, 0xff, 0xff, 0xf3, 0x00, 0x00, 0x00, 0x00, 0xff, 0xff, 0xf3, 0x00, 0x00, 0x00, 0x00, 0xff, 0xff, 0xf3, 0x00, 0x00, 0x00, 0x00, 0xff,
  0xff, 0xf3, 0x00, 0x00, 0x00, 0x00, 0xff, 0xff, 0xf3, 0x00, 0x00, 0x00, 0x00, 0xff, 0xff, 0xf3, 0x00, 0x00, 0x00, 0x00, 0x00, 0x6b, 0xef, 0xfe,
  0xa5, 0x00, 0x00, 0x00, 0x00, 0x3e, 0xff, 0xff, 0xff, 0xff, 0xc1, 0x00, 0x00, 0x02, 0xff, 0xff, 0xff, 0xff, 0xff, 0xfd, 0x00, 0x00, 0x0a, 0xff,
  0xff, 0xff, 0xff, 0xff, 0xff, 0x80, 0x00, 0x0e, 0xff, 0xff, 0x90, 0x1b, 0xff, 0xff, 0xe0, 0x00, 0x0e, 0xff, 0xff, 0x50, 0x01, 0xcc, 0xcc, 0xc1,
  0x00, 0x0b, 0xff, 0xff, 0xe7, 0x30, 0x00, 0x00, 0x00, 0x00, 0x03, 0xff, 0xff, 0xff, 0xfe, 0xa5, 0x00, 0x00, 0x00, 0x00, 0x4d, 0xff, 0xff, 0xff,
  0xff, 0xe5, 0x00, 0x00, 0x00, 0x00, 0x49, 0xdf, 0xff, 0xff, 0xff, 0x60, 0x00, 0x00, 0x00, 0x00, 0x01, 0x6d, 0xff, 0xff, 0xe0, 0x00, 0x6d, 0xdd,
  0xdd, 0x00, 0x01, 0xff, 0xff, 0xf2, 0x00, 0x3f, 0xff, 0xff, 0xa2, 0x06, 0xff, 0xff, 0xf2, 0x00, 0x0c, 0xff, 0xff, 0xff, 0xff, 0xff, 0xff, 0xe0,
  0x00, 0x02, 0xef, 0xff, 0xff, 0xff, 0xff, 0xff, 0x60, 0x00, 0x00, 0x2c, 0xff, 0xff, 0xff, 0xff, 0xf7, 0x00, 0x00, 0x00, 0x00, 0x49, 0xde, 0xfe,
  0xc8, 0x10, 0x00, 0x00, 0x00, 0x0f, 0xff, 0xff, 0x30, 0x00, 0x00, 0x0f, 0xff, 0xff, 0x30, 0x00, 0x00, 0x0f, 0xff, 0xff, 0x30, 0x00, 0x00, 0x0f,
  0xff, 0xff, 0x30, 0x00, 0x0f, 0xff, 0xff, 0xff, 0xff, 0xff, 0x0f, 0xff, 0xff, 0xff, 0xff, 0xff, 0x0f, 0xff, 0xff, 0xff, 0xff, 0xff, 0x0f, 0xff,
  0xff, 0xff, 0xff, 0xff, 0x07, 0x7f, 0xff, 0xff, 0x87, 0x77, 0x00, 0x0f, 0xff, 0xff, 0x30, 0x00, 0x00, 0x0f, 0xff, 0xff, 0x30, 0x00, 0x00, 0x0f,
  0xff, 0xff, 0x30, 0x00, 0x00, 0x0f, 0xff, 0xff, 0x30, 0x00, 0x00, 0x0f, 0xff, 0xff, 0x30, 0x00, 0x00, 0x0f, 0xff, 0xff, 0x30, 0x00, 0x00, 0x0f,
  0xff, 0xff, 0x40, 0x00, 0x00, 0x0e, 0xff, 0xff, 0xd7, 0x77, 0x00, 0x0a, 0xff, 0xff, 0xff, 0xff, 0x00, 0x03, 0xff, 0xff, 0xff, 0xff, 0x00, 0x00,
  0x7f, 0xff, 0xff, 0xff, 0x00, 0x00, 0x02, 0x9d, 0xff, 0xff, 0x00, 0xff, 0xff, 0xf3, 0x00, 0x00, 0x03, 0xff, 0xff, 0xf0, 0x00, 0xff, 0xff, 0xf3,
  0x00, 0x00, 0x03, 0xff, 0xff, 0xf0, 0x00, 0xff, 0xff, 0xf3, 0x00, 0x00, 0x03, 0xff, 0xff, 0xf0, 0x00, 0xff, 0xff, 0xf3, 0x00, 0x00, 0x03, 0xff,
  0xff, 0xf0, 0x00, 0xff, 0xff, 0xf3, 0x00, 0x00, 0x03, 0xff, 0xff, 0xf0, 0x00, 0xff, 0xff, 0xf3, 0x00, 0x00, 0x03, 0xff, 0xff, 0xf0, 0x00, 0xff,
  0xff, 0xf3, 0x00, 0x00, 0x03, 0xff, 0xff, 0xf0, 0x00, 0xff, 0xff, 0xf3, 0x00, 0x00, 0x03, 0xff, 0xff, 0xf0, 0x00, 0xff, 0xff, 0xf3, 0x00, 0x00,
  0x03, 0xff, 0xff, 0xf0, 0x00, 0xff, 0xff, 0xf4, 0x00, 0x00, 0x04, 0xff, 0xff, 0xf0, 0x00, 0xef, 0xff, 0xf7, 0x00, 0x00, 0x07, 0xff, 0xff, 0xf0,
  0x00, 0xdf, 0xff, 0xfe, 0x20, 0x00, 0x2e, 0xff, 0xff, 0xf0, 0x00, 0x9f, 0xff, 0xff, 0xf9, 0x79, 0xff, 0xff, 0xff, 0xf0, 0x00, 0x3f, 0xff, 0xff,
  0xff, 0xff, 0xff, 0xff, 0xff, 0xf0, 0x00, 0x09, 0xff, 0xff, 0xff, 0xff, 0xfe, 0xff, 0xff, 0xf0, 0x00, 0x00, 0x9f, 0xff, 0xff, 0xff, 0xb4, 0xff,
  0xff, 0xf0, 0x00, 0x00, 0x04, 0xad, 0xfe, 0xb5, 0x03, 0xff, 0xff, 0xf0, 0x9f, 0xff, 0xfe, 0x00, 0x00, 0x00, 0x2f, 0xff, 0xff, 0x40, 0x3f, 0xff,
  0xff, 0x30, 0x00, 0x00, 0x7f, 0xff, 0xfe, 0x00, 0x0d, 0xff, 0xff, 0x80, 0x00, 0x00, 0xbf, 0xff, 0xf9, 0x00, 0x08, 0xff, 0xff, 0xd0, 0x00, 0x01,
  0xff, 0xff, 0xf4, 0x00, 0x02, 0xff, 0xff, 0xf2, 0x00, 0x05, 0xff, 0xff, 0xe0, 0x00, 0x00, 0xdf, 0xff, 0xf6, 0x00, 0x0a, 0xff, 0xff, 0x80, 0x00,
  0x00, 0x7f, 0xff, 0xfb, 0x00, 0x0e, 0xff, 0xff, 0x30, 0x00, 0x00, 0x1f, 0xff, 0xff, 0x00, 0x4f, 0xff, 0xfd, 0x00, 0x00, 0x00, 0x0c, 0xff, 0xff,
  0x50, 0x9f, 0xff, 0xf8, 0x00, 0x00, 0x00, 0x06, 0xff, 0xff, 0xa0, 0xdf, 0xff, 0xf2, 0x00, 0x00, 0x00, 0x01, 0xff, 0xff, 0xe3, 0xff, 0xff, 0xd0,
  0x00, 0x00, 0x00, 0x00, 0xbf, 0xff, 0xfb, 0xff, 0xff, 0x70, 0x00, 0x00, 0x00, 0x00, 0x5f, 0xff, 0xff, 0xff, 0xff, 0x10, 0x00, 0x00, 0x00, 0x00,
  0x0f, 0xff, 0xff, 0xff, 0xfc, 0x00, 0x00, 0x00, 0x00, 0x00, 0x0a, 0xff, 0xff, 0xff, 0xf6, 0x00, 0x00, 0x00, 0x00, 0x00, 0x05, 0xff, 0xff, 0xff,
  0xf1, 0x00, 0x00, 0x00, 0x00, 0x00, 0x00, 0xff, 0xff, 0xff, 0xb0, 0x00, 0x00, 0x00, 0xbf, 0xff, 0xf5, 0x00, 0x00, 0xaf, 0xff, 0xff, 0x00, 0x00,
  0x0f, 0xff, 0xfc, 0x7f, 0xff, 0xf8, 0x00, 0x00, 0xef, 0xff, 0xff, 0x30, 0x00, 0x3f, 0xff, 0xf7, 0x3f, 0xff, 0xfb, 0x00, 0x02, 0xff, 0xff, 0xff,
  0x70, 0x00, 0x6f, 0xff, 0xf3, 0x0e, 0xff, 0xfe, 0x00, 0x05, 0xff, 0xff, 0xff, 0xb0, 0x00, 0x9f, 0xff, 0xf0, 0x0a, 0xff, 0xff, 0x20, 0x09, 0xff,
  0xff, 0xff, 0xe0, 0x00, 0xdf, 0xff, 0xb0, 0x06, 0xff, 0xff, 0x50, 0x0d, 0xff, 0xff, 0xff, 0xf2, 0x00, 0xff, 0xff, 0x60, 0x02, 0xff, 0xff, 0x80,
  0x1f, 0xff, 0xed, 0xff, 0xf6, 0x03, 0xff, 0xff, 0x20, 0x00, 0xdf, 0xff, 0xb0, 0x4f, 0xff, 0xa9, 0xff, 0xfa, 0x06, 0xff, 0xfe, 0x00, 0x00, 0x9f,
  0xff, 0xe0, 0x8f, 0xff, 0x65, 0xff, 0xfd, 0x09, 0xff, 0xf9, 0x00, 0x00, 0x5f, 0xff, 0xf1, 0xcf, 0xff, 0x21, 0xff, 0xff, 0x1c, 0xff, 0xf5, 0x00,
  0x00, 0x1f, 0xff, 0xf5, 0xff, 0xfe, 0x00, 0xdf, 0xff, 0x5f, 0xff, 0xf1, 0x00, 0x00, 0x0c, 0xff, 0xfb, 0xff, 0xfa, 0x00, 0xaf, 0xff, 0xbf, 0xff,
  0xd0, 0x00, 0x00, 0x08, 0xff, 0xff, 0xff, 0xf6, 0x00, 0x6f, 0xff, 0xff, 0xff, 0x80, 0x00, 0x00, 0x04, 0xff, 0xff, 0xff, 0xf2, 0x00, 0x2f, 0xff,
  0xff, 0xff, 0x40, 0x00, 0x00, 0x00, 0xff, 0xff, 0xff, 0xe0, 0x00, 0x0e, 0xff, 0xff, 0xff, 0x00, 0x00, 0x00, 0x00, 0xbf, 0xff, 0xff, 0xa0, 0x00,
  0x0a, 0xff, 0xff, 0xfc, 0x00, 0x00, 0x00, 0x00, 0x7f, 0xff, 0xff, 0x60, 0x00, 0x06, 0xff, 0xff, 0xf7, 0x00, 0x00, 0x8f, 0xff, 0xff, 0x40, 0x00,
  0x07, 0xff, 0xff, 0xf1, 0x0c, 0xff, 0xff, 0xe0, 0x00, 0x1f, 0xff, 0xff, 0x60, 0x02, 0xff, 0xff, 0xf9, 0x00, 0x9f, 0xff, 0xfb, 0x00, 0x00, 0x7f,
  0xff, 0xff, 0x43, 0xff, 0xff, 0xf2, 0x00, 0x00, 0x0c, 0xff, 0xff, 0xec, 0xff, 0xff, 0x60, 0x00, 0x00, 0x02, 0xff, 0xff, 0xff, 0xff, 0xfc, 0x00,
  0x00, 0x00, 0x00, 0x6f, 0xff, 0xff, 0xff, 0xf2, 0x00, 0x00, 0x00, 0x00, 0x0b, 0xff, 0xff, 0xff, 0x70, 0x00, 0x00, 0x00, 0x00, 0x05, 0xff, 0xff,
  0xfe, 0x00, 0x00, 0x00, 0x00, 0x00, 0x0e, 0xff, 0xff, 0xff, 0x60, 0x00, 0x00, 0x00, 0x00, 0x9f, 0xff, 0xff, 0xff, 0xf2, 0x00, 0x00, 0x00, 0x03,
  0xff, 0xff, 0xff, 0xff, 0xfc, 0x00, 0x00, 0x00, 0x0d, 0xff, 0xff, 0xaf, 0xff, 0xff, 0x70, 0x00, 0x00, 0x7f, 0xff, 0xfd, 0x09, 0xff, 0xff, 0xf2,
  0x00, 0x02, 0xff, 0xff, 0xf4, 0x00, 0xef, 0xff, 0xfc, 0x00, 0x0b, 0xff, 0xff, 0xb0, 0x00, 0x4f, 0xff, 0xff, 0x70, 0x6f, 0xff, 0xff, 0x20, 0x00,
  0x09, 0xff, 0xff, 0xf3, 0x0d, 0xff, 0xff, 0xe0, 0x00, 0x00, 0x00, 0xcf, 0xff, 0xfb, 0x06, 0xff, 0xff, 0xf3, 0x00, 0x00, 0x02, 0xff, 0xff, 0xf5,
  0x00, 0xff, 0xff, 0xf9, 0x00, 0x00, 0x08, 0xff, 0xff, 0xe0, 0x00, 0x9f, 0xff, 0xff, 0x00, 0x00, 0x0d, 0xff, 0xff, 0x70, 0x00, 0x2f, 0xff, 0xff,
  0x50, 0x00, 0x3f, 0xff, 0xff, 0x10, 0x00, 0x0b, 0xff, 0xff, 0xb0, 0x00, 0x9f, 0xff, 0xfa, 0x00, 0x00, 0x05, 0xff, 0xff, 0xf1, 0x00, 0xef, 0xff,
  0xf3, 0x00, 0x00, 0x00, 0xef, 0xff, 0xf6, 0x05, 0xff, 0xff, 0xc0, 0x00, 0x00, 0x00, 0x7f, 0xff, 0xfc, 0x0a, 0xff, 0xff, 0x60, 0x00, 0x00, 0x00,
  0x1f, 0xff, 0xff, 0x3f, 0xff, 0xfe, 0x00, 0x00, 0x00, 0x00, 0x0a, 0xff, 0xff, 0xdf, 0xff, 0xf8, 0x00, 0x00, 0x00, 0x00, 0x03, 0xff, 0xff, 0xff,
  0xff, 0xf2, 0x00, 0x00, 0x00, 0x00, 0x00, 0xdf, 0xff, 0xff, 0xff, 0xb0, 0x00, 0x00, 0x00, 0x00, 0x00, 0x6f, 0xff, 0xff, 0xff, 0x40, 0x00, 0x00,
  0x00, 0x00, 0x00, 0x0f, 0xff, 0xff, 0xfd, 0x00, 0x00, 0x00, 0x00, 0x00, 0x00, 0x09, 0xff, 0xff, 0xf7, 0x00, 0x00, 0x00, 0x00, 0x00, 0x00, 0x05,
  0xff, 0xff, 0xf1, 0x00, 0x00, 0x00, 0x00, 0x00, 0x00, 0x0b, 0xff, 0xff, 0x90, 0x00, 0x00, 0x00, 0x00, 0x00, 0x00, 0x2f, 0xff, 0xff, 0x20, 0x00,
  0x00, 0x00, 0x00, 0x00, 0x00, 0x9f, 0xff, 0xfc, 0x00, 0x00, 0x00, 0x00, 0x00, 0x00, 0x01, 0xff, 0xff, 0xf5, 0x00, 0x00, 0x00, 0x00, 0x00, 0x00,
  0x08, 0xff, 0xff, 0xe0, 0x00, 0x00, 0x00, 0x00, 0x00, 0x00, 0x0e, 0xff, 0xff, 0x80, 0x00, 0x00, 0x00, 0x00, 0x00, 0x00, 0x6f, 0xff, 0xff, 0x10,
  0x00, 0x00, 0x00, 0x00, 0x00, 0x00, 0xdf, 0xff, 0xfa, 0x00, 0x00, 0x00, 0x00, 0x00, 0x0f, 0xff, 0xff, 0xff, 0xff, 0xff, 0xff, 0x00, 0x0f, 0xff,
  0xff, 0xff, 0xff, 0xff, 0xff, 0x00, 0x0f, 0xff, 0xff, 0xff, 0xff, 0xff, 0xff, 0x00, 0x0f, 0xff, 0xff, 0xff, 0xff, 0xff, 0xff, 0x00, 0x07, 0x77,
  0x77, 0x79, 0xff, 0xff, 0xfc, 0x00, 0x00, 0x00, 0x00, 0x1d, 0xff, 0xff, 0xd1, 0x00, 0x00, 0x00, 0x00, 0xbf, 0xff, 0xfe, 0x20, 0x00, 0x00, 0x00,
  0x09, 0xff, 0xff, 0xf3, 0x00, 0x00, 0x00, 0x00, 0x7f, 0xff, 0xff, 0x40, 0x00, 0x00, 0x00, 0x04, 0xff, 0xff, 0xf6, 0x00, 0x00, 0x00, 0x00, 0x2f,
  0xff, 0xff, 0x80, 0x00, 0x00, 0x00, 0x01, 0xef, 0xff, 0xfa, 0x00, 0x00, 0x00, 0x00, 0x0c, 0xff, 0xff, 0xf7, 0x77, 0x77, 0x77, 0x00, 0x0f, 0xff,
  0xff, 0xff, 0xff, 0xff, 0xff, 0x00, 0x0f, 0xff, 0xff, 0xff, 0xff, 0xff, 0xff, 0x00, 0x0f, 0xff, 0xff, 0xff, 0xff, 0xff, 0xff, 0x00, 0x0f, 0xff,
  0xff, 0xff, 0xff, 0xff, 0xff, 0x00, 0x00, 0x00, 0x00, 0x03, 0xae, 0xff, 0xf0, 0x00, 0x00, 0x00, 0x00, 0x6f, 0xff, 0xff, 0xf0, 0x00, 0x00, 0x00,
  0x03, 0xff, 0xff, 0xff, 0xf0, 0x00, 0x00, 0x00, 0x0b, 0xff, 0xff, 0xff, 0xf0, 0x00, 0x00, 0x00, 0x0e, 0xff, 0xff, 0xe7, 0x70, 0x00, 0x00, 0x00,
  0x0f, 0xff, 0xff, 0x50, 0x00, 0x00, 0x00, 0x00, 0x0e, 0xff, 0xff, 0x30, 0x00, 0x00, 0x00, 0x00, 0x0c, 0xff, 0xff, 0x60, 0x00, 0x00, 0x00, 0x00,
  0x0a, 0xff, 0xff, 0x80, 0x00, 0x00, 0x00, 0x00, 0x07, 0xff, 0xff, 0xb0, 0x00, 0x00, 0x00, 0x00, 0x04, 0xff, 0xff, 0xe0, 0x00, 0x00, 0x00, 0x00,
  0x01, 0xff, 0xff, 0xf1, 0x00, 0x00, 0x00, 0x00, 0x00, 0xff, 0xff, 0xf2, 0x00, 0x00, 0x00, 0x00, 0x02, 0xff, 0xff, 0xf2, 0x00, 0x00, 0x00, 0x00,
  0x3c, 0xff, 0xff, 0xf0, 0x00, 0x00, 0x00, 0x0f, 0xff, 0xff, 0xff, 0x70, 0x00, 0x00, 0x00, 0x0f, 0xff, 0xff, 0xe6, 0x00, 0x00, 0x00, 0x00, 0x0f,
  0xff, 0xfe, 0x71, 0x00, 0x00, 0x00, 0x00, 0x0f, 0xff, 0xff, 0xfe, 0x30, 0x00, 0x00, 0x00, 0x07, 0xbf, 0xff, 0xff, 0xc0, 0x00, 0x00, 0x00, 0x00,
  0x06, 0xff, 0xff, 0xf1, 0x00, 0x00, 0x00, 0x00, 0x00, 0xff, 0xff, 0xf3, 0x00, 0x00, 0x00, 0x00, 0x01, 0xff, 0xff, 0xf1, 0x00, 0x00, 0x00, 0x00,
  0x03, 0xff, 0xff, 0xf0, 0x00, 0x00, 0x00, 0x00, 0x06, 0xff, 0xff, 0xc0, 0x00, 0x00, 0x00, 0x00, 0x09, 0xff, 0xff, 0x90, 0x00, 0x00, 0x00, 0x00,
  0x0c, 0xff, 0xff, 0x60, 0x00, 0x00, 0x00, 0x00, 0x0e, 0xff, 0xff, 0x40, 0x00, 0x00, 0x00, 0x00, 0x0f, 0xff, 0xff, 0x50, 0x00, 0x00, 0x00, 0x00,
  0x0e, 0xff, 0xff, 0xe7, 0x70, 0x00, 0x00, 0x00, 0x0b, 0xff, 0xff, 0xff, 0xf0, 0x00, 0x00, 0x00, 0x04, 0xff, 0xff, 0xff, 0xf0, 0x00, 0x00, 0x00,
  0x00, 0x7f, 0xff, 0xff, 0xf0, 0x00, 0x00, 0x00, 0x00, 0x03, 0xae, 0xff, 0xf0, 0x00, 0x00, 0xff, 0xff, 0xf3, 0x00, 0x00, 0xff, 0xff, 0xf3, 0x00,
  0x00, 0xff, 0xff, 0xf3, 0x00, 0x00, 0xff, 0xff, 0xf3, 0x00, 0x00, 0xff, 0xff, 0xf3, 0x00, 0x00, 0xff, 0xff, 0xf3, 0x00, 0x00, 0xff, 0xff, 0xf3,
  0x00, 0x00, 0xff, 0xff, 0xf3, 0x00, 0x00, 0xff, 0xff, 0xf3, 0x00, 0x00, 0xff, 0xff, 0xf3, 0x00, 0x00, 0xff, 0xff, 0xf3, 0x00, 0x00, 0xff, 0xff,
  0xf3, 0x00, 0x00, 0xff, 0xff, 0xf3, 0x00, 0x00, 0xff, 0xff, 0xf3, 0x00, 0x00, 0xff, 0xff, 0xf3, 0x00, 0x00, 0xff, 0xff, 0xf3, 0x00, 0x00, 0xff,
  0xff, 0xf3, 0x00, 0x00, 0xff, 0xff, 0xf3, 0x00, 0x00, 0xff, 0xff, 0xf3, 0x00, 0x00, 0xff, 0xff, 0xf3, 0x00, 0x00, 0xff, 0xff, 0xf3, 0x00, 0x00,
  0xff, 0xff, 0xf3, 0x00, 0x00, 0xff, 0xff, 0xf3, 0x00, 0x00, 0xff, 0xff, 0xf3, 0x00, 0x00, 0xff, 0xff, 0xf3, 0x00, 0x00, 0xff, 0xff, 0xf3, 0x00,
  0x00, 0xff, 0xff, 0xf3, 0x00, 0x00, 0xff, 0xff, 0xf3, 0x00, 0x00, 0x8f, 0xfe, 0xb4, 0x00, 0x00, 0x00, 0x00, 0x00, 0x8f, 0xff, 0xff, 0x80, 0x00,
  0x00, 0x00, 0x00, 0x8f, 0xff, 0xff, 0xf4, 0x00, 0x00, 0x00, 0x00, 0x8f, 0xff, 0xff, 0xfb, 0x00, 0x00, 0x00, 0x00, 0x37, 0xcf, 0xff, 0xfe, 0x00,
  0x00, 0x00, 0x00, 0x00, 0x1f, 0xff, 0xff, 0x00, 0x00, 0x00, 0x00, 0x00, 0x0f, 0xff, 0xff, 0x00, 0x00, 0x00, 0x00, 0x00, 0x0f, 0xff, 0xff, 0x00,
  0x00, 0x00, 0x00, 0x00, 0x0f, 0xff, 0xff, 0x10, 0x00, 0x00, 0x00, 0x00, 0x0f, 0xff, 0xff, 0x10, 0x00, 0x00, 0x00, 0x00, 0x0f, 0xff, 0xff, 0x20,
  0x00, 0x00, 0x00, 0x00, 0x0f, 0xff, 0xff, 0x30, 0x00, 0x00, 0x00, 0x00, 0x0f, 0xff, 0xff, 0x30, 0x00, 0x00, 0x00, 0x00, 0x0f, 0xff, 0xff, 0x50,
  0x00, 0x00, 0x00, 0x00, 0x0c, 0xff, 0xff, 0xd3, 0x00, 0x00, 0x00, 0x00, 0x05, 0xff, 0xff, 0xff, 0x80, 0x00, 0x00, 0x00, 0x00, 0x6e, 0xff, 0xff,
  0x80, 0x00, 0x00, 0x00, 0x00, 0x17, 0xff, 0xff, 0x80, 0x00, 0x00, 0x00, 0x01, 0xdf, 0xff, 0xff, 0x80, 0x00, 0x00, 0x00, 0x0a, 0xff, 0xff, 0xfa,
  0x30, 0x00, 0x00, 0x00, 0x0e, 0xff, 0xff, 0x80, 0x00, 0x00, 0x00, 0x00, 0x0f, 0xff, 0xff, 0x30, 0x00, 0x00, 0x00, 0x00, 0x0f, 0xff, 0xff, 0x30,
  0x00, 0x00, 0x00, 0x00, 0x0f, 0xff, 0xff, 0x20, 0x00, 0x00, 0x00, 0x00, 0x0f, 0xff, 0xff, 0x10, 0x00, 0x00, 0x00, 0x00, 0x0f, 0xff, 0xff, 0x10,
  0x00, 0x00, 0x00, 0x00, 0x0f, 0xff, 0xff, 0x00, 0x00, 0x00, 0x00, 0x00, 0x0f, 0xff, 0xff, 0x00, 0x00, 0x00, 0x00, 0x00, 0x1f, 0xff, 0xff, 0x00,
  0x00, 0x00, 0x00, 0x37, 0xcf, 0xff, 0xfe, 0x00, 0x00, 0x00, 0x00, 0x8f, 0xff, 0xff, 0xfb, 0x00, 0x00, 0x00, 0x00, 0x8f, 0xff, 0xff, 0xf5, 0x00,
  0x00, 0x00, 0x00, 0x8f, 0xff, 0xff, 0x90, 0x00, 0x00, 0x00, 0x00, 0x8f, 0xfe, 0xb4, 0x00, 0x00, 0x00, 0x00, 0x00, 0x00, 0x04, 0x65, 0x20, 0x00,
  0x00, 0x47, 0x77, 0x10, 0x00, 0x05, 0xef, 0xff, 0xfb, 0x20, 0x00, 0xdf, 0xff, 0x10, 0x00, 0x5f, 0xff, 0xff, 0xff, 0xfa, 0x7b, 0xff, 0xfc, 0x00,
  0x01, 0xff, 0xff, 0xff, 0xff, 0xff, 0xff, 0xff, 0xf6, 0x00, 0x07, 0xff, 0xff, 0xff, 0xff, 0xff, 0xff, 0xff, 0xd0, 0x00, 0x0d, 0xff, 0xf5, 0x03,
  0xbf, 0xff, 0xff, 0xfe, 0x20, 0x00, 0x0f, 0xff, 0xb0, 0x00, 0x03, 0xae, 0xfd, 0x81, 0x00, 0x00, 0x00, 0x00, 0x00, 0x00, 0x00, 0x00, 0x00, 0x00,
  0x00, 0x00, 0x00, 0x00, 0x00, 0x00, 0x00, 0x00, 0x00, 0x00, 0x00, 0x00, 0x00, 0x00, 0x00, 0x00, 0x00, 0x00, 0x00, 0x00, 0x00, 0x00, 0x00, 0x00,
  0x00, 0x00, 0x00, 0x00, 0x00, 0x00, 0x00, 0x00, 0x00, 0x00, 0x00, 0x00, 0x00, 0x00, 0x00, 0x00, 0x00, 0x00, 0x00, 0x00, 0x00, 0x00, 0x00, 0x00,
  0x00, 0x00, 0x00, 0x00, 0x00, 0x00, 0x02, 0x8c, 0xff, 0xec, 0x82, 0x00, 0x00, 0x00, 0x00, 0x7f, 0xff, 0xff, 0xff, 0xff, 0x80, 0x00, 0x00, 0x0b,
  0xff, 0xff, 0xff, 0xff, 0xff, 0xfa, 0x00, 0x00, 0x7f, 0xff, 0xff, 0xff, 0xff, 0xff, 0xff, 0x70, 0x01, 0xff, 0xff, 0xff, 0x97, 0xbf, 0xff, 0xff,
  0xe0, 0x08, 0xff, 0xff, 0xf2, 0x00, 0x09, 0xff, 0xff, 0xf6, 0x0c, 0xff, 0xff, 0x90, 0x00, 0x01, 0x66, 0x66, 0x63, 0x0e, 0xff, 0xff, 0x50, 0x00,
  0x00, 0x00, 0x00, 0x00, 0x0f, 0xff, 0xff, 0x40, 0x00, 0x00, 0x00, 0x00, 0x00, 0x0f, 0xff, 0xff, 0x40, 0x00, 0x00, 0x00, 0x00, 0x00, 0x0d, 0xff,
  0xff, 0x70, 0x00, 0x00, 0x00, 0x00, 0x00, 0x0a, 0xff, 0xff, 0xd0, 0x00, 0x04, 0xff, 0xff, 0xf7, 0x04, 0xff, 0xff, 0xfa, 0x20, 0x4e, 0xff, 0xff,
  0xf2, 0x00, 0xcf, 0xff, 0xff, 0xff, 0xff, 0xff, 0xff, 0xa0, 0x00, 0x2e, 0xff, 0xff, 0xff, 0xff, 0xff, 0xfe, 0x10, 0x00, 0x03, 0xef, 0xff, 0xff,
  0xff, 0xff, 0xd2, 0x00, 0x00, 0x00, 0x08, 0xef, 0xff, 0xff, 0xe8, 0x00, 0x00, 0x00, 0x00, 0x00, 0x02, 0xff, 0xf3, 0x00, 0x00, 0x00, 0x00, 0x00,
  0x00, 0x00, 0xff, 0xf8, 0x50, 0x00, 0x00, 0x00, 0x00, 0x00, 0x00, 0xff, 0xff, 0xfe, 0x20, 0x00, 0x00, 0x00, 0x00, 0x00, 0xff, 0xff, 0xff, 0xc0,
  0x00, 0x00, 0x00, 0x00, 0x00, 0x00, 0x2f, 0xff, 0xf0, 0x00, 0x00, 0x00, 0x00, 0xdd, 0xdd, 0xef, 0xff, 0xd0, 0x00, 0x00, 0x00, 0x00, 0xff, 0xff,
  0xff, 0xff, 0x60, 0x00, 0x00, 0x00, 0x00, 0xff, 0xff, 0xfe, 0xb4, 0x00, 0x00, 0x00, 0x00, 0x0d, 0xff, 0x00, 0x00, 0x0f, 0xfd, 0x00, 0x00, 0x00,
  0x00, 0x0c, 0xff, 0x30, 0x00, 0x3f, 0xfc, 0x00, 0x00, 0x00, 0x00, 0x0a, 0xff, 0xc3, 0x03, 0xdf, 0xfa, 0x00, 0x00, 0x00, 0x00, 0x06, 0xff, 0xff,
  0xff, 0xff, 0xf6, 0x00, 0x00, 0x00, 0x00, 0x00, 0xef, 0xff, 0xff, 0xff, 0xe0, 0x00, 0x00, 0x00, 0x00, 0x00, 0x3f, 0xff, 0xff, 0xff, 0x30, 0x00,
  0x00, 0x00, 0x00, 0x00, 0x02, 0xae, 0xfe, 0x92, 0x00, 0x00, 0x00, 0x00, 0x00, 0x00, 0x00, 0x00, 0x00, 0x00, 0x00, 0x00, 0x00, 0x00, 0x00, 0x05,
  0xbe, 0xfe, 0xb5, 0x03, 0xff, 0xff, 0xf0, 0x00, 0x01, 0xcf, 0xff, 0xff, 0xff, 0xc4, 0xff, 0xff, 0xf0, 0x00, 0x1d, 0xff, 0xff, 0xff, 0xff, 0xfe,
  0xff, 0xff, 0xf0, 0x00, 0xaf, 0xff, 0xff, 0xff, 0xff, 0xff, 0xff, 0xff, 0xf0, 0x03, 0xff, 0xff, 0xff, 0xc7, 0x7c, 0xff, 0xff, 0xff, 0xf0, 0x08,
  0xff, 0xff, 0xf6, 0x00, 0x00, 0x6f, 0xff, 0xff, 0xf0, 0x0c, 0xff, 0xff, 0xa0, 0x00, 0x00, 0x0a, 0xff, 0xff, 0xf0, 0x0e, 0xff, 0xff, 0x50, 0x00,
  0x00, 0x05, 0xff, 0xff, 0xf0, 0x0f, 0xff, 0xff, 0x30, 0x00, 0x00, 0x03, 0xff, 0xff, 0xf0, 0x0e, 0xff, 0xff, 0x50, 0x00, 0x00, 0x05, 0xff, 0xff,
  0xf0, 0x0c, 0xff, 0xff, 0xa0, 0x00, 0x00, 0x0a, 0xff, 0xff, 0xf0, 0x08, 0xff, 0xff, 0xf6, 0x00, 0x00, 0x6f, 0xff, 0xff, 0xf0, 0x02, 0xff, 0xff,
  0xff, 0xc7, 0x7c, 0xff, 0xff, 0xff, 0xf0, 0x00, 0xaf, 0xff, 0xff, 0xff, 0xff, 0xff, 0xff, 0xff, 0xf0, 0x00, 0x1d, 0xff, 0xff, 0xff, 0xff, 0xfd,
  0xff, 0xff, 0xf0, 0x00, 0x01, 0xcf, 0xff, 0xff, 0xff, 0xb4, 0xff, 0xff, 0xf0, 0x00, 0x00, 0x05, 0xbe, 0xfe, 0xb5, 0x03, 0xff, 0xff, 0xf0, 0x00,
  0x00, 0x00, 0x00, 0x00, 0x00, 0x04, 0xff, 0xff, 0xe0, 0x02, 0x88, 0x88, 0x60, 0x00, 0x00, 0x08, 0xff, 0xff, 0xc0, 0x03, 0xff, 0xff, 0xf5, 0x00,
  0x00, 0x3e, 0xff, 0xff, 0x80, 0x00, 0xdf, 0xff, 0xff, 0xb8, 0x7a, 0xff, 0xff, 0xff, 0x30, 0x00, 0x5f, 0xff, 0xff, 0xff, 0xff, 0xff, 0xff, 0xfa,
  0x00, 0x00, 0x08, 0xff, 0xff, 0xff, 0xff, 0xff, 0xff, 0xd1, 0x00, 0x00, 0x00, 0x6e, 0xff, 0xff, 0xff, 0xff, 0xfa, 0x00, 0x00, 0x00, 0x00, 0x00,
  0x6a, 0xdf, 0xff, 0xd9, 0x30, 0x00, 0x00, 0x00, 0xff, 0xff, 0xf3, 0x00, 0x00, 0xff, 0xff, 0xf3, 0x00, 0x00, 0xff, 0xff, 0xf3, 0x00, 0x00, 0xff,
  0xff, 0xf3, 0x00, 0x00, 0xff, 0xff, 0xf3, 0x00, 0x00, 0xff, 0xff, 0xf3, 0x00, 0x00, 0xff, 0xff, 0xf3, 0x00, 0x00, 0xff, 0xff, 0xf3, 0x00, 0x00,
  0xff, 0xff, 0xf3, 0x00, 0x00, 0xff, 0xff, 0xf3, 0x00, 0x00, 0xff, 0xff, 0xf3, 0x00, 0x00, 0xff, 0xff, 0xf3, 0x00, 0x00, 0xff, 0xff, 0xf3, 0x00,
  0x00, 0xff, 0xff, 0xf3, 0x00, 0x00, 0xff, 0xff, 0xf3, 0x00, 0x00, 0xff, 0xff, 0xf3, 0x00, 0x00, 0xff, 0xff, 0xf3, 0x00, 0x00, 0x00, 0x00, 0x55,
  0x00, 0x00, 0x55, 0x00, 0x00, 0x00, 0x00, 0x00, 0x09, 0xff, 0x90, 0x09, 0xff, 0x90, 0x00, 0x00, 0x00, 0x00, 0x0f, 0xff, 0xf0, 0x0f, 0xff, 0xf0,
  0x00, 0x00, 0x00, 0x00, 0x0d, 0xff, 0xd0, 0x0d, 0xff, 0xd0, 0x00, 0x00, 0x00, 0x00, 0x04, 0xee, 0x40, 0x04, 0xee, 0x40, 0x00, 0x00, 0x00, 0x00,
  0x00, 0x00, 0x00, 0x00, 0x00, 0x00, 0x00, 0x00, 0x00, 0x00, 0x00, 0x00, 0x00, 0x00, 0x00, 0x00, 0x00, 0x00, 0x00, 0x00, 0x01, 0x7c, 0xef, 0xfc,
  0x82, 0x00, 0x00, 0x00, 0x00, 0x00, 0x6f, 0xff, 0xff, 0xff, 0xff, 0x90, 0x00, 0x00, 0x00, 0x0a, 0xff, 0xff, 0xff, 0xff, 0xff, 0xfd, 0x00, 0x00,
  0x00, 0x7f, 0xff, 0xff, 0xff, 0xff, 0xff, 0xff, 0xa0, 0x00, 0x01, 0xff, 0xff, 0xff, 0xa7, 0x9f, 0xff, 0xff, 0xf4, 0x00, 0x08, 0xff, 0xff, 0xf3,
  0x00, 0x02, 0xef, 0xff, 0xfb, 0x00, 0x0c, 0xff, 0xff, 0x90, 0x00, 0x00, 0x6f, 0xff, 0xff, 0x00, 0x0f, 0xff, 0xff, 0x50, 0x00, 0x00, 0x2f, 0xff,
  0xff, 0x20, 0x0f, 0xff, 0xff, 0x40, 0x00, 0x00, 0x0f, 0xff, 0xff, 0x30, 0x0f, 0xff, 0xff, 0x50, 0x00, 0x00, 0x1f, 0xff, 0xff, 0x20, 0x0c, 0xff,
  0xff, 0x90, 0x00, 0x00, 0x6f, 0xff, 0xff, 0x00, 0x08, 0xff, 0xff, 0xf3, 0x00, 0x02, 0xef, 0xff, 0xfb, 0x00, 0x02, 0xff, 0xff, 0xff, 0xa7, 0x9f,
  0xff, 0xff, 0xf5, 0x00, 0x00, 0x8f, 0xff, 0xff, 0xff, 0xff, 0xff, 0xff, 0xa0, 0x00, 0x00, 0x0b, 0xff, 0xff, 0xff, 0xff, 0xff, 0xfd, 0x00, 0x00,
  0x00, 0x00, 0x7f, 0xff, 0xff, 0xff, 0xff, 0x90, 0x00, 0x00, 0x00, 0x00, 0x02, 0x8c, 0xef, 0xfc, 0x82, 0x00, 0x00, 0x00, 0x00, 0x00, 0x05, 0xad,
  0xff, 0xda, 0x40, 0x00, 0x00, 0x00, 0x02, 0xdf, 0xff, 0xff, 0xff, 0xfb, 0x10, 0x00, 0x00, 0x1e, 0xff, 0xff, 0xff, 0xff, 0xff, 0xc0, 0x00, 0x00,
  0x9f, 0xff, 0xff, 0xff, 0xff, 0xff, 0xf7, 0x00, 0x00, 0xdf, 0xff, 0xf9, 0x01, 0xbf, 0xff, 0xfd, 0x00, 0x00, 0xff, 0xff, 0xf4, 0x00, 0x1f, 0xff,
  0xff, 0x10, 0x00, 0xdf, 0xff, 0xfe, 0x61, 0x00, 0x00, 0x00, 0x00, 0x00, 0x8f, 0xff, 0xff, 0xff, 0xc8, 0x30, 0x00, 0x00, 0x00, 0x1c, 0xff, 0xff,
  0xff, 0xff, 0xfc, 0x30, 0x00, 0x00, 0x00, 0x8f, 0xff, 0xff, 0xff, 0xff, 0xf3, 0x00, 0x00, 0x00, 0x00, 0x59, 0xef, 0xff, 0xff, 0xfc, 0x00, 0x00,
  0x00, 0x00, 0x00, 0x03, 0xbf, 0xff, 0xff, 0x10, 0x07, 0xff, 0xff, 0xf1, 0x00, 0x1f, 0xff, 0xff, 0x30, 0x03, 0xff, 0xff, 0xfb, 0x20, 0x7f, 0xff,
  0xff, 0x10, 0x00, 0xbf, 0xff, 0xff, 0xff, 0xff, 0xff, 0xfb, 0x00, 0x00, 0x1c, 0xff, 0xff, 0xff, 0xff, 0xff, 0xe2, 0x00, 0x00, 0x00, 0x7e, 0xff,
  0xff, 0xff, 0xfa, 0x10, 0x00, 0x00, 0x00, 0x00, 0x37, 0xff, 0xf6, 0x10, 0x00, 0x00, 0x00, 0x00, 0x00, 0x00, 0xff, 0xf5, 0x30, 0x00, 0x00, 0x00,
  0x00, 0x00, 0x00, 0xff, 0xff, 0xfc, 0x10, 0x00, 0x00, 0x00, 0x00, 0x00, 0xff, 0xff, 0xff, 0xb0, 0x00, 0x00, 0x00, 0x00, 0x00, 0x00, 0x2f, 0xff,
  0xf0, 0x00, 0x00, 0x00, 0x00, 0x9d, 0xdd, 0xef, 0xff, 0xe0, 0x00, 0x00, 0x00, 0x00, 0xbf, 0xff, 0xff, 0xff, 0x60, 0x00, 0x00, 0x00, 0x00, 0xbf,
  0xff, 0xfe, 0xb4, 0x00, 0x00, 0x00, 0x00, 0x03, 0xee, 0x40, 0x03, 0xee, 0x40, 0x00, 0x00, 0x00, 0x00, 0x0d, 0xff, 0xd0, 0x0d, 0xff, 0xd0, 0x00,
  0x00, 0x00, 0x00, 0x0f, 0xff, 0xf0, 0x0f, 0xff, 0xf0, 0x00, 0x00, 0x00, 0x00, 0x09, 0xff, 0x90, 0x09, 0xff, 0x90, 0x00, 0x00, 0x00, 0x00, 0x00,
  0x55, 0x00, 0x00, 0x55, 0x00, 0x00, 0x00, 0x00, 0x00, 0x00, 0x00, 0x00, 0x00, 0x00, 0x00, 0x00, 0x00, 0x00, 0xff, 0xff, 0xf3, 0x00, 0x00, 0x03,
  0xff, 0xff, 0xf0, 0x00, 0xff, 0xff, 0xf3, 0x00, 0x00, 0x03, 0xff, 0xff, 0xf0, 0x00, 0xff, 0xff, 0xf3, 0x00, 0x00, 0x03, 0xff, 0xff, 0xf0, 0x00,
  0xff, 0xff, 0xf3, 0x00, 0x00, 0x03, 0xff, 0xff, 0xf0, 0x00, 0xff, 0xff, 0xf3, 0x00, 0x00, 0x03, 0xff, 0xff, 0xf0, 0x00, 0xff, 0xff, 0xf3, 0x00,
  0x00, 0x03, 0xff, 0xff, 0xf0, 0x00, 0xff, 0xff, 0xf3, 0x00, 0x00, 0x03, 0xff, 0xff, 0xf0, 0x00, 0xff, 0xff, 0xf3, 0x00, 0x00, 0x03, 0xff, 0xff,
  0xf0, 0x00, 0xff, 0xff, 0xf3, 0x00, 0x00, 0x03, 0xff, 0xff, 0xf0, 0x00, 0xff, 0xff, 0xf4, 0x00, 0x00, 0x04, 0xff, 0xff, 0xf0, 0x00, 0xef, 0xff,
  0xf7, 0x00, 0x00, 0x07, 0xff, 0xff, 0xf0, 0x00, 0xdf, 0xff, 0xfe, 0x20, 0x00, 0x2e, 0xff, 0xff, 0xf0, 0x00, 0x9f, 0xff, 0xff, 0xf9, 0x79, 0xff,
  0xff, 0xff, 0xf0, 0x00, 0x3f, 0xff, 0xff, 0xff, 0xff, 0xff, 0xff, 0xff, 0xf0, 0x00, 0x09, 0xff, 0xff, 0xff, 0xff, 0xfe, 0xff, 0xff, 0xf0, 0x00,
  0x00, 0x9f, 0xff, 0xff, 0xff, 0xb4, 0xff, 0xff, 0xf0, 0x00, 0x00, 0x04, 0xad, 0xfe, 0xb5, 0x03, 0xff, 0xff, 0xf0, 0x00, 0x00, 0x00, 0x04, 0x9d,
  0xff, 0xed, 0x95, 0x00, 0x00, 0x00, 0x00, 0x00, 0x00, 0x04, 0xdf, 0xff, 0xff, 0xff, 0xff, 0xe5, 0x00, 0x00, 0x00, 0x00, 0x00, 0x7f, 0xff, 0xff,
  0xff, 0xff, 0xff, 0xff, 0x80, 0x00, 0x00, 0x00, 0x07, 0xff, 0xff, 0xff, 0xff, 0xff, 0xff, 0xff, 0xf8, 0x00, 0x00, 0x00, 0x3f, 0xff, 0xff, 0xfd,
  0x87, 0x9e, 0xff, 0xff, 0xff, 0x40, 0x00, 0x00, 0xcf, 0xff, 0xff, 0x60, 0x00, 0x00, 0x9f, 0xff, 0xff, 0xd0, 0x00, 0x03, 0xff, 0xff, 0xf6, 0x00,
  0x00, 0x00, 0x0b, 0xff, 0xff, 0xf3, 0x00, 0x09, 0xff, 0xff, 0xd0, 0x00, 0x00, 0x00, 0x01, 0x33, 0x33, 0x31, 0x00, 0x0c, 0xff, 0xff, 0x80, 0x00,
  0x00, 0x00, 0x00, 0x00, 0x00, 0x00, 0x00, 0x0e, 0xff, 0xff, 0x40, 0x00, 0x00, 0x00, 0x00, 0x00, 0x00, 0x00, 0x00, 0x0f, 0xff, 0xff, 0x30, 0x00,
  0x00, 0x00, 0x00, 0x00, 0x00, 0x00, 0x00, 0x0f, 0xff, 0xff, 0x40, 0x00, 0x00, 0x00, 0x00, 0x00, 0x00, 0x00, 0x00, 0x0e, 0xff, 0xff, 0x60, 0x00,
  0x00, 0x00, 0x00, 0x00, 0x00, 0x00, 0x00, 0x0b, 0xff, 0xff, 0xa0, 0x00, 0x00, 0x00, 0x00, 0x00, 0x00, 0x00, 0x00, 0x06, 0xff, 0xff, 0xf2, 0x00,
  0x00, 0x00, 0x06, 0xcc, 0xcc, 0xc4, 0x00, 0x01, 0xff, 0xff, 0xfc, 0x10, 0x00, 0x00, 0x3f, 0xff, 0xff, 0xf0, 0x00, 0x00, 0x8f, 0xff, 0xff, 0xe6,
  0x10, 0x28, 0xff, 0xff, 0xff, 0x80, 0x00, 0x00, 0x0d, 0xff, 0xff, 0xff, 0xff, 0xff, 0xff, 0xff, 0xfd, 0x00, 0x00, 0x00, 0x02, 0xef, 0xff, 0xff,
  0xff, 0xff, 0xff, 0xff, 0xe2, 0x00, 0x00, 0x00, 0x00, 0x1c, 0xff, 0xff, 0xff, 0xff, 0xff, 0xfc, 0x10, 0x00, 0x00, 0x00, 0x00, 0x00, 0x6d, 0xff,
  0xff, 0xff, 0xfc, 0x50, 0x00, 0x00, 0x00, 0x00, 0x00, 0x00, 0x00, 0x25, 0xff, 0xf5, 0x10, 0x00, 0x00, 0x00, 0x00, 0x00, 0x00, 0x00, 0x00, 0x00,
  0xff, 0xf6, 0x30, 0x00, 0x00, 0x00, 0x00, 0x00, 0x00, 0x00, 0x00, 0x00, 0xff, 0xff, 0xfc, 0x10, 0x00, 0x00, 0x00, 0x00, 0x00, 0x00, 0x00, 0x00,
  0xff, 0xff, 0xff, 0xb0, 0x00, 0x00, 0x00, 0x00, 0x00, 0x00, 0x00, 0x00, 0x00, 0x2f, 0xff, 0xf0, 0x00, 0x00, 0x00, 0x00, 0x00, 0x00, 0x00, 0x9d,
  0xdd, 0xef, 0xff, 0xe0, 0x00, 0x00, 0x00, 0x00, 0x00, 0x00, 0x00, 0xbf, 0xff, 0xff, 0xff, 0x60, 0x00, 0x00, 0x00, 0x00, 0x00, 0x00, 0x00, 0xbf,
  0xff, 0xfe, 0xb4, 0x00, 0x00, 0x00, 0x00, 0x00, 0x00, 0x00, 0xcf, 0xf1, 0x00, 0x01, 0xff, 0xd0, 0x00, 0x00, 0x00, 0x00, 0x00, 0x00, 0xbf, 0xfa,
  0x10, 0x1a, 0xff, 0xc0, 0x00, 0x00, 0x00, 0x00, 0x00, 0x00, 0x8f, 0xff, 0xff, 0xff, 0xff, 0x90, 0x00, 0x00, 0x00, 0x00, 0x00, 0x00, 0x2f, 0xff,
  0xff, 0xff, 0xff, 0x20, 0x00, 0x00, 0x00, 0x00, 0x00, 0x00, 0x05, 0xff, 0xff, 0xff, 0xf6, 0x00, 0x00, 0x00, 0x00, 0x00, 0x00, 0x00, 0x00, 0x3a,
  0xef, 0xea, 0x30, 0x00, 0x00, 0x00, 0x00, 0x00, 0x00, 0x00, 0x00, 0x00, 0x00, 0x00, 0x00, 0x00, 0x00, 0x00, 0x00, 0x00, 0x00, 0x00, 0x03, 0x9c,
  0xef, 0xfe, 0xb7, 0x10, 0x00, 0x00, 0x00, 0x00, 0x00, 0x03, 0xcf, 0xff, 0xff, 0xff, 0xff, 0xf8, 0x00, 0x00, 0x00, 0x00, 0x00, 0x7f, 0xff, 0xff,
  0xff, 0xff, 0xff, 0xff, 0xd1, 0x00, 0x00, 0x00, 0x07, 0xff, 0xff, 0xff, 0xff, 0xff, 0xff, 0xff, 0xfd, 0x00, 0x00, 0x00, 0x4f, 0xff, 0xff, 0xfe,
  0x97, 0x8b, 0xff, 0xff, 0xff, 0x90, 0x00, 0x00, 0xdf, 0xff, 0xff, 0x70, 0x00, 0x00, 0x3e, 0xff, 0xff, 0xf2, 0x00, 0x04, 0xff, 0xff, 0xf6, 0x00,
  0x00, 0x00, 0x04, 0xff, 0xff, 0xf7, 0x00, 0x09, 0xff, 0xff, 0xd0, 0x00, 0x00, 0x00, 0x00, 0x00, 0x00, 0x00, 0x00, 0x0d, 0xff, 0xff, 0x70, 0x00,
  0x00, 0x00, 0x00, 0x00, 0x00, 0x00, 0x00, 0x0f, 0xff, 0xff, 0x40, 0x00, 0x0f, 0xff, 0xff, 0xff, 0xff, 0xff, 0x00, 0x0f, 0xff, 0xff, 0x30, 0x00,
  0x0f, 0xff, 0xff, 0xff, 0xff, 0xff, 0x00, 0x0f, 0xff, 0xff, 0x40, 0x00, 0x0f, 0xff, 0xff, 0xff, 0xff, 0xff, 0x00, 0x0d, 0xff, 0xff, 0x70, 0x00,
  0x0f, 0xff, 0xff, 0xff, 0xff, 0xff, 0x00, 0x09, 0xff, 0xff, 0xd0, 0x00, 0x00, 0x00, 0x00, 0x0c, 0xff, 0xff, 0x00, 0x04, 0xff, 0xff, 0xf7, 0x00,
  0x00, 0x00, 0x00, 0x5f, 0xff, 0xfc, 0x00, 0x00, 0xdf, 0xff, 0xff, 0x80, 0x00, 0x00, 0x06, 0xff, 0xff, 0xf5, 0x00, 0x00, 0x4f, 0xff, 0xff, 0xfe,
  0xa7, 0x79, 0xdf, 0xff, 0xff, 0xb0, 0x00, 0x00, 0x07, 0xff, 0xff, 0xff, 0xff, 0xff, 0xff, 0xff, 0xfd, 0x10, 0x00, 0x00, 0x00, 0x7f, 0xff, 0xff,
  0xff, 0xff, 0xff, 0xff, 0xc1, 0x00, 0x00, 0x00, 0x00, 0x03, 0xcf, 0xff, 0xff, 0xff, 0xff, 0xf7, 0x00, 0x00, 0x00, 0x00, 0x00, 0x00, 0x03, 0x9c,
  0xef, 0xed, 0xa5, 0x00, 0x00, 0x00, 0x00, 0x00, 0x00, 0x55, 0x00, 0x00, 0x00, 0x09, 0xff, 0x90, 0x00, 0x00, 0x0f, 0xff, 0xf0, 0x00, 0x00, 0x0d,
  0xff, 0xd0, 0x00, 0x00, 0x04, 0xee, 0x40, 0x00, 0x00, 0x00, 0x00, 0x00, 0x00, 0x00, 0x00, 0x00, 0x00, 0x00, 0x00, 0xff, 0xff, 0xf3, 0x00, 0x00,
  0xff, 0xff, 0xf3, 0x00, 0x00, 0xff, 0xff, 0xf3, 0x00, 0x00, 0xff, 0xff, 0xf3, 0x00, 0x00, 0xff, 0xff, 0xf3, 0x00, 0x00, 0xff, 0xff, 0xf3, 0x00,
  0x00, 0xff, 0xff, 0xf3, 0x00, 0x00, 0xff, 0xff, 0xf3, 0x00, 0x00, 0xff, 0xff, 0xf3, 0x00, 0x00, 0xff, 0xff, 0xf3, 0x00, 0x00, 0xff, 0xff, 0xf3,
  0x00, 0x00, 0xff, 0xff, 0xf3, 0x00, 0x00, 0xff, 0xff, 0xf3, 0x00, 0x00, 0xff, 0xff, 0xf3, 0x00, 0x00, 0xff, 0xff, 0xf3, 0x00, 0x00, 0xff, 0xff,
  0xf3, 0x00, 0x00, 0xff, 0xff, 0xf3, 0x00, 0x00, 0xff, 0xff, 0xf3, 0x00, 0x00, 0xff, 0xff, 0xf3, 0x00, 0x00, 0xff, 0xff, 0xf3, 0x00, 0x00, 0xff,
  0xff, 0xf3, 0x00, 0x00, 0x00, 0x00, 0x00, 0x55, 0x00, 0x00, 0x55, 0x00, 0x00, 0x00, 0x00, 0x00, 0x00, 0x00, 0x09, 0xff, 0x90, 0x09, 0xff, 0x90,
  0x00, 0x00, 0x00, 0x00, 0x00, 0x00, 0x0f, 0xff, 0xf0, 0x0f, 0xff, 0xf0, 0x00, 0x00, 0x00, 0x00, 0x00, 0x00, 0x0d, 0xff, 0xd0, 0x0d, 0xff, 0xd0,
  0x00, 0x00, 0x00, 0x00, 0x00, 0x00, 0x04, 0xee, 0x40, 0x04, 0xee, 0x40, 0x00, 0x00, 0x00, 0x00, 0x00, 0x00, 0x00, 0x00, 0x00, 0x00, 0x00, 0x00,
  0x00, 0x00, 0x00, 0x00, 0x00, 0x00, 0x00, 0x00, 0x00, 0x00, 0x00, 0x00, 0x00, 0x00, 0x00, 0x00, 0x00, 0x00, 0x02, 0x7b, 0xef, 0xfe, 0xb7, 0x20,
  0x00, 0x00, 0x00, 0x00, 0x00, 0x01, 0xaf, 0xff, 0xff, 0xff, 0xff, 0xfa, 0x20, 0x00, 0x00, 0x00, 0x00, 0x4e, 0xff, 0xff, 0xff, 0xff, 0xff, 0xff,
  0xf5, 0x00, 0x00, 0x00, 0x04, 0xff, 0xff, 0xff, 0xff, 0xff, 0xff, 0xff, 0xff, 0x50, 0x00, 0x00, 0x2f, 0xff, 0xff, 0xfe, 0x97, 0x79, 0xef, 0xff,
  0xff, 0xf2, 0x00, 0x00, 0xbf, 0xff, 0xff, 0x70, 0x00, 0x00, 0x08, 0xff, 0xff, 0xfc, 0x00, 0x03, 0xff, 0xff, 0xf7, 0x00, 0x00, 0x00, 0x00, 0x7f,
  0xff, 0xff, 0x30, 0x09, 0xff, 0xff, 0xd0, 0x00, 0x00, 0x00, 0x00, 0x0d, 0xff, 0xff, 0x90, 0x0c, 0xff, 0xff, 0x70, 0x00, 0x00, 0x00, 0x00, 0x07,
  0xff, 0xff, 0xc0, 0x0f, 0xff, 0xff, 0x40, 0x00, 0x00, 0x00, 0x00, 0x04, 0xff, 0xff, 0xe0, 0x0f, 0xff, 0xff, 0x30, 0x00, 0x00, 0x00, 0x00, 0x03,
  0xff, 0xff, 0xf0, 0x0f, 0xff, 0xff, 0x40, 0x00, 0x00, 0x00, 0x00, 0x04, 0xff, 0xff, 0xe0, 0x0c, 0xff, 0xff, 0x70, 0x00, 0x00, 0x00, 0x00, 0x07,
  0xff, 0xff, 0xc0, 0x09, 0xff, 0xff, 0xd0, 0x00, 0x00, 0x00, 0x00, 0x0d, 0xff, 0xff, 0x90, 0x03, 0xff, 0xff, 0xf7, 0x00, 0x00, 0x00, 0x00, 0x8f,
  0xff, 0xff, 0x30, 0x00, 0xbf, 0xff, 0xff, 0x80, 0x00, 0x00, 0x08, 0xff, 0xff, 0xfb, 0x00, 0x00, 0x2f, 0xff, 0xff, 0xfe, 0x97, 0x79, 0xef, 0xff,
  0xff, 0xf2, 0x00, 0x00, 0x05, 0xff, 0xff, 0xff, 0xff, 0xff, 0xff, 0xff, 0xff, 0x50, 0x00, 0x00, 0x00, 0x4f, 0xff, 0xff, 0xff, 0xff, 0xff, 0xff,
  0xf5, 0x00, 0x00, 0x00, 0x00, 0x01, 0xaf, 0xff, 0xff, 0xff, 0xff, 0xfa, 0x20, 0x00, 0x00, 0x00, 0x00, 0x00, 0x02, 0x7b, 0xef, 0xfe, 0xb7, 0x20,
  0x00, 0x00, 0x00, 0x00, 0x00, 0x28, 0xce, 0xfe, 0xd9, 0x30, 0x00, 0x00, 0x00, 0x08, 0xff, 0xff, 0xff, 0xff, 0xfa, 0x00, 0x00, 0x00, 0xaf, 0xff,
  0xff, 0xff, 0xff, 0xff, 0xc0, 0x00, 0x05, 0xff, 0xff, 0xff, 0xff, 0xff, 0xff, 0xf7, 0x00, 0x0b, 0xff, 0xff, 0xf9, 0x7a, 0xff, 0xff, 0xfe, 0x00,
  0x0e, 0xff, 0xff, 0x70, 0x00, 0x6f, 0xff, 0xff, 0x10, 0x0f, 0xff, 0xff, 0x40, 0x00, 0x0a, 0xaa, 0xaa, 0x10, 0x0d, 0xff, 0xff, 0xa0, 0x00, 0x00,
  0x00, 0x00, 0x00, 0x0a, 0xff, 0xff, 0xfd, 0x60, 0x00, 0x00, 0x00, 0x00, 0x02, 0xff, 0xff, 0xff, 0xff, 0xa4, 0x00, 0x00, 0x00, 0x00, 0x5f, 0xff,
  0xff, 0xff, 0xff, 0xe7, 0x00, 0x00, 0x00, 0x03, 0xcf, 0xff, 0xff, 0xff, 0xff, 0xd2, 0x00, 0x00, 0x00, 0x03, 0x9e, 0xff, 0xff, 0xff, 0xfe, 0x10,
  0x00, 0x00, 0x00, 0x00, 0x49, 0xff, 0xff, 0xff, 0x80, 0x00, 0x00, 0x00, 0x00, 0x00, 0x2d, 0xff, 0xff, 0xd0, 0x06, 0x77, 0x77, 0x10, 0x00, 0x05,
  0xff, 0xff, 0xf0, 0x0e, 0xff, 0xff, 0x70, 0x00, 0x05, 0xff, 0xff, 0xe0, 0x0b, 0xff, 0xff, 0xf6, 0x10, 0x4e, 0xff, 0xff, 0xb0, 0x04, 0xff, 0xff,
  0xff, 0xff, 0xff, 0xff, 0xff, 0x50, 0x00, 0x9f, 0xff, 0xff, 0xff, 0xff, 0xff, 0xfb, 0x00, 0x00, 0x07, 0xff, 0xff, 0xff, 0xff, 0xff, 0xb0, 0x00,
  0x00, 0x00, 0x18, 0xdf, 0xff, 0xff, 0xc5, 0x00, 0x00, 0x00, 0x00, 0x00, 0x00, 0xff, 0xf0, 0x00, 0x00, 0x00, 0x00, 0x00, 0x00, 0x00, 0xff, 0xf8,
  0x50, 0x00, 0x00, 0x00, 0x00, 0x00, 0x00, 0xff, 0xff, 0xfe, 0x30, 0x00, 0x00, 0x00, 0x00, 0x00, 0xff, 0xff, 0xff, 0xc0, 0x00, 0x00, 0x00, 0x00,
  0x00, 0x00, 0x2f, 0xff, 0xf0, 0x00, 0x00, 0x00, 0x04, 0xdd, 0xdd, 0xef, 0xff, 0xd0, 0x00, 0x00, 0x00, 0x06, 0xff, 0xff, 0xff, 0xff, 0x50, 0x00,
  0x00, 0x00, 0x06, 0xff, 0xff, 0xfe, 0xa3, 0x00, 0x00, 0x00, 0x00, 0x00, 0x05, 0x50, 0x00, 0x05, 0x50, 0x00, 0x00, 0x00, 0x00, 0x00, 0x00, 0x9f,
  0xf9, 0x00, 0x9f, 0xf9, 0x00, 0x00, 0x00, 0x00, 0x00, 0x00, 0xff, 0xff, 0x00, 0xff, 0xff, 0x00, 0x00, 0x00, 0x00, 0x00, 0x00, 0xdf, 0xfd, 0x00,
  0xdf, 0xfd, 0x00, 0x00, 0x00, 0x00, 0x00, 0x00, 0x4e, 0xe4, 0x00, 0x4e, 0xe4, 0x00, 0x00, 0x00, 0x00, 0x00, 0x00, 0x00, 0x00, 0x00, 0x00, 0x00,
  0x00, 0x00, 0x00, 0x00, 0x00, 0x00, 0x00, 0x00, 0x00, 0x00, 0x00, 0x00, 0x00, 0x00, 0x00, 0xff, 0xff, 0xf3, 0x00, 0x00, 0x00, 0x3f, 0xff, 0xff,
  0x00, 0x00, 0xff, 0xff, 0xf3, 0x00, 0x00, 0x00, 0x3f, 0xff, 0xff, 0x00, 0x00, 0xff, 0xff, 0xf3, 0x00, 0x00, 0x00, 0x3f, 0xff, 0xff, 0x00, 0x00,
  0xff, 0xff, 0xf3, 0x00, 0x00, 0x00, 0x3f, 0xff, 0xff, 0x00, 0x00, 0xff, 0xff, 0xf3, 0x00, 0x00, 0x00, 0x3f, 0xff, 0xff, 0x00, 0x00, 0xff, 0xff,
  0xf3, 0x00, 0x00, 0x00, 0x3f, 0xff, 0xff, 0x00, 0x00, 0xff, 0xff, 0xf3, 0x00, 0x00, 0x00, 0x3f, 0xff, 0xff, 0x00, 0x00, 0xff, 0xff, 0xf3, 0x00,
  0x00, 0x00, 0x3f, 0xff, 0xff, 0x00, 0x00, 0xff, 0xff, 0xf3, 0x00, 0x00, 0x00, 0x3f, 0xff, 0xff, 0x00, 0x00, 0xff, 0xff, 0xf3, 0x00, 0x00, 0x00,
  0x3f, 0xff, 0xff, 0x00, 0x00, 0xff, 0xff, 0xf3, 0x00, 0x00, 0x00, 0x3f, 0xff, 0xff, 0x00, 0x00, 0xff, 0xff, 0xf3, 0x00, 0x00, 0x00, 0x3f, 0xff,
  0xff, 0x00, 0x00, 0xff, 0xff, 0xf3, 0x00, 0x00, 0x00, 0x3f, 0xff, 0xff, 0x00, 0x00, 0xff, 0xff, 0xf5, 0x00, 0x00, 0x00, 0x5f, 0xff, 0xfe, 0x00,
  0x00, 0xcf, 0xff, 0xf9, 0x00, 0x00, 0x00, 0x9f, 0xff, 0xfc, 0x00, 0x00, 0x8f, 0xff, 0xff, 0x30, 0x00, 0x04, 0xff, 0xff, 0xf8, 0x00, 0x00, 0x2f,
  0xff, 0xff, 0xfa, 0x77, 0xaf, 0xff, 0xff, 0xf2, 0x00, 0x00, 0x08, 0xff, 0xff, 0xff, 0xff, 0xff, 0xff, 0xff, 0x70, 0x00, 0x00, 0x00, 0xbf, 0xff,
  0xff, 0xff, 0xff, 0xff, 0xf9, 0x00, 0x00, 0x00, 0x00, 0x07, 0xff, 0xff, 0xff, 0xff, 0xfe, 0x60, 0x00, 0x00, 0x00, 0x00, 0x00, 0x17, 0xbd, 0xff,
  0xda, 0x50, 0x00, 0x00, 0x00, 0x00, 0x00, 0x6b, 0xcc, 0xb6, 0x00, 0x00, 0x00, 0x3e, 0xff, 0xff, 0xff, 0xe4, 0x00, 0x02, 0xff, 0xff, 0xff, 0xff,
  0xff, 0x20, 0x0a, 0xff, 0xfc, 0x22, 0xcf, 0xff, 0xa0, 0x0e, 0xff, 0xf3, 0x00, 0x3f, 0xff, 0xe0, 0x0f, 0xff, 0xf0, 0x00, 0x0f, 0xff, 0xf0, 0x0e,
  0xff, 0xf2, 0x00, 0x2f, 0xff, 0xe0, 0x0a, 0xff, 0xfa, 0x00, 0xaf, 0xff, 0xa0, 0x02, 0xff, 0xff, 0xff, 0xff, 0xff, 0x30, 0x00, 0x4f, 0xff, 0xff,
  0xff, 0xf5, 0x00, 0x00, 0x01, 0x8d, 0xff, 0xd9, 0x20, 0x00, 0x00, 0x00, 0x00, 0x00, 0x00, 0x00, 0x00, 0x00, 0x00, 0x00, 0x00, 0x00, 0x00, 0x00,
  0x00, 0x00, 0x00, 0x00, 0x00, 0x00, 0x00, 0x00, 0x00, 0x00, 0x00, 0x00, 0x00, 0x00, 0x00, 0x00, 0x00, 0x00, 0x00, 0x00, 0x00, 0x00, 0x00, 0x00,
  0x00, 0x00, 0x00, 0x00, 0x00, 0x00, 0x00, 0x00, 0x00, 0x00, 0x00, 0x00, 0x00, 0x00, 0x00, 0x00, 0x00, 0x00, 0x00, 0x00, 0x00, 0x00, 0x00, 0x00,
  0x00, 0x00, 0x00, 0x00, 0x00, 0x00, 0x00, 0x00, 0x00, 0x9e, 0xe9, 0x00, 0x00, 0x09, 0xff, 0xff, 0x80, 0x00, 0x0e, 0xff, 0xff, 0xe0, 0x00, 0x0e,
  0xff, 0xff, 0xe0, 0x00, 0x09, 0xff, 0xff, 0x90, 0x00, 0x00, 0x9e, 0xe9, 0x00, 0x00, 0x00, 0x00, 0x00, 0x00, 0x00, 0x00, 0x00, 0x00, 0x00, 0x00,
  0x00, 0x00, 0x00, 0x00, 0x00, 0x00, 0x00, 0x00, 0x00, 0x00, 0x00, 0x00, 0x00, 0x00, 0x00, 0x00, 0x00, 0x00, 0x00, 0x00, 0x00, 0x00, 0x00, 0x00,
  0x00, 0x00, 0x9e, 0xe9, 0x00, 0x09, 0xee, 0x90, 0x00, 0x8e, 0xe9, 0x00, 0x00, 0x09, 0xff, 0xff, 0x80, 0x8f, 0xff, 0xf8, 0x08, 0xff, 0xff, 0x80,
  0x00, 0x0e, 0xff, 0xff, 0xe0, 0xef, 0xff, 0xfe, 0x0e, 0xff, 0xff, 0xe0, 0x00, 0x0e, 0xff, 0xff, 0xe0, 0xef, 0xff, 0xfe, 0x0e, 0xff, 0xff, 0xe0,
  0x00, 0x09, 0xff, 0xff, 0x90, 0x9f, 0xff, 0xf9, 0x09, 0xff, 0xff, 0x90, 0x00, 0x00, 0x9e, 0xe9, 0x00, 0x09, 0xee, 0x90, 0x00, 0x9e, 0xe9, 0x00,
  0x00, 0x00, 0x77, 0x77, 0x77, 0x77, 0x77, 0x77, 0x77, 0x77, 0x70, 0x00, 0x00, 0xff, 0xff, 0xff, 0xff, 0xff, 0xff, 0xff, 0xff, 0xf0, 0x00, 0x00,
  0xff, 0xff, 0xff, 0xff, 0xff, 0xff, 0xff, 0xff, 0xf0, 0x00, 0x00, 0xff, 0xff, 0xff, 0xff, 0xff, 0xff, 0xff, 0xff, 0xf0, 0x00, 0x00, 0xff, 0xff,
  0xff, 0xff, 0xff, 0xff, 0xff, 0xff, 0xf0, 0x00, 0x00, 0x00, 0x00, 0x00, 0x00, 0x00, 0x00, 0x00, 0x00, 0x00, 0x00, 0x00, 0x00, 0x00, 0x00, 0x00,
  0x00, 0x00, 0x00, 0x00, 0x00, 0x00, 0x00, 0x00, 0x00, 0x00, 0x00, 0x00, 0x00, 0x00, 0x00, 0x00, 0x00, 0x00, 0x00, 0x00, 0x00, 0x00, 0x00, 0x00,
  0x00, 0x00, 0x00, 0x00, 0x00, 0x00, 0x00, 0x00, 0x00, 0x00, 0x00, 0x00, 0x00, 0x00, 0x00, 0x00, 0x00, 0x00, 0x00, 0x00, 0x00, 0x00, 0x00, 0x00,
  0x00, 0x00, 0x00, 0x00, 0x00, 0x00, 0x00, 0x00, 0x00, 0x00, 0x00, 0x00, 0x00, 0x00, 0x00, 0x00, 0x00, 0x00, 0x00, 0x00, 0x00, 0x00, 0x00, 0x00,
};
STATIC CONST GLYPH mFontTitleGlyphs[] = {
  { 0x0020, 0, 0, 0, 0, 6, 0 },
  { 0x0021, 12, 22, 0, 10, 12, 0 },
  { 0x0022, 12, 24, 0, 8, 12, 132 },
  { 0x0023, 27, 22, 0, 10, 27, 276 },
  { 0x0024, 20, 26, 0, 8, 20, 584 },
  { 0x0025, 26, 21, 0, 11, 26, 844 },
  { 0x0026, 25, 21, 0, 11, 24, 1117 },
  { 0x0027, 7, 24, 0, 8, 7, 1390 },
  { 0x0028, 15, 34, 0, 4, 14, 1486 },
  { 0x0029, 14, 34, 0, 4, 14, 1758 },
  { 0x002a, 16, 22, 0, 10, 16, 1996 },
  { 0x002b, 19, 18, 0, 14, 19, 2172 },
  { 0x002c, 9, 9, 0, 27, 9, 2352 },
  { 0x002d, 17, 13, 0, 19, 17, 2397 },
  { 0x002e, 8, 6, 0, 26, 8, 2514 },
  { 0x002f, 14, 34, 0, 4, 14, 2538 },
  { 0x0030, 20, 22, 0, 10, 20, 2776 },
  { 0x0031, 11, 22, 0, 10, 11, 2996 },
  { 0x0032, 17, 22, 0, 10, 17, 3128 },
  { 0x0033, 18, 23, 0, 9, 18, 3326 },
  { 0x0034, 20, 22, 0, 10, 20, 3533 },
  { 0x0035, 20, 22, 0, 10, 20, 3753 },
  { 0x0036, 19, 23, 0, 9, 19, 3973 },
  { 0x0037, 16, 22, 0, 10, 16, 4203 },
  { 0x0038, 19, 23, 0, 9, 19, 4379 },
  { 0x0039, 18, 23, 0, 9, 18, 4609 },
  { 0x003a, 9, 18, 0, 14, 9, 4816 },
  { 0x003b, 10, 22, 0, 15, 10, 4906 },
  { 0x003c, 17, 17, 0, 15, 17, 5016 },
  { 0x003d, 21, 17, 0, 15, 21, 5169 },
  { 0x003e, 16, 17, 0, 15, 16, 5356 },
  { 0x003f, 16, 23, 0, 9, 16, 5492 },
  { 0x0040, 32, 26, 0, 12, 32, 5676 },
  { 0x0041, 22, 21, 0, 11, 22, 6092 },
  { 0x0042, 20, 21, 0, 11, 20, 6323 },
  { 0x0043, 23, 21, 0, 11, 23, 6533 },
  { 0x0044, 22, 21, 0, 11, 22, 6785 },
  { 0x0045, 16, 21, 0, 11, 16, 7016 },
  { 0x0046, 16, 21, 0, 11, 16, 7184 },
  { 0x0047, 23, 21, 0, 11, 23, 7352 },
  { 0x0048, 22, 21, 0, 11, 22, 7604 },
  { 0x0049, 9, 21, 0, 11, 9, 7835 },
  { 0x004a, 17, 21, 0, 11, 17, 7940 },
  { 0x004b, 21, 21, 0, 11, 21, 8129 },
  { 0x004c, 14, 21, 0, 11, 14, 8360 },
  { 0x004d, 28, 21, 0, 11, 28, 8507 },
  { 0x004e, 23, 21, 0, 11, 23, 8801 },
  { 0x004f, 24, 21, 0, 11, 24, 9053 },
  { 0x0050, 19, 21, 0, 11, 19, 9305 },
  { 0x0051, 24, 25, 0, 11, 24, 9515 },
  { 0x0052, 20, 21, 0, 11, 20, 9815 },
  { 0x0053, 18, 21, 0, 11, 18, 10025 },
  { 0x0054, 18, 21, 0, 11, 18, 10214 },
  { 0x0055, 21, 21, 0, 11, 21, 10403 },
  { 0x0056, 22, 21, 0, 11, 22, 10634 },
  { 0x0057, 32, 21, 0, 11, 32, 10865 },
  { 0x0058, 21, 21, 0, 11, 21, 11201 },
  { 0x0059, 21, 21, -1, 11, 20, 11432 },
  { 0x005a, 18, 21, 0, 11, 18, 11663 },
  { 0x005b, 15, 34, 0, 4, 15, 11852 },
  { 0x005c, 24, 34, 0, 4, 24, 12124 },
  { 0x005d, 15, 34, 0, 4, 15, 12532 },
  { 0x005e, 21, 21, 0, 11, 21, 12804 },
  { 0x005f, 23, 6, 0, 32, 23, 13035 },
  { 0x0060, 9, 25, 0, 7, 9, 13107 },
  { 0x0061, 20, 17, 0, 15, 20, 13232 },
  { 0x0062, 20, 22, 0, 10, 20, 13402 },
  { 0x0063, 18, 17, 0, 15, 18, 13622 },
  { 0x0064, 20, 22, 0, 10, 20, 13775 },
  { 0x0065, 18, 17, 0, 15, 18, 13995 },
  { 0x0066, 11, 24, 0, 8, 11, 14148 },
  { 0x0067, 20, 25, 0, 15, 20, 14292 },
  { 0x0068, 20, 22, 0, 10, 20, 14542 },
  { 0x0069, 9, 24, 0, 8, 9, 14762 },
  { 0x006a, 10, 32, -1, 8, 9, 14882 },
  { 0x006b, 19, 22, 0, 10, 19, 15042 },
  { 0x006c, 9, 22, 0, 10, 9, 15262 },
  { 0x006d, 32, 17, 0, 15, 32, 15372 },
  { 0x006e, 20, 17, 0, 15, 20, 15644 },
  { 0x006f, 19, 17, 0, 15, 19, 15814 },
  { 0x0070, 20, 25, 0, 15, 20, 15984 },
  { 0x0071, 20, 25, 0, 15, 20, 16234 },
  { 0x0072, 13, 17, 0, 15, 13, 16484 },
  { 0x0073, 17, 17, 0, 15, 17, 16603 },
  { 0x0074, 12, 21, 0, 11, 12, 16756 },
  { 0x0075, 20, 17, 0, 15, 20, 16882 },
  { 0x0076, 19, 17, 0, 15, 19, 17052 },
  { 0x0077, 26, 17, 0, 15, 26, 17222 },
  { 0x0078, 18, 17, 0, 15, 18, 17443 },
  { 0x0079, 20, 25, -1, 15, 19, 17596 },
  { 0x007a, 15, 17, 0, 15, 15, 17846 },
  { 0x007b, 15, 34, 0, 4, 15, 17982 },
  { 0x007c, 9, 28, 0, 8, 9, 18254 },
  { 0x007d, 15, 34, 0, 4, 15, 18394 },
  { 0x007e, 19, 13, 0, 19, 19, 18666 },
  { 0x00e7, 18, 25, 0, 15, 18, 18796 },
  { 0x011f, 20, 33, 0, 7, 20, 19021 },
  { 0x0131, 10, 17, 0, 15, 10, 19351 },
  { 0x00f6, 19, 24, 0, 8, 19, 19436 },
  { 0x015f, 17, 25, 0, 15, 17, 19676 },
  { 0x00fc, 20, 23, 0, 9, 20, 19901 },
  { 0x00c7, 23, 29, 0, 11, 23, 20131 },
  { 0x011e, 23, 28, 0, 4, 23, 20479 },
  { 0x0130, 9, 28, 0, 4, 9, 20815 },
  { 0x00d6, 24, 28, 0, 4, 24, 20955 },
  { 0x015e, 18, 30, 0, 11, 18, 21291 },
  { 0x00dc, 21, 28, 0, 4, 21, 21561 },
  { 0x00b0, 14, 21, 0, 11, 14, 21869 },
  { 0x00b7, 9, 13, 0, 19, 9, 22016 },
  { 0x2026, 23, 6, 0, 26, 23, 22081 },
  { 0x2013, 21, 13, 0, 19, 21, 22153 },
};
STATIC CONST FONT mFontTitle = { 43, 32, 111, mFontTitleGlyphs, mFontTitleData };
STATIC CONST UINT8 mFontLogoData[] = {
  0x00, 0x8f, 0xff, 0xf0, 0x00, 0x00, 0x8f, 0xff, 0xf0, 0x00, 0x00, 0x8f, 0xff, 0xf0, 0x00, 0x00, 0x8f, 0xff, 0xf0, 0x00, 0x00, 0x8f, 0xff, 0xf0,
  0x00, 0x00, 0x8f, 0xff, 0xf0, 0x00, 0x00, 0x8f, 0xff, 0xf0, 0x00, 0x00, 0x8f, 0xff, 0xf0, 0x00, 0x00, 0x8f, 0xff, 0xf0, 0x00, 0x00, 0x8f, 0xff,
  0xf0, 0x00, 0x00, 0x8f, 0xff, 0xf0, 0x00, 0x00, 0x8f, 0xff, 0xf0, 0x00, 0x00, 0x8f, 0xff, 0xf0, 0x00, 0x00, 0x00, 0x00, 0x00, 0x00, 0x00, 0x00,
  0x00, 0x00, 0x00, 0x00, 0x2b, 0xfc, 0x20, 0x00, 0x00, 0xbf, 0xff, 0xb0, 0x00, 0x00, 0xff, 0xff, 0xf0, 0x00, 0x00, 0xcf, 0xff, 0xc0, 0x00, 0x00,
  0x2c, 0xfc, 0x20, 0x00, 0x0f, 0xff, 0x00, 0xff, 0xf0, 0x00, 0x0f, 0xff, 0x00, 0xff, 0xf0, 0x00, 0x0f, 0xff, 0x00, 0xff, 0xf0, 0x00, 0x0f, 0xff,
  0x00, 0xff, 0xf0, 0x00, 0x0f, 0xff, 0x00, 0xff, 0xf0, 0x00, 0x0f, 0xff, 0x00, 0xff, 0xf0, 0x00, 0x00, 0x00, 0x00, 0x00, 0x00, 0x00, 0x00, 0x00,
  0x00, 0x00, 0x00, 0x00, 0x00, 0x00, 0x00, 0x00, 0x00, 0x00, 0x00, 0x00, 0x00, 0x00, 0x00, 0x00, 0x00, 0x00, 0x00, 0x00, 0x00, 0x00, 0x00, 0x00,
  0x00, 0x00, 0x00, 0x00, 0x00, 0x00, 0x00, 0x00, 0x00, 0x00, 0x00, 0x00, 0x00, 0x00, 0x00, 0x00, 0x00, 0x00, 0x00, 0x00, 0x00, 0x00, 0x00, 0x00,
  0x00, 0x00, 0x00, 0x00, 0x00, 0x00, 0x00, 0x00, 0x00, 0x00, 0x00, 0x00, 0x00, 0x00, 0x00, 0x00, 0x00, 0x00, 0x00, 0x00, 0x00, 0x00, 0x00, 0x00,
  0x00, 0x00, 0x00, 0x00, 0x00, 0x00, 0x00, 0x00, 0x00, 0x00, 0x00, 0x00, 0x00, 0x00, 0x68, 0x88, 0x10, 0x00, 0x58, 0x88, 0x10, 0x00, 0x00, 0x00,
  0x00, 0x00, 0xff, 0xff, 0x00, 0x00, 0xef, 0xff, 0x10, 0x00, 0x00, 0x00, 0x00, 0x03, 0xff, 0xfb, 0x00, 0x02, 0xff, 0xfd, 0x00, 0x00, 0x00, 0x00,
  0x00, 0x07, 0xff, 0xf8, 0x00, 0x05, 0xff, 0xfa, 0x00, 0x00, 0x00, 0x0e, 0xee, 0xef, 0xff, 0xff, 0xee, 0xef, 0xff, 0xff, 0xee, 0xe0, 0x00, 0x0f,
  0xff, 0xff, 0xff, 0xff, 0xff, 0xff, 0xff, 0xff, 0xff, 0xf0, 0x00, 0x0f, 0xff, 0xff, 0xff, 0xff, 0xff, 0xff, 0xff, 0xff, 0xff, 0xf0, 0x00, 0x0f,
  0xff, 0xff, 0xff, 0xff, 0xff, 0xff, 0xff, 0xff, 0xff, 0xf0, 0x00, 0x00, 0x00, 0x7f, 0xff, 0x80, 0x00, 0x5f, 0xff, 0x90, 0x00, 0x00, 0x00, 0x00,
  0x00, 0xaf, 0xff, 0x50, 0x00, 0x8f, 0xff, 0x70, 0x00, 0x00, 0x00, 0x00, 0x00, 0xdf, 0xff, 0x20, 0x00, 0xbf, 0xff, 0x40, 0x00, 0x00, 0x00, 0x00,
  0x00, 0xff, 0xff, 0x00, 0x00, 0xef, 0xff, 0x10, 0x00, 0x00, 0x0f, 0xff, 0xff, 0xff, 0xff, 0xff, 0xff, 0xff, 0xff, 0xff, 0xf0, 0x00, 0x0f, 0xff,
  0xff, 0xff, 0xff, 0xff, 0xff, 0xff, 0xff, 0xff, 0xf0, 0x00, 0x0f, 0xff, 0xff, 0xff, 0xff, 0xff, 0xff, 0xff, 0xff, 0xff, 0xf0, 0x00, 0x0e, 0xee,
  0xef, 0xff, 0xfe, 0xee, 0xef, 0xff, 0xfe, 0xee, 0xe0, 0x00, 0x00, 0x00, 0x0f, 0xff, 0xf0, 0x00, 0x0e, 0xff, 0xf1, 0x00, 0x00, 0x00, 0x00, 0x00,
  0x3f, 0xff, 0xc0, 0x00, 0x1f, 0xff, 0xd0, 0x00, 0x00, 0x00, 0x00, 0x00, 0x6f, 0xff, 0x80, 0x00, 0x4f, 0xff, 0xa0, 0x00, 0x00, 0x00, 0x00, 0x00,
  0xaf, 0xff, 0x50, 0x00, 0x8f, 0xff, 0x70, 0x00, 0x00, 0x00, 0x00, 0x00, 0x00, 0x0d, 0xf0, 0x00, 0x00, 0x00, 0x00, 0x00, 0x00, 0x00, 0x0d, 0xf0,
  0x00, 0x00, 0x00, 0x00, 0x00, 0x01, 0x8d, 0xff, 0xff, 0xd7, 0x00, 0x00, 0x00, 0x00, 0x4f, 0xff, 0xff, 0xff, 0xff, 0xd2, 0x00, 0x00, 0x02, 0xff,
  0xff, 0xff, 0xff, 0xff, 0xfd, 0x00, 0x00, 0x0a, 0xff, 0xff, 0xae, 0xfd, 0xff, 0xff, 0x50, 0x00, 0x0e, 0xff, 0xfb, 0x0d, 0xf2, 0xff, 0xff, 0x90,
  0x00, 0x0f, 0xff, 0xf9, 0x0d, 0xf0, 0x67, 0x77, 0x50, 0x00, 0x0d, 0xff, 0xff, 0x4d, 0xf0, 0x00, 0x00, 0x00, 0x00, 0x09, 0xff, 0xff, 0xff, 0xf2,
  0x00, 0x00, 0x00, 0x00, 0x01, 0xef, 0xff, 0xff, 0xff, 0xd7, 0x10, 0x00, 0x00, 0x00, 0x2d, 0xff, 0xff, 0xff, 0xff, 0xe4, 0x00, 0x00, 0x00, 0x00,
  0x5b, 0xff, 0xff, 0xff, 0xff, 0x20, 0x00, 0x00, 0x00, 0x00, 0x0d, 0xfe, 0xff, 0xff, 0xa0, 0x00, 0x00, 0x00, 0x00, 0x0d, 0xf1, 0xdf, 0xff, 0xe0,
  0x00, 0x0a, 0xaa, 0xa6, 0x0d, 0xf0, 0x9f, 0xff, 0xf0, 0x00, 0x0e, 0xff, 0xfe, 0x1d, 0xf0, 0xcf, 0xff, 0xd0, 0x00, 0x09, 0xff, 0xff, 0xef, 0xfb,
  0xff, 0xff, 0x90, 0x00, 0x01, 0xef, 0xff, 0xff, 0xff, 0xff, 0xfe, 0x10, 0x00, 0x00, 0x2d, 0xff, 0xff, 0xff, 0xff, 0xe3, 0x00, 0x00, 0x00, 0x00,
  0x6b, 0xef, 0xff, 0xd8, 0x10, 0x00, 0x00, 0x00, 0x00, 0x00, 0x0d, 0xf0, 0x00, 0x00, 0x00, 0x00, 0x00, 0x00, 0x00, 0x0d, 0xf0, 0x00, 0x00, 0x00,
  0x00, 0x00, 0x19, 0xef, 0xe9, 0x10, 0x00, 0x04, 0xff, 0xff, 0x60, 0x00, 0x00, 0x01, 0xef, 0xff, 0xff, 0xe1, 0x00, 0x0c, 0xff, 0xfd, 0x00, 0x00,
  0x00, 0x0a, 0xff, 0xfe, 0xff, 0xfa, 0x00, 0x4f, 0xff, 0xf6, 0x00, 0x00, 0x00, 0x0e, 0xff, 0x40, 0x4f, 0xfe, 0x00, 0xcf, 0xff, 0xd0, 0x00, 0x00,
  0x00, 0x0f, 0xff, 0x00, 0x0f, 0xff, 0x05, 0xff, 0xff, 0x50, 0x00, 0x00, 0x00, 0x0e, 0xff, 0x60, 0x6f, 0xfe, 0x0d, 0xff, 0xfd, 0x00, 0x00, 0x00,
  0x00, 0x09, 0xff, 0xff, 0xff, 0xf9, 0x5f, 0xff, 0xf5, 0x00, 0x00, 0x00, 0x00, 0x01, 0xdf, 0xff, 0xff, 0xd1, 0xdf, 0xff, 0xd0, 0x00, 0x00, 0x00,
  0x00, 0x00, 0x07, 0xbd, 0xb7, 0x05, 0xff, 0xff, 0x50, 0x00, 0x00, 0x00, 0x00, 0x00, 0x00, 0x00, 0x00, 0x0d, 0xff, 0xfd, 0x00, 0x00, 0x00, 0x00,
  0x00, 0x00, 0x00, 0x00, 0x00, 0x5f, 0xff, 0xf5, 0x19, 0xef, 0xe9, 0x10, 0x00, 0x00, 0x00, 0x00, 0x00, 0xdf, 0xff, 0xd1, 0xef, 0xff, 0xff, 0xe1,
  0x00, 0x00, 0x00, 0x00, 0x05, 0xff, 0xff, 0x59, 0xff, 0xeb, 0xef, 0xf9, 0x00, 0x00, 0x00, 0x00, 0x0d, 0xff, 0xfc, 0x0e, 0xff, 0x30, 0x3f, 0xfe,
  0x00, 0x00, 0x00, 0x00, 0x6f, 0xff, 0xf4, 0x0f, 0xff, 0x00, 0x0f, 0xff, 0x00, 0x00, 0x00, 0x00, 0xdf, 0xff, 0xc0, 0x0e, 0xff, 0x40, 0x5f, 0xfe,
  0x00, 0x00, 0x00, 0x06, 0xff, 0xff, 0x40, 0x09, 0xff, 0xfe, 0xff, 0xf9, 0x00, 0x00, 0x00, 0x0d, 0xff, 0xfc, 0x00, 0x01, 0xef, 0xff, 0xff, 0xe1,
  0x00, 0x00, 0x00, 0x6f, 0xff, 0xf4, 0x00, 0x00, 0x19, 0xef, 0xe9, 0x10, 0x00, 0x00, 0x00, 0x00, 0x7c, 0xef, 0xda, 0x30, 0x00, 0x00, 0x00, 0x00,
  0x00, 0x00, 0x2e, 0xff, 0xff, 0xff, 0xf7, 0x00, 0x00, 0x00, 0x00, 0x00, 0x00, 0xef, 0xff, 0xff, 0xff, 0xff, 0x40, 0x00, 0x00, 0x00, 0x00, 0x05,
  0xff, 0xff, 0xff, 0xff, 0xff, 0xb0, 0x00, 0x00, 0x00, 0x00, 0x07, 0xff, 0xff, 0x30, 0xcf, 0xff, 0xe0, 0x00, 0x00, 0x00, 0x00, 0x06, 0xff, 0xff,
  0x10, 0x13, 0x33, 0x30, 0x00, 0x00, 0x00, 0x00, 0x02, 0xff, 0xff, 0xa0, 0x00, 0x00, 0x00, 0x00, 0x00, 0x00, 0x00, 0x00, 0x8f, 0xff, 0xf8, 0x00,
  0x00, 0x00, 0x00, 0x00, 0x00, 0x00, 0x03, 0xdf, 0xff, 0xff, 0xa0, 0x00, 0x00, 0x00, 0x00, 0x00, 0x00, 0x5f, 0xff, 0xff, 0xff, 0xfb, 0x00, 0x2f,
  0xff, 0xf5, 0x00, 0x02, 0xff, 0xff, 0xd7, 0xff, 0xff, 0xc1, 0xcf, 0xff, 0xc0, 0x00, 0x0a, 0xff, 0xfe, 0x10, 0x4f, 0xff, 0xfe, 0xff, 0xff, 0x30,
  0x00, 0x0d, 0xff, 0xf9, 0x00, 0x04, 0xff, 0xff, 0xff, 0xfa, 0x00, 0x00, 0x0f, 0xff, 0xfb, 0x00, 0x00, 0x5f, 0xff, 0xff, 0xf1, 0x00, 0x00, 0x0d,
  0xff, 0xff, 0x70, 0x01, 0x7f, 0xff, 0xff, 0xf3, 0x00, 0x00, 0x08, 0xff, 0xff, 0xff, 0xff, 0xff, 0xff, 0xff, 0xfe, 0x20, 0x00, 0x01, 0xef, 0xff,
  0xff, 0xff, 0xff, 0xff, 0xff, 0xff, 0xd1, 0x00, 0x00, 0x2d, 0xff, 0xff, 0xff, 0xff, 0xf8, 0x6f, 0xff, 0xfc, 0x00, 0x00, 0x00, 0x5a, 0xdf, 0xfe,
  0xb7, 0x10, 0x07, 0xff, 0xff, 0xb0, 0x0f, 0xff, 0x00, 0x0f, 0xff, 0x00, 0x0f, 0xff, 0x00, 0x0f, 0xff, 0x00, 0x0f, 0xff, 0x00, 0x0f, 0xff, 0x00,
  0x00, 0x00, 0x00, 0x00, 0x00, 0x00, 0x00, 0x00, 0x00, 0x00, 0x00, 0x00, 0x00, 0x00, 0x00, 0x00, 0x00, 0x00, 0x00, 0x00, 0x00, 0x00, 0x00, 0x00,
  0x00, 0x00, 0x00, 0x00, 0x00, 0x00, 0x00, 0x00, 0x00, 0x00, 0x00, 0x00, 0x00, 0x00, 0x00, 0x00, 0x00, 0x00, 0x00, 0x00, 0x00, 0x00, 0x00, 0x00,
  0x0a, 0xff, 0xfd, 0x00, 0x00, 0x00, 0x9f, 0xff, 0xe2, 0x00, 0x00, 0x05, 0xff, 0xff, 0x50, 0x00, 0x00, 0x1e, 0xff, 0xfa, 0x00, 0x00, 0x00, 0x9f,
  0xff, 0xf2, 0x00, 0x00, 0x01, 0xff, 0xff, 0xa0, 0x00, 0x00, 0x07, 0xff, 0xff, 0x30, 0x00, 0x00, 0x0d, 0xff, 0xfd, 0x00, 0x00, 0x00, 0x2f, 0xff,
  0xf8, 0x00, 0x00, 0x00, 0x5f, 0xff, 0xf3, 0x00, 0x00, 0x00, 0x9f, 0xff, 0xf0, 0x00, 0x00, 0x00, 0xbf, 0xff, 0xd0, 0x00, 0x00, 0x00, 0xdf, 0xff,
  0xb0, 0x00, 0x00, 0x00, 0xef, 0xff, 0x90, 0x00, 0x00, 0x00, 0xff, 0xff, 0x80, 0x00, 0x00, 0x00, 0xff, 0xff, 0x80, 0x00, 0x00, 0x00, 0xff, 0xff,
  0x90, 0x00, 0x00, 0x00, 0xef, 0xff, 0xa0, 0x00, 0x00, 0x00, 0xcf, 0xff, 0xc0, 0x00, 0x00, 0x00, 0xaf, 0xff, 0xf0, 0x00, 0x00, 0x00, 0x6f, 0xff,
  0xf3, 0x00, 0x00, 0x00, 0x3f, 0xff, 0xf7, 0x00, 0x00, 0x00, 0x0e, 0xff, 0xfc, 0x00, 0x00, 0x00, 0x09, 0xff, 0xff, 0x20, 0x00, 0x00, 0x02, 0xff,
  0xff, 0x90, 0x00, 0x00, 0x00, 0xbf, 0xff, 0xf2, 0x00, 0x00, 0x00, 0x2f, 0xff, 0xfa, 0x00, 0x00, 0x00, 0x08, 0xff, 0xff, 0x50, 0x00, 0x00, 0x00,
  0xcf, 0xff, 0xe2, 0x00, 0x00, 0x00, 0x1d, 0xff, 0xfd, 0x5f, 0xff, 0xf3, 0x00, 0x00, 0x00, 0x09, 0xff, 0xff, 0x20, 0x00, 0x00, 0x00, 0xdf, 0xff,
  0xd0, 0x00, 0x00, 0x00, 0x3f, 0xff, 0xf8, 0x00, 0x00, 0x00, 0x0a, 0xff, 0xff, 0x10, 0x00, 0x00, 0x02, 0xff, 0xff, 0x80, 0x00, 0x00, 0x00, 0xbf,
  0xff, 0xf0, 0x00, 0x00, 0x00, 0x5f, 0xff, 0xf5, 0x00, 0x00, 0x00, 0x0f, 0xff, 0xfa, 0x00, 0x00, 0x00, 0x0b, 0xff, 0xfe, 0x00, 0x00, 0x00, 0x07,
  0xff, 0xff, 0x10, 0x00, 0x00, 0x04, 0xff, 0xff, 0x40, 0x00, 0x00, 0x02, 0xff, 0xff, 0x60, 0x00, 0x00, 0x01, 0xff, 0xff, 0x70, 0x00, 0x00, 0x00,
  0xff, 0xff, 0x80, 0x00, 0x00, 0x00, 0xff, 0xff, 0x80, 0x00, 0x00, 0x01, 0xff, 0xff, 0x70, 0x00, 0x00, 0x02, 0xff, 0xff, 0x60, 0x00, 0x00, 0x04,
  0xff, 0xff, 0x40, 0x00, 0x00, 0x07, 0xff, 0xff, 0x20, 0x00, 0x00, 0x0a, 0xff, 0xfe, 0x00, 0x00, 0x00, 0x0e, 0xff, 0xfb, 0x00, 0x00, 0x00, 0x4f,
  0xff, 0xf6, 0x00, 0x00, 0x00, 0xaf, 0xff, 0xf1, 0x00, 0x00, 0x01, 0xff, 0xff, 0xa0, 0x00, 0x00, 0x09, 0xff, 0xff, 0x30, 0x00, 0x00, 0x2f, 0xff,
  0xfa, 0x00, 0x00, 0x00, 0xdf, 0xff, 0xe1, 0x00, 0x00, 0x09, 0xff, 0xff, 0x40, 0x00, 0x00, 0x5f, 0xff, 0xf6, 0x00, 0x00, 0x00, 0x00, 0x00, 0x07,
  0xff, 0x70, 0x00, 0x00, 0x00, 0x08, 0x14, 0xff, 0x41, 0x80, 0x00, 0x00, 0x4f, 0xd3, 0xff, 0x3d, 0xf4, 0x00, 0x00, 0xcf, 0xfe, 0xff, 0xef, 0xfc,
  0x00, 0x00, 0x16, 0xbf, 0xff, 0xfc, 0x61, 0x00, 0x00, 0x27, 0xdf, 0xff, 0xfc, 0x61, 0x00, 0x00, 0xdf, 0xff, 0xff, 0xff, 0xfc, 0x00, 0x00, 0x4f,
  0xe4, 0xff, 0x3e, 0xf4, 0x00, 0x00, 0x09, 0x23, 0xff, 0x31, 0x80, 0x00, 0x00, 0x00, 0x06, 0xff, 0x60, 0x00, 0x00, 0x00, 0x00, 0x00, 0x00, 0x00,
  0x00, 0x00, 0x00, 0x00, 0x00, 0x00, 0x00, 0x00, 0x00, 0x00, 0x00, 0x00, 0x00, 0x00, 0x00, 0x00, 0x00, 0x00, 0x00, 0x00, 0x00, 0x00, 0x00, 0x00,
  0x00, 0x00, 0x00, 0x00, 0x00, 0x00, 0x00, 0x00, 0x00, 0x00, 0x00, 0x00, 0x00, 0x00, 0x00, 0x00, 0x00, 0x00, 0x00, 0x00, 0x00, 0x00, 0x00, 0x00,
  0x00, 0x00, 0x00, 0x00, 0x00, 0x00, 0x00, 0x00, 0x00, 0x00, 0x00, 0x00, 0x00, 0x00, 0x00, 0x00, 0x00, 0x00, 0x00, 0x00, 0x8f, 0xff, 0xf0, 0x00,
  0x00, 0x00, 0x00, 0x00, 0x8f, 0xff, 0xf0, 0x00, 0x00, 0x00, 0x00, 0x00, 0x8f, 0xff, 0xf0, 0x00, 0x00, 0x00, 0x00, 0x00, 0x8f, 0xff, 0xf0, 0x00,
  0x00, 0x00, 0x00, 0x00, 0x8f, 0xff, 0xf0, 0x00, 0x00, 0x00, 0xee, 0xee, 0xff, 0xff, 0xfe, 0xee, 0xe0, 0x00, 0xff, 0xff, 0xff, 0xff, 0xff, 0xff,
  0xf0, 0x00, 0xff, 0xff, 0xff, 0xff, 0xff, 0xff, 0xf0, 0x00, 0xff, 0xff, 0xff, 0xff, 0xff, 0xff, 0xf0, 0x00, 0x00, 0x00, 0x8f, 0xff, 0xf0, 0x00,
  0x00, 0x00, 0x00, 0x00, 0x8f, 0xff, 0xf0, 0x00, 0x00, 0x00, 0x00, 0x00, 0x8f, 0xff, 0xf0, 0x00, 0x00, 0x00, 0x00, 0x00, 0x8f, 0xff, 0xf0, 0x00,
  0x00, 0x00, 0x00, 0x00, 0x8f, 0xff, 0xf0, 0x00, 0x00, 0x00, 0x00, 0x00, 0x00, 0x00, 0x00, 0x00, 0x00, 0x00, 0x00, 0x00, 0x00, 0x00, 0x00, 0x00,
  0x00, 0x00, 0x00, 0x00, 0x00, 0x00, 0x00, 0x00, 0x00, 0x00, 0xef, 0xff, 0x30, 0x01, 0xff, 0xfd, 0x00, 0x04, 0xff, 0xf7, 0x00, 0x07, 0xff, 0xf2,
  0x00, 0x0a, 0xff, 0xc0, 0x00, 0x0d, 0xff, 0x60, 0x00, 0x0f, 0xff, 0x10, 0x00, 0x3f, 0xfb, 0x00, 0x00, 0x0e, 0xee, 0xee, 0xee, 0xee, 0xee, 0x00,
  0x00, 0x0f, 0xff, 0xff, 0xff, 0xff, 0xff, 0x00, 0x00, 0x0f, 0xff, 0xff, 0xff, 0xff, 0xff, 0x00, 0x00, 0x0f, 0xff, 0xff, 0xff, 0xff, 0xff, 0x00,
  0x00, 0x00, 0x00, 0x00, 0x00, 0x00, 0x00, 0x00, 0x00, 0x00, 0x00, 0x00, 0x00, 0x00, 0x00, 0x00, 0x00, 0x00, 0x00, 0x00, 0x00, 0x00, 0x00, 0x00,
  0x00, 0x00, 0x00, 0x00, 0x00, 0x00, 0x00, 0x00, 0x00, 0x00, 0x00, 0x00, 0x00, 0x00, 0x00, 0x00, 0x00, 0x00, 0x00, 0x00, 0x00, 0x00, 0x00, 0x00,
  0x00, 0x00, 0x00, 0x00, 0x00, 0x00, 0x00, 0x00, 0x00, 0x02, 0xcf, 0xc2, 0x00, 0x0c, 0xff, 0xfb, 0x00, 0x0f, 0xff, 0xff, 0x00, 0x0c, 0xff, 0xfc,
  0x00, 0x02, 0xcf, 0xc2, 0x00, 0x00, 0x00, 0x00, 0x0e, 0xff, 0xf6, 0x00, 0x00, 0x00, 0x1f, 0xff, 0xf2, 0x00, 0x00, 0x00, 0x5f, 0xff, 0xe0, 0x00,
  0x00, 0x00, 0x9f, 0xff, 0xb0, 0x00, 0x00, 0x00, 0xdf, 0xff, 0x70, 0x00, 0x00, 0x00, 0xff, 0xff, 0x30, 0x00, 0x00, 0x04, 0xff, 0xff, 0x00, 0x00,
  0x00, 0x08, 0xff, 0xfc, 0x00, 0x00, 0x00, 0x0b, 0xff, 0xf8, 0x00, 0x00, 0x00, 0x0f, 0xff, 0xf4, 0x00, 0x00, 0x00, 0x3f, 0xff, 0xf1, 0x00, 0x00,
  0x00, 0x7f, 0xff, 0xd0, 0x00, 0x00, 0x00, 0xaf, 0xff, 0x90, 0x00, 0x00, 0x00, 0xef, 0xff, 0x60, 0x00, 0x00, 0x02, 0xff, 0xff, 0x20, 0x00, 0x00,
  0x05, 0xff, 0xfe, 0x00, 0x00, 0x00, 0x09, 0xff, 0xfa, 0x00, 0x00, 0x00, 0x0d, 0xff, 0xf7, 0x00, 0x00, 0x00, 0x1f, 0xff, 0xf3, 0x00, 0x00, 0x00,
  0x4f, 0xff, 0xf0, 0x00, 0x00, 0x00, 0x8f, 0xff, 0xc0, 0x00, 0x00, 0x00, 0xcf, 0xff, 0x80, 0x00, 0x00, 0x00, 0xff, 0xff, 0x40, 0x00, 0x00, 0x03,
  0xff, 0xff, 0x10, 0x00, 0x00, 0x07, 0xff, 0xfd, 0x00, 0x00, 0x00, 0x0b, 0xff, 0xf9, 0x00, 0x00, 0x00, 0x0e, 0xff, 0xf5, 0x00, 0x00, 0x00, 0x2f,
  0xff, 0xf2, 0x00, 0x00, 0x00, 0x6f, 0xff, 0xe0, 0x00, 0x00, 0x00, 0x9f, 0xff, 0xa0, 0x00, 0x00, 0x00, 0x00, 0x00, 0x18, 0xce, 0xfe, 0xa5, 0x00,
  0x00, 0x00, 0x00, 0x04, 0xef, 0xff, 0xff, 0xff, 0xb0, 0x00, 0x00, 0x00, 0x2f, 0xff, 0xff, 0xff, 0xff, 0xfa, 0x00, 0x00, 0x00, 0xbf, 0xff, 0xff,
  0xff, 0xff, 0xff, 0x30, 0x00, 0x02, 0xff, 0xff, 0xb1, 0x04, 0xff, 0xff, 0xa0, 0x00, 0x07, 0xff, 0xff, 0x10, 0x00, 0x8f, 0xff, 0xf0, 0x00, 0x0a,
  0xff, 0xfd, 0x00, 0x00, 0x4f, 0xff, 0xf3, 0x00, 0x0d, 0xff, 0xfa, 0x00, 0x00, 0x2f, 0xff, 0xf5, 0x00, 0x0e, 0xff, 0xf9, 0x00, 0x00, 0x0f, 0xff,
  0xf7, 0x00, 0x0f, 0xff, 0xf8, 0x00, 0x00, 0x0f, 0xff, 0xf8, 0x00, 0x0f, 0xff, 0xf8, 0x00, 0x00, 0x0f, 0xff, 0xf8, 0x00, 0x0e, 0xff, 0xf9, 0x00,
  0x00, 0x0f, 0xff, 0xf7, 0x00, 0x0d, 0xff, 0xfa, 0x00, 0x00, 0x1f, 0xff, 0xf5, 0x00, 0x0a, 0xff, 0xfc, 0x00, 0x00, 0x4f, 0xff, 0xf3, 0x00, 0x07,
  0xff, 0xff, 0x10, 0x00, 0x9f, 0xff, 0xf0, 0x00, 0x02, 0xff, 0xff, 0xb1, 0x05, 0xff, 0xff, 0xa0, 0x00, 0x00, 0xbf, 0xff, 0xff, 0xff, 0xff, 0xff,
  0x30, 0x00, 0x00, 0x2f, 0xff, 0xff, 0xff, 0xff, 0xfa, 0x00, 0x00, 0x00, 0x04, 0xef, 0xff, 0xff, 0xff, 0xb0, 0x00, 0x00, 0x00, 0x00, 0x18, 0xce,
  0xfe, 0xa5, 0x00, 0x00, 0x00, 0x8f, 0xff, 0xff, 0xf8, 0x00, 0x8f, 0xff, 0xff, 0xf8, 0x00, 0x8f, 0xff, 0xff, 0xf8, 0x00, 0x7e, 0xef, 0xff, 0xf8,
  0x00, 0x00, 0x0f, 0xff, 0xf8, 0x00, 0x00, 0x0f, 0xff, 0xf8, 0x00, 0x00, 0x0f, 0xff, 0xf8, 0x00, 0x00, 0x0f, 0xff, 0xf8, 0x00, 0x00, 0x0f, 0xff,
  0xf8, 0x00, 0x00, 0x0f, 0xff, 0xf8, 0x00, 0x00, 0x0f, 0xff, 0xf8, 0x00, 0x00, 0x0f, 0xff, 0xf8, 0x00, 0x00, 0x0f, 0xff, 0xf8, 0x00, 0x00, 0x0f,
  0xff, 0xf8, 0x00, 0x00, 0x0f, 0xff, 0xf8, 0x00, 0x00, 0x0f, 0xff, 0xf8, 0x00, 0x00, 0x0f, 0xff, 0xf8, 0x00, 0x00, 0x0f, 0xff, 0xf8, 0x00, 0x00,
  0x0f, 0xff, 0xf8, 0x00, 0x00, 0x00, 0x39, 0xce, 0xdb, 0x70, 0x00, 0x00, 0x00, 0x09, 0xff, 0xff, 0xff, 0xfe, 0x30, 0x00, 0x00, 0xaf, 0xff, 0xff,
  0xff, 0xff, 0xe1, 0x00, 0x04, 0xff, 0xff, 0xff, 0xff, 0xff, 0xf8, 0x00, 0x0a, 0xff, 0xff, 0x60, 0x4f, 0xff, 0xfd, 0x00, 0x0d, 0xff, 0xfc, 0x00,
  0x0a, 0xff, 0xff, 0x00, 0x0d, 0xee, 0xe8, 0x00, 0x08, 0xff, 0xff, 0x00, 0x00, 0x00, 0x00, 0x00, 0x0b, 0xff, 0xfd, 0x00, 0x00, 0x00, 0x00, 0x00,
  0x2f, 0xff, 0xf9, 0x00, 0x00, 0x00, 0x00, 0x00, 0xbf, 0xff, 0xf2, 0x00, 0x00, 0x00, 0x00, 0x07, 0xff, 0xff, 0x90, 0x00, 0x00, 0x00, 0x00, 0x6f,
  0xff, 0xfd, 0x00, 0x00, 0x00, 0x00, 0x06, 0xff, 0xff, 0xe2, 0x00, 0x00, 0x00, 0x00, 0x8f, 0xff, 0xff, 0x30, 0x00, 0x00, 0x00, 0x0a, 0xff, 0xff,
  0xe3, 0x00, 0x00, 0x00, 0x01, 0xcf, 0xff, 0xfd, 0x20, 0x00, 0x00, 0x00, 0x0e, 0xff, 0xff, 0xff, 0xee, 0xee, 0xee, 0x00, 0x0f, 0xff, 0xff, 0xff,
  0xff, 0xff, 0xff, 0x00, 0x0f, 0xff, 0xff, 0xff, 0xff, 0xff, 0xff, 0x00, 0x0f, 0xff, 0xff, 0xff, 0xff, 0xff, 0xff, 0x00, 0x00, 0x00, 0x7c, 0xef,
  0xec, 0x71, 0x00, 0x00, 0x00, 0x3e, 0xff, 0xff, 0xff, 0xfe, 0x40, 0x00, 0x01, 0xef, 0xff, 0xff, 0xff, 0xff, 0xf2, 0x00, 0x08, 0xff, 0xff, 0xff,
  0xff, 0xff, 0xfa, 0x00, 0x0d, 0xff, 0xff, 0x60, 0x2e, 0xff, 0xfe, 0x00, 0x0f, 0xff, 0xfd, 0x00, 0x09, 0xff, 0xff, 0x00, 0x00, 0x00, 0x00, 0x00,
  0x0a, 0xff, 0xfd, 0x00, 0x00, 0x00, 0x00, 0x01, 0x6f, 0xff, 0xf8, 0x00, 0x00, 0x00, 0x01, 0xff, 0xff, 0xff, 0xd0, 0x00, 0x00, 0x00, 0x01, 0xff,
  0xff, 0xf9, 0x10, 0x00, 0x00, 0x00, 0x01, 0xff, 0xff, 0xfe, 0x60, 0x00, 0x00, 0x00, 0x00, 0xef, 0xff, 0xff, 0xf8, 0x00, 0x00, 0x00, 0x00, 0x00,
  0x2b, 0xff, 0xff, 0x20, 0x03, 0x33, 0x31, 0x00, 0x01, 0xff, 0xff, 0x60, 0x0f, 0xff, 0xfa, 0x00, 0x01, 0xff, 0xff, 0x70, 0x0c, 0xff, 0xff, 0x50,
  0x09, 0xff, 0xff, 0x60, 0x07, 0xff, 0xff, 0xff, 0xff, 0xff, 0xff, 0x20, 0x00, 0xef, 0xff, 0xff, 0xff, 0xff, 0xf9, 0x00, 0x00, 0x2d, 0xff, 0xff,
  0xff, 0xff, 0xa0, 0x00, 0x00, 0x00, 0x5a, 0xef, 0xfd, 0xa4, 0x00, 0x00, 0x00, 0x00, 0x00, 0x00, 0x5f, 0xff, 0xff, 0x00, 0x00, 0x00, 0x00, 0x00,
  0x01, 0xef, 0xff, 0xff, 0x00, 0x00, 0x00, 0x00, 0x00, 0x0a, 0xff, 0xff, 0xff, 0x00, 0x00, 0x00, 0x00, 0x00, 0x4f, 0xff, 0xff, 0xff, 0x00, 0x00,
  0x00, 0x00, 0x00, 0xef, 0xff, 0xff, 0xff, 0x00, 0x00, 0x00, 0x00, 0x09, 0xff, 0xfc, 0xff, 0xff, 0x00, 0x00, 0x00, 0x00, 0x4f, 0xff, 0xa8, 0xff,
  0xff, 0x00, 0x00, 0x00, 0x00, 0xdf, 0xff, 0x28, 0xff, 0xff, 0x00, 0x00, 0x00, 0x08, 0xff, 0xf8, 0x08, 0xff, 0xff, 0x00, 0x00, 0x00, 0x3f, 0xff,
  0xe0, 0x08, 0xff, 0xff, 0x00, 0x00, 0x00, 0xdf, 0xff, 0x60, 0x08, 0xff, 0xff, 0x00, 0x00, 0x08, 0xff, 0xfc, 0x00, 0x08, 0xff, 0xff, 0x00, 0x00,
  0x0f, 0xff, 0xff, 0xff, 0xff, 0xff, 0xff, 0xff, 0x00, 0x0f, 0xff, 0xff, 0xff, 0xff, 0xff, 0xff, 0xff, 0x00, 0x0f, 0xff, 0xff, 0xff, 0xff, 0xff,
  0xff, 0xff, 0x00, 0x0e, 0xee, 0xee, 0xee, 0xef, 0xff, 0xff, 0xee, 0x00, 0x00, 0x00, 0x00, 0x00, 0x08, 0xff, 0xff, 0x00, 0x00, 0x00, 0x00, 0x00,
  0x00, 0x08, 0xff, 0xff, 0x00, 0x00, 0x00, 0x00, 0x00, 0x00, 0x08, 0xff, 0xff, 0x00, 0x00, 0x00, 0xff, 0xff, 0xff, 0xff, 0xff, 0xff, 0x60, 0x00,
  0x00, 0xff, 0xff, 0xff, 0xff, 0xff, 0xff, 0x60, 0x00, 0x00, 0xff, 0xff, 0xff, 0xff, 0xff, 0xff, 0x60, 0x00, 0x00, 0xff, 0xff, 0xfe, 0xee, 0xee,
  0xee, 0x50, 0x00, 0x00, 0xff, 0xff, 0x80, 0x00, 0x00, 0x00, 0x00, 0x00, 0x00, 0xff, 0xff, 0x80, 0x00, 0x00, 0x00, 0x00, 0x00, 0x00, 0xff, 0xff,
  0x85, 0xcf, 0xec, 0x60, 0x00, 0x00, 0x00, 0xff, 0xff, 0xef, 0xff, 0xff, 0xfb, 0x00, 0x00, 0x00, 0xff, 0xff, 0xff, 0xff, 0xff, 0xff, 0x80, 0x00,
  0x00, 0xff, 0xff, 0xff, 0xff, 0xff, 0xff, 0xf0, 0x00, 0x00, 0xff, 0xff, 0xf5, 0x01, 0xbf, 0xff, 0xf5, 0x00, 0x00, 0x66, 0x66, 0x50, 0x00, 0x2f,
  0xff, 0xf7, 0x00, 0x00, 0x00, 0x00, 0x00, 0x00, 0x0f, 0xff, 0xf8, 0x00, 0x00, 0xaa, 0xaa, 0x70, 0x00, 0x2f, 0xff, 0xf6, 0x00, 0x00, 0xdf, 0xff,
  0xf5, 0x01, 0xbf, 0xff, 0xf3, 0x00, 0x00, 0x8f, 0xff, 0xff, 0xff, 0xff, 0xff, 0xd0, 0x00, 0x00, 0x1e, 0xff, 0xff, 0xff, 0xff, 0xff, 0x50, 0x00,
  0x00, 0x02, 0xdf, 0xff, 0xff, 0xff, 0xf6, 0x00, 0x00, 0x00, 0x00, 0x05, 0xad, 0xff, 0xd9, 0x20, 0x00, 0x00, 0x00, 0x00, 0x02, 0x9d, 0xff, 0xd9,
  0x20, 0x00, 0x00, 0x00, 0x00, 0x6f, 0xff, 0xff, 0xff, 0xf6, 0x00, 0x00, 0x00, 0x04, 0xff, 0xff, 0xff, 0xff, 0xff, 0x40, 0x00, 0x00, 0x0d, 0xff,
  0xff, 0xff, 0xff, 0xff, 0xd0, 0x00, 0x00, 0x3f, 0xff, 0xfa, 0x00, 0x9f, 0xff, 0xf3, 0x00, 0x00, 0x8f, 0xff, 0xf0, 0x00, 0x0b, 0xbb, 0xb4, 0x00,
  0x00, 0xbf, 0xff, 0xb0, 0x00, 0x00, 0x00, 0x00, 0x00, 0x00, 0xdf, 0xff, 0x90, 0x7c, 0xed, 0x81, 0x00, 0x00, 0x00, 0xef, 0xff, 0x9d, 0xff, 0xff,
  0xff, 0x30, 0x00, 0x00, 0xff, 0xff, 0xff, 0xff, 0xff, 0xff, 0xe1, 0x00, 0x00, 0xff, 0xff, 0xff, 0xff, 0xff, 0xff, 0xf8, 0x00, 0x00, 0xff, 0xff,
  0xfb, 0x20, 0x6f, 0xff, 0xfc, 0x00, 0x00, 0xdf, 0xff, 0xf1, 0x00, 0x0b, 0xff, 0xff, 0x00, 0x00, 0xbf, 0xff, 0xf0, 0x00, 0x09, 0xff, 0xff, 0x00,
  0x00, 0x8f, 0xff, 0xf1, 0x00, 0x0b, 0xff, 0xfe, 0x00, 0x00, 0x3f, 0xff, 0xfa, 0x10, 0x5f, 0xff, 0xfb, 0x00, 0x00, 0x0d, 0xff, 0xff, 0xff, 0xff,
  0xff, 0xf5, 0x00, 0x00, 0x04, 0xff, 0xff, 0xff, 0xff, 0xff, 0xb0, 0x00, 0x00, 0x00, 0x6f, 0xff, 0xff, 0xff, 0xfb, 0x10, 0x00, 0x00, 0x00, 0x02,
  0x8d, 0xef, 0xeb, 0x50, 0x00, 0x00, 0x0f, 0xff, 0xff, 0xff, 0xff, 0xff, 0xff, 0x0f, 0xff, 0xff, 0xff, 0xff, 0xff, 0xff, 0x0f, 0xff, 0xff, 0xff,
  0xff, 0xff, 0xff, 0x0e, 0xee, 0xee, 0xee, 0xef, 0xff, 0xfe, 0x00, 0x00, 0x00, 0x00, 0x0d, 0xff, 0xf8, 0x00, 0x00, 0x00, 0x00, 0x5f, 0xff, 0xf1,
  0x00, 0x00, 0x00, 0x00, 0xcf, 0xff, 0xa0, 0x00, 0x00, 0x00, 0x04, 0xff, 0xff, 0x30, 0x00, 0x00, 0x00, 0x0b, 0xff, 0xfc, 0x00, 0x00, 0x00, 0x00,
  0x2f, 0xff, 0xf5, 0x00, 0x00, 0x00, 0x00, 0x9f, 0xff, 0xe0, 0x00, 0x00, 0x00, 0x01, 0xff, 0xff, 0x70, 0x00, 0x00, 0x00, 0x08, 0xff, 0xff, 0x10,
  0x00, 0x00, 0x00, 0x0e, 0xff, 0xfa, 0x00, 0x00, 0x00, 0x00, 0x6f, 0xff, 0xf3, 0x00, 0x00, 0x00, 0x00, 0xdf, 0xff, 0xc0, 0x00, 0x00, 0x00, 0x05,
  0xff, 0xff, 0x50, 0x00, 0x00, 0x00, 0x0c, 0xff, 0xfe, 0x00, 0x00, 0x00, 0x00, 0x3f, 0xff, 0xf7, 0x00, 0x00, 0x00, 0x00, 0x00, 0x5a, 0xdf, 0xfd,
  0xa5, 0x00, 0x00, 0x00, 0x00, 0x1b, 0xff, 0xff, 0xff, 0xff, 0xb1, 0x00, 0x00, 0x00, 0xbf, 0xff, 0xff, 0xff, 0xff, 0xfb, 0x00, 0x00, 0x03, 0xff,
  0xff, 0xff, 0xff, 0xff, 0xff, 0x30, 0x00, 0x07, 0xff, 0xff, 0x90, 0x09, 0xff, 0xff, 0x70, 0x00, 0x07, 0xff, 0xff, 0x10, 0x01, 0xff, 0xff, 0x70,
  0x00, 0x04, 0xff, 0xff, 0x10, 0x01, 0xff, 0xff, 0x40, 0x00, 0x00, 0xdf, 0xff, 0xa1, 0x1a, 0xff, 0xfc, 0x00, 0x00, 0x00, 0x1c, 0xff, 0xff, 0xff,
  0xff, 0xc1, 0x00, 0x00, 0x00, 0x08, 0xff, 0xff, 0xff, 0xff, 0x80, 0x00, 0x00, 0x00, 0xbf, 0xff, 0xff, 0xff, 0xff, 0xfb, 0x00, 0x00, 0x06, 0xff,
  0xff, 0x81, 0x18, 0xff, 0xff, 0x60, 0x00, 0x0c, 0xff, 0xfc, 0x00, 0x00, 0xcf, 0xff, 0xc0, 0x00, 0x0f, 0xff, 0xf9, 0x00, 0x00, 0x9f, 0xff, 0xf0,
  0x00, 0x0e, 0xff, 0xfb, 0x00, 0x00, 0xbf, 0xff, 0xe0, 0x00, 0x0c, 0xff, 0xff, 0x70, 0x06, 0xff, 0xff, 0xc0, 0x00, 0x06, 0xff, 0xff, 0xff, 0xff,
  0xff, 0xff, 0x60, 0x00, 0x00, 0xbf, 0xff, 0xff, 0xff, 0xff, 0xfb, 0x00, 0x00, 0x00, 0x0a, 0xff, 0xff, 0xff, 0xff, 0xa0, 0x00, 0x00, 0x00, 0x00,
  0x49, 0xdf, 0xfd, 0x94, 0x00, 0x00, 0x00, 0x00, 0x00, 0x4a, 0xce, 0xdb, 0x60, 0x00, 0x00, 0x00, 0x0a, 0xff, 0xff, 0xff, 0xfd, 0x20, 0x00, 0x00,
  0xbf, 0xff, 0xff, 0xff, 0xff, 0xd0, 0x00, 0x05, 0xff, 0xff, 0xff, 0xff, 0xff, 0xf7, 0x00, 0x0a, 0xff, 0xff, 0x60, 0x2c, 0xff, 0xfd, 0x00, 0x0e,
  0xff, 0xfb, 0x00, 0x03, 0xff, 0xff, 0x10, 0x0f, 0xff, 0xf9, 0x00, 0x00, 0xff, 0xff, 0x40, 0x0e, 0xff, 0xfb, 0x00, 0x02, 0xff, 0xff, 0x60, 0x0c,
  0xff, 0xff, 0x60, 0x2c, 0xff, 0xff, 0x70, 0x07, 0xff, 0xff, 0xff, 0xff, 0xff, 0xff, 0x80, 0x01, 0xef, 0xff, 0xff, 0xff, 0xff, 0xff, 0x80, 0x00,
  0x3e, 0xff, 0xff, 0xfd, 0xbf, 0xff, 0x70, 0x00, 0x01, 0x8c, 0xed, 0x81, 0xaf, 0xff, 0x60, 0x00, 0x00, 0x00, 0x00, 0x00, 0xcf, 0xff, 0x40, 0x04,
  0xcc, 0xcc, 0x00, 0x00, 0xff, 0xff, 0x10, 0x04, 0xff, 0xff, 0x90, 0x09, 0xff, 0xfd, 0x00, 0x00, 0xef, 0xff, 0xff, 0xff, 0xff, 0xf8, 0x00, 0x00,
  0x5f, 0xff, 0xff, 0xff, 0xff, 0xe1, 0x00, 0x00, 0x07, 0xff, 0xff, 0xff, 0xff, 0x30, 0x00, 0x00, 0x00, 0x39, 0xdf, 0xfd, 0x91, 0x00, 0x00, 0x02,
  0xcf, 0xc2, 0x00, 0x0c, 0xff, 0xfb, 0x00, 0x0f, 0xff, 0xff, 0x00, 0x0c, 0xff, 0xfc, 0x00, 0x02, 0xcf, 0xc2, 0x00, 0x00, 0x00, 0x00, 0x00, 0x00,
  0x00, 0x00, 0x00, 0x00, 0x00, 0x00, 0x00, 0x00, 0x00, 0x00, 0x00, 0x00, 0x00, 0x00, 0x00, 0x00, 0x00, 0x00, 0x00, 0x02, 0xcf, 0xc2, 0x00, 0x0c,
  0xff, 0xfb, 0x00, 0x0f, 0xff, 0xff, 0x00, 0x0c, 0xff, 0xfc, 0x00, 0x02, 0xcf, 0xc2, 0x00, 0x00, 0x2c, 0xfc, 0x20, 0x00, 0x00, 0xcf, 0xff, 0xc0,
  0x00, 0x00, 0xff, 0xff, 0xf0, 0x00, 0x00, 0xcf, 0xff, 0xc0, 0x00, 0x00, 0x2c, 0xfc, 0x20, 0x00, 0x00, 0x00, 0x00, 0x00, 0x00, 0x00, 0x00, 0x00,
  0x00, 0x00, 0x00, 0x00, 0x00, 0x00, 0x00, 0x00, 0x00, 0x00, 0x00, 0x00, 0x00, 0x00, 0x00, 0x00, 0x00, 0x00, 0x00, 0x00, 0x00, 0x00, 0x00, 0x2f,
  0xff, 0xc0, 0x00, 0x00, 0x5f, 0xff, 0x70, 0x00, 0x00, 0x8f, 0xff, 0x10, 0x00, 0x00, 0xaf, 0xfc, 0x00, 0x00, 0x00, 0xdf, 0xf6, 0x00, 0x00, 0x00,
  0xff, 0xf1, 0x00, 0x00, 0x03, 0xff, 0xb0, 0x00, 0x00, 0x06, 0xff, 0x60, 0x00, 0x00, 0x00, 0x00, 0x00, 0xaf, 0xff, 0xfd, 0x10, 0x00, 0x00, 0x08,
  0xff, 0xff, 0xe1, 0x00, 0x00, 0x00, 0x6f, 0xff, 0xff, 0x30, 0x00, 0x00, 0x05, 0xff, 0xff, 0xf4, 0x00, 0x00, 0x00, 0x3f, 0xff, 0xff, 0x50, 0x00,
  0x00, 0x02, 0xef, 0xff, 0xf7, 0x00, 0x00, 0x00, 0x02, 0xef, 0xff, 0xf7, 0x00, 0x00, 0x00, 0x00, 0x3f, 0xff, 0xff, 0x50, 0x00, 0x00, 0x00, 0x05,
  0xff, 0xff, 0xf4, 0x00, 0x00, 0x00, 0x00, 0x7f, 0xff, 0xff, 0x20, 0x00, 0x00, 0x00, 0x08, 0xff, 0xff, 0xe1, 0x00, 0x00, 0x00, 0x00, 0xaf, 0xff,
  0xfd, 0x10, 0x00, 0x00, 0x00, 0x00, 0x00, 0x00, 0x00, 0x00, 0x00, 0x00, 0x00, 0x00, 0x00, 0x00, 0x00, 0x00, 0x00, 0x00, 0x00, 0x00, 0x00, 0x00,
  0xff, 0xff, 0xff, 0xff, 0xff, 0xff, 0xff, 0xf0, 0x00, 0xff, 0xff, 0xff, 0xff, 0xff, 0xff, 0xff, 0xf0, 0x00, 0xff, 0xff, 0xff, 0xff, 0xff, 0xff,
  0xff, 0xf0, 0x00, 0xee, 0xee, 0xee, 0xee, 0xee, 0xee, 0xee, 0xe0, 0x00, 0x00, 0x00, 0x00, 0x00, 0x00, 0x00, 0x00, 0x00, 0x00, 0x00, 0x00, 0x00,
  0x00, 0x00, 0x00, 0x00, 0x00, 0x00, 0x00, 0x00, 0x00, 0x00, 0x00, 0x00, 0x00, 0x00, 0x00, 0xff, 0xff, 0xff, 0xff, 0xff, 0xff, 0xff, 0xf0, 0x00,
  0xff, 0xff, 0xff, 0xff, 0xff, 0xff, 0xff, 0xf0, 0x00, 0xff, 0xff, 0xff, 0xff, 0xff, 0xff, 0xff, 0xf0, 0x00, 0xee, 0xee, 0xee, 0xee, 0xee, 0xee,
  0xee, 0xe0, 0x00, 0x00, 0x00, 0x00, 0x00, 0x00, 0x00, 0x00, 0x00, 0x00, 0x00, 0x00, 0x00, 0x00, 0x00, 0x00, 0x00, 0x00, 0x00, 0x00, 0x00, 0x00,
  0x00, 0x00, 0x00, 0x00, 0x00, 0x00, 0x00, 0x00, 0x00, 0x00, 0x00, 0x00, 0x00, 0x00, 0x01, 0xdf, 0xff, 0xfa, 0x00, 0x00, 0x00, 0x00, 0x2e, 0xff,
  0xff, 0x80, 0x00, 0x00, 0x00, 0x03, 0xff, 0xff, 0xf6, 0x00, 0x00, 0x00, 0x00, 0x4f, 0xff, 0xff, 0x50, 0x00, 0x00, 0x00, 0x06, 0xff, 0xff, 0xf3,
  0x00, 0x00, 0x00, 0x00, 0x8f, 0xff, 0xfe, 0x20, 0x00, 0x00, 0x00, 0x8f, 0xff, 0xfe, 0x20, 0x00, 0x00, 0x06, 0xff, 0xff, 0xf3, 0x00, 0x00, 0x00,
  0x4f, 0xff, 0xff, 0x50, 0x00, 0x00, 0x03, 0xff, 0xff, 0xf6, 0x00, 0x00, 0x00, 0x2e, 0xff, 0xff, 0x80, 0x00, 0x00, 0x01, 0xdf, 0xff, 0xfa, 0x00,
  0x00, 0x00, 0x00, 0x00, 0x00, 0x00, 0x00, 0x00, 0x00, 0x00, 0x00, 0x00, 0x00, 0x00, 0x00, 0x00, 0x00, 0x00, 0x00, 0x00, 0x00, 0x00, 0x00, 0x00,
  0x01, 0x7c, 0xef, 0xeb, 0x50, 0x00, 0x00, 0x3e, 0xff, 0xff, 0xff, 0xfb, 0x00, 0x01, 0xef, 0xff, 0xff, 0xff, 0xff, 0xa0, 0x08, 0xff, 0xff, 0xff,
  0xff, 0xff, 0xf2, 0x0d, 0xff, 0xfe, 0x20, 0x7f, 0xff, 0xf6, 0x0c, 0xdd, 0xd7, 0x00, 0x0f, 0xff, 0xf8, 0x00, 0x00, 0x00, 0x00, 0x2f, 0xff, 0xf7,
  0x00, 0x00, 0x00, 0x25, 0xdf, 0xff, 0xf3, 0x00, 0x0f, 0xff, 0xff, 0xff, 0xff, 0xc0, 0x00, 0x0f, 0xff, 0xff, 0xff, 0xfc, 0x10, 0x00, 0x0f, 0xff,
  0xff, 0xeb, 0x60, 0x00, 0x00, 0x0f, 0xff, 0xf8, 0x00, 0x00, 0x00, 0x00, 0x0f, 0xff, 0xf8, 0x00, 0x00, 0x00, 0x00, 0x00, 0x00, 0x00, 0x00, 0x00,
  0x00, 0x00, 0x00, 0x00, 0x00, 0x00, 0x00, 0x00, 0x00, 0x02, 0xcf, 0xc2, 0x00, 0x00, 0x00, 0x00, 0x0b, 0xff, 0xfb, 0x00, 0x00, 0x00, 0x00, 0x0f,
  0xff, 0xff, 0x00, 0x00, 0x00, 0x00, 0x0c, 0xff, 0xfc, 0x00, 0x00, 0x00, 0x00, 0x02, 0xcf, 0xc2, 0x00, 0x00, 0x00, 0x00, 0x00, 0x00, 0x00, 0x00,
  0x04, 0x9c, 0xef, 0xfe, 0xc8, 0x20, 0x00, 0x00, 0x00, 0x00, 0x00, 0x00, 0x00, 0x07, 0xef, 0xff, 0xff, 0xff, 0xff, 0xfa, 0x10, 0x00, 0x00, 0x00,
  0x00, 0x00, 0x03, 0xdf, 0xff, 0xff, 0xff, 0xff, 0xff, 0xff, 0xe3, 0x00, 0x00, 0x00, 0x00, 0x00, 0x5f, 0xff, 0xfd, 0x73, 0x10, 0x02, 0x6c, 0xff,
  0xfe, 0x20, 0x00, 0x00, 0x00, 0x05, 0xff, 0xfe, 0x50, 0x00, 0x00, 0x00, 0x00, 0x5f, 0xff, 0xb0, 0x00, 0x00, 0x00, 0x3f, 0xff, 0xb1, 0x00, 0x00,
  0x00, 0x00, 0x00, 0x04, 0xff, 0xf3, 0x00, 0x00, 0x00, 0xdf, 0xfc, 0x00, 0x04, 0xbf, 0xfc, 0x3d, 0xff, 0xa0, 0xaf, 0xf9, 0x00, 0x00, 0x06, 0xff,
  0xe1, 0x00, 0x8f, 0xff, 0xff, 0xef, 0xff, 0x70, 0x4f, 0xfc, 0x00, 0x00, 0x0d, 0xff, 0x60, 0x06, 0xff, 0xff, 0xff, 0xff, 0xff, 0x50, 0x1f, 0xff,
  0x00, 0x00, 0x3f, 0xfe, 0x00, 0x1f, 0xff, 0xf5, 0x05, 0xff, 0xff, 0x20, 0x0f, 0xff, 0x00, 0x00, 0x8f, 0xf8, 0x00, 0x7f, 0xff, 0x90, 0x00, 0xcf,
  0xff, 0x00, 0x1f, 0xfe, 0x00, 0x00, 0xbf, 0xf4, 0x00, 0xcf, 0xff, 0x20, 0x00, 0xaf, 0xfd, 0x00, 0x2f, 0xfd, 0x00, 0x00, 0xef, 0xf1, 0x00, 0xef,
  0xff, 0x00, 0x00, 0xcf, 0xfa, 0x00, 0x6f, 0xf9, 0x00, 0x00, 0xff, 0xf0, 0x00, 0xff, 0xff, 0x10, 0x03, 0xff, 0xf9, 0x00, 0xbf, 0xf5, 0x00, 0x00,
  0xff, 0xf0, 0x00, 0xef, 0xff, 0x90, 0x3d, 0xff, 0xfa, 0x05, 0xff, 0xd0, 0x00, 0x00, 0xef, 0xf1, 0x00, 0xaf, 0xff, 0xff, 0xff, 0xff, 0xff, 0xff,
  0xff, 0x50, 0x00, 0x00, 0xcf, 0xf5, 0x00, 0x2f, 0xff, 0xff, 0xfd, 0x4f, 0xff, 0xff, 0xf7, 0x00, 0x00, 0x00, 0x8f, 0xfb, 0x00, 0x02, 0xbf, 0xfd,
  0x70, 0x04, 0xcf, 0xfb, 0x40, 0x00, 0x00, 0x00, 0x3f, 0xff, 0x50, 0x00, 0x00, 0x00, 0x00, 0x00, 0x00, 0x00, 0x00, 0x00, 0x00, 0x00, 0x0b, 0xff,
  0xf6, 0x00, 0x00, 0x00, 0x00, 0x00, 0x00, 0x00, 0x00, 0x00, 0x00, 0x00, 0x01, 0xef, 0xff, 0xc6, 0x20, 0x00, 0x36, 0xb5, 0x00, 0x00, 0x00, 0x00,
  0x00, 0x00, 0x00, 0x2e, 0xff, 0xff, 0xff, 0xff, 0xff, 0xf9, 0x00, 0x00, 0x00, 0x00, 0x00, 0x00, 0x00, 0x01, 0xaf, 0xff, 0xff, 0xff, 0xff, 0xfc,
  0x00, 0x00, 0x00, 0x00, 0x00, 0x00, 0x00, 0x00, 0x02, 0x7b, 0xef, 0xfe, 0xda, 0x61, 0x00, 0x00, 0x00, 0x00, 0x00, 0x00, 0x00, 0x00, 0x2f, 0xff,
  0xff, 0x50, 0x00, 0x00, 0x00, 0x00, 0x00, 0x00, 0x8f, 0xff, 0xff, 0xb0, 0x00, 0x00, 0x00, 0x00, 0x00, 0x00, 0xdf, 0xff, 0xff, 0xf1, 0x00, 0x00,
  0x00, 0x00, 0x00, 0x03, 0xff, 0xff, 0xff, 0xf6, 0x00, 0x00, 0x00, 0x00, 0x00, 0x08, 0xff, 0xff, 0xff, 0xfb, 0x00, 0x00, 0x00, 0x00, 0x00, 0x0e,
  0xff, 0xfb, 0xff, 0xff, 0x10, 0x00, 0x00, 0x00, 0x00, 0x3f, 0xff, 0xf2, 0xff, 0xff, 0x60, 0x00, 0x00, 0x00, 0x00, 0x9f, 0xff, 0xc0, 0xaf, 0xff,
  0xc0, 0x00, 0x00, 0x00, 0x00, 0xef, 0xff, 0x70, 0x5f, 0xff, 0xf1, 0x00, 0x00, 0x00, 0x04, 0xff, 0xff, 0x20, 0x0f, 0xff, 0xf7, 0x00, 0x00, 0x00,
  0x0a, 0xff, 0xfc, 0x00, 0x0a, 0xff, 0xfd, 0x00, 0x00, 0x00, 0x0f, 0xff, 0xf7, 0x00, 0x05, 0xff, 0xff, 0x20, 0x00, 0x00, 0x5f, 0xff, 0xff, 0xff,
  0xff, 0xff, 0xff, 0x80, 0x00, 0x00, 0xaf, 0xff, 0xff, 0xff, 0xff, 0xff, 0xff, 0xd0, 0x00, 0x00, 0xff, 0xff, 0xff, 0xff, 0xff, 0xff, 0xff, 0xf3,
  0x00, 0x05, 0xff, 0xff, 0xee, 0xee, 0xee, 0xef, 0xff, 0xf8, 0x00, 0x0b, 0xff, 0xfe, 0x00, 0x00, 0x00, 0x0d, 0xff, 0xfe, 0x00, 0x1f, 0xff, 0xf9,
  0x00, 0x00, 0x00, 0x07, 0xff, 0xff, 0x30, 0x6f, 0xff, 0xf3, 0x00, 0x00, 0x00, 0x01, 0xff, 0xff, 0x90, 0x00, 0xff, 0xff, 0xff, 0xff, 0xfe, 0xa3,
  0x00, 0x00, 0x00, 0xff, 0xff, 0xff, 0xff, 0xff, 0xff, 0x70, 0x00, 0x00, 0xff, 0xff, 0xff, 0xff, 0xff, 0xff, 0xf4, 0x00, 0x00, 0xff, 0xff, 0xfe,
  0xef, 0xff, 0xff, 0xfb, 0x00, 0x00, 0xff, 0xff, 0x80, 0x00, 0x3f, 0xff, 0xff, 0x00, 0x00, 0xff, 0xff, 0x80, 0x00, 0x09, 0xff, 0xff, 0x00, 0x00,
  0xff, 0xff, 0x80, 0x00, 0x09, 0xff, 0xfd, 0x00, 0x00, 0xff, 0xff, 0x80, 0x00, 0x4f, 0xff, 0xf7, 0x00, 0x00, 0xff, 0xff, 0xff, 0xff, 0xff, 0xff,
  0xc0, 0x00, 0x00, 0xff, 0xff, 0xff, 0xff, 0xff, 0xf9, 0x00, 0x00, 0x00, 0xff, 0xff, 0xff, 0xff, 0xff, 0xff, 0x80, 0x00, 0x00, 0xff, 0xff, 0xfe,
  0xee, 0xff, 0xff, 0xf9, 0x00, 0x00, 0xff, 0xff, 0x80, 0x00, 0x08, 0xff, 0xff, 0x20, 0x00, 0xff, 0xff, 0x80, 0x00, 0x00, 0xff, 0xff, 0x60, 0x00,
  0xff, 0xff, 0x80, 0x00, 0x07, 0xff, 0xff, 0x70, 0x00, 0xff, 0xff, 0xfe, 0xee, 0xff, 0xff, 0xff, 0x50, 0x00, 0xff, 0xff, 0xff, 0xff, 0xff, 0xff,
  0xfd, 0x00, 0x00, 0xff, 0xff, 0xff, 0xff, 0xff, 0xff, 0xe2, 0x00, 0x00, 0xff, 0xff, 0xff, 0xff, 0xfe, 0xc7, 0x10, 0x00, 0x00, 0x00, 0x00, 0x4a,
  0xdf, 0xfe, 0xb7, 0x10, 0x00, 0x00, 0x00, 0x00, 0x2c, 0xff, 0xff, 0xff, 0xff, 0xf6, 0x00, 0x00, 0x00, 0x04, 0xef, 0xff, 0xff, 0xff, 0xff, 0xff,
  0x90, 0x00, 0x00, 0x1e, 0xff, 0xff, 0xff, 0xff, 0xff, 0xff, 0xf7, 0x00, 0x00, 0xbf, 0xff, 0xfc, 0x30, 0x02, 0xaf, 0xff, 0xff, 0x10, 0x03, 0xff,
  0xff, 0xc0, 0x00, 0x00, 0x09, 0xff, 0xff, 0x80, 0x09, 0xff, 0xff, 0x20, 0x00, 0x00, 0x01, 0x66, 0x66, 0x50, 0x0d, 0xff, 0xfc, 0x00, 0x00, 0x00,
  0x00, 0x00, 0x00, 0x00, 0x0f, 0xff, 0xf9, 0x00, 0x00, 0x00, 0x00, 0x00, 0x00, 0x00, 0x0f, 0xff, 0xf8, 0x00, 0x00, 0x00, 0x00, 0x00, 0x00, 0x00,
  0x0f, 0xff, 0xf9, 0x00, 0x00, 0x00, 0x00, 0x00, 0x00, 0x00, 0x0d, 0xff, 0xfc, 0x00, 0x00, 0x00, 0x00, 0x00, 0x00, 0x00, 0x09, 0xff, 0xff, 0x20,
  0x00, 0x00, 0x01, 0x66, 0x66, 0x50, 0x04, 0xff, 0xff, 0xc0, 0x00, 0x00, 0x09, 0xff, 0xff, 0x80, 0x00, 0xcf, 0xff, 0xfc, 0x30, 0x02, 0xaf, 0xff,
  0xff, 0x10, 0x00, 0x1e, 0xff, 0xff, 0xff, 0xff, 0xff, 0xff, 0xf7, 0x00, 0x00, 0x04, 0xef, 0xff, 0xff, 0xff, 0xff, 0xff, 0x90, 0x00, 0x00, 0x00,
  0x2c, 0xff, 0xff, 0xff, 0xff, 0xf7, 0x00, 0x00, 0x00, 0x00, 0x00, 0x4a, 0xdf, 0xfe, 0xb7, 0x10, 0x00, 0x00, 0x00, 0xff, 0xff, 0xff, 0xff, 0xeb,
  0x61, 0x00, 0x00, 0x00, 0x00, 0xff, 0xff, 0xff, 0xff, 0xff, 0xff, 0x60, 0x00, 0x00, 0x00, 0xff, 0xff, 0xff, 0xff, 0xff, 0xff, 0xfa, 0x00, 0x00,
  0x00, 0xff, 0xff, 0xfe, 0xef, 0xff, 0xff, 0xff, 0x90, 0x00, 0x00, 0xff, 0xff, 0x80, 0x00, 0x39, 0xff, 0xff, 0xf4, 0x00, 0x00, 0xff, 0xff, 0x80,
  0x00, 0x00, 0x6f, 0xff, 0xfc, 0x00, 0x00, 0xff, 0xff, 0x80, 0x00, 0x00, 0x0a, 0xff, 0xff, 0x20, 0x00, 0xff, 0xff, 0x80, 0x00, 0x00, 0x04, 0xff,
  0xff, 0x50, 0x00, 0xff, 0xff, 0x80, 0x00, 0x00, 0x01, 0xff, 0xff, 0x70, 0x00, 0xff, 0xff, 0x80, 0x00, 0x00, 0x00, 0xff, 0xff, 0x80, 0x00, 0xff,
  0xff, 0x80, 0x00, 0x00, 0x01, 0xff, 0xff, 0x70, 0x00, 0xff, 0xff, 0x80, 0x00, 0x00, 0x04, 0xff, 0xff, 0x50, 0x00, 0xff, 0xff, 0x80, 0x00, 0x00,
  0x0a, 0xff, 0xff, 0x10, 0x00, 0xff, 0xff, 0x80, 0x00, 0x00, 0x5f, 0xff, 0xfc, 0x00, 0x00, 0xff, 0xff, 0x80, 0x00, 0x29, 0xff, 0xff, 0xf4, 0x00,
  0x00, 0xff, 0xff, 0xfe, 0xef, 0xff, 0xff, 0xff, 0x80, 0x00, 0x00, 0xff, 0xff, 0xff, 0xff, 0xff, 0xff, 0xfa, 0x00, 0x00, 0x00, 0xff, 0xff, 0xff,
  0xff, 0xff, 0xff, 0x60, 0x00, 0x00, 0x00, 0xff, 0xff, 0xff, 0xff, 0xeb, 0x61, 0x00, 0x00, 0x00, 0x00, 0xff, 0xff, 0xff, 0xff, 0xff, 0xf0, 0x00,
  0xff, 0xff, 0xff, 0xff, 0xff, 0xf0, 0x00, 0xff, 0xff, 0xff, 0xff, 0xff, 0xf0, 0x00, 0xff, 0xff, 0xfe, 0xee, 0xee, 0xe0, 0x00, 0xff, 0xff, 0x80,
  0x00, 0x00, 0x00, 0x00, 0xff, 0xff, 0x80, 0x00, 0x00, 0x00, 0x00, 0xff, 0xff, 0x80, 0x00, 0x00, 0x00, 0x00, 0xff, 0xff, 0x80, 0x00, 0x00, 0x00,
  0x00, 0xff, 0xff, 0xff, 0xff, 0xff, 0x80, 0x00, 0xff, 0xff, 0xff, 0xff, 0xff, 0x80, 0x00, 0xff, 0xff, 0xff, 0xff, 0xff, 0x80, 0x00, 0xff, 0xff,
  0xfe, 0xee, 0xee, 0x70, 0x00, 0xff, 0xff, 0x80, 0x00, 0x00, 0x00, 0x00, 0xff, 0xff, 0x80, 0x00, 0x00, 0x00, 0x00, 0xff, 0xff, 0x80, 0x00, 0x00,
  0x00, 0x00, 0xff, 0xff, 0xfe, 0xee, 0xee, 0xe0, 0x00, 0xff, 0xff, 0xff, 0xff, 0xff, 0xf0, 0x00, 0xff, 0xff, 0xff, 0xff, 0xff, 0xf0, 0x00, 0xff,
  0xff, 0xff, 0xff, 0xff, 0xf0, 0x00, 0xff, 0xff, 0xff, 0xff, 0xff, 0xff, 0x00, 0xff, 0xff, 0xff, 0xff, 0xff, 0xff, 0x00, 0xff, 0xff, 0xff, 0xff,
  0xff, 0xff, 0x00, 0xff, 0xff, 0xfe, 0xee, 0xee, 0xee, 0x00, 0xff, 0xff, 0x80, 0x00, 0x00, 0x00, 0x00, 0xff, 0xff, 0x80, 0x00, 0x00, 0x00, 0x00,
  0xff, 0xff, 0x80, 0x00, 0x00, 0x00, 0x00, 0xff, 0xff, 0x80, 0x00, 0x00, 0x00, 0x00, 0xff, 0xff, 0xff, 0xff, 0xff, 0x00, 0x00, 0xff, 0xff, 0xff,
  0xff, 0xff, 0x00, 0x00, 0xff, 0xff, 0xff, 0xff, 0xff, 0x00, 0x00, 0xff, 0xff, 0xfe, 0xee, 0xee, 0x00, 0x00, 0xff, 0xff, 0x80, 0x00, 0x00, 0x00,
  0x00, 0xff, 0xff, 0x80, 0x00, 0x00, 0x00, 0x00, 0xff, 0xff, 0x80, 0x00, 0x00, 0x00, 0x00, 0xff, 0xff, 0x80, 0x00, 0x00, 0x00, 0x00, 0xff, 0xff,
  0x80, 0x00, 0x00, 0x00, 0x00, 0xff, 0xff, 0x80, 0x00, 0x00, 0x00, 0x00, 0xff, 0xff, 0x80, 0x00, 0x00, 0x00, 0x00, 0x00, 0x00, 0x4a, 0xdf, 0xfe,
  0xc8, 0x20, 0x00, 0x00, 0x00, 0x00, 0x2c, 0xff, 0xff, 0xff, 0xff, 0xf8, 0x00, 0x00, 0x00, 0x04, 0xef, 0xff, 0xff, 0xff, 0xff, 0xff, 0xb0, 0x00,
  0x00, 0x1e, 0xff, 0xff, 0xff, 0xff, 0xff, 0xff, 0xf9, 0x00, 0x00, 0xbf, 0xff, 0xfc, 0x30, 0x02, 0xaf, 0xff, 0xff, 0x20, 0x03, 0xff, 0xff, 0xb0,
  0x00, 0x00, 0x09, 0xdd, 0xdd, 0x70, 0x09, 0xff, 0xff, 0x20, 0x00, 0x00, 0x00, 0x00, 0x00, 0x00, 0x0d, 0xff, 0xfc, 0x00, 0x00, 0x00, 0x00, 0x00,
  0x00, 0x00, 0x0f, 0xff, 0xf9, 0x00, 0x0e, 0xee, 0xee, 0xee, 0xee, 0xe0, 0x0f, 0xff, 0xf8, 0x00, 0x0f, 0xff, 0xff, 0xff, 0xff, 0xf0, 0x0f, 0xff,
  0xf9, 0x00, 0x0f, 0xff, 0xff, 0xff, 0xff, 0xf0, 0x0d, 0xff, 0xfc, 0x00, 0x0f, 0xff, 0xff, 0xff, 0xff, 0xf0, 0x09, 0xff, 0xff, 0x20, 0x00, 0x00,
  0x00, 0x6f, 0xff, 0xf0, 0x04, 0xff, 0xff, 0xc0, 0x00, 0x00, 0x01, 0xef, 0xff, 0xb0, 0x00, 0xcf, 0xff, 0xfd, 0x40, 0x00, 0x5e, 0xff, 0xff, 0x30,
  0x00, 0x1e, 0xff, 0xff, 0xff, 0xff, 0xff, 0xff, 0xf9, 0x00, 0x00, 0x04, 0xef, 0xff, 0xff, 0xff, 0xff, 0xff, 0xa0, 0x00, 0x00, 0x00, 0x2c, 0xff,
  0xff, 0xff, 0xff, 0xf6, 0x00, 0x00, 0x00, 0x00, 0x00, 0x49, 0xdf, 0xfe, 0xb6, 0x10, 0x00, 0x00, 0x00, 0xff, 0xff, 0x80, 0x00, 0x00, 0x08, 0xff,
  0xff, 0x00, 0x00, 0xff, 0xff, 0x80, 0x00, 0x00, 0x08, 0xff, 0xff, 0x00, 0x00, 0xff, 0xff, 0x80, 0x00, 0x00, 0x08, 0xff, 0xff, 0x00, 0x00, 0xff,
  0xff, 0x80, 0x00, 0x00, 0x08, 0xff, 0xff, 0x00, 0x00, 0xff, 0xff, 0x80, 0x00, 0x00, 0x08, 0xff, 0xff, 0x00, 0x00, 0xff, 0xff, 0x80, 0x00, 0x00,
  0x08, 0xff, 0xff, 0x00, 0x00, 0xff, 0xff, 0x80, 0x00, 0x00, 0x08, 0xff, 0xff, 0x00, 0x00, 0xff, 0xff, 0x80, 0x00, 0x00, 0x08, 0xff, 0xff, 0x00,
  0x00, 0xff, 0xff, 0xff, 0xff, 0xff, 0xff, 0xff, 0xff, 0x00, 0x00, 0xff, 0xff, 0xff, 0xff, 0xff, 0xff, 0xff, 0xff, 0x00, 0x00, 0xff, 0xff, 0xff,
  0xff, 0xff, 0xff, 0xff, 0xff, 0x00, 0x00, 0xff, 0xff, 0xfe, 0xee, 0xee, 0xef, 0xff, 0xff, 0x00, 0x00, 0xff, 0xff, 0x80, 0x00, 0x00, 0x08, 0xff,
  0xff, 0x00, 0x00, 0xff, 0xff, 0x80, 0x00, 0x00, 0x08, 0xff, 0xff, 0x00, 0x00, 0xff, 0xff, 0x80, 0x00, 0x00, 0x08, 0xff, 0xff, 0x00, 0x00, 0xff,
  0xff, 0x80, 0x00, 0x00, 0x08, 0xff, 0xff, 0x00, 0x00, 0xff, 0xff, 0x80, 0x00, 0x00, 0x08, 0xff, 0xff, 0x00, 0x00, 0xff, 0xff, 0x80, 0x00, 0x00,
  0x08, 0xff, 0xff, 0x00, 0x00, 0xff, 0xff, 0x80, 0x00, 0x00, 0x08, 0xff, 0xff, 0x00, 0x00, 0xff, 0xff, 0x80, 0x00, 0xff, 0xff, 0x80, 0x00, 0xff,
  0xff, 0x80, 0x00, 0xff, 0xff, 0x80, 0x00, 0xff, 0xff, 0x80, 0x00, 0xff, 0xff, 0x80, 0x00, 0xff, 0xff, 0x80, 0x00, 0xff, 0xff, 0x80, 0x00, 0xff,
  0xff, 0x80, 0x00, 0xff, 0xff, 0x80, 0x00, 0xff, 0xff, 0x80, 0x00, 0xff, 0xff, 0x80, 0x00, 0xff, 0xff, 0x80, 0x00, 0xff, 0xff, 0x80, 0x00, 0xff,
  0xff, 0x80, 0x00, 0xff, 0xff, 0x80, 0x00, 0xff, 0xff, 0x80, 0x00, 0xff, 0xff, 0x80, 0x00, 0xff, 0xff, 0x80, 0x00, 0x00, 0x00, 0x00, 0x0f, 0xff,
  0xf8, 0x00, 0x00, 0x00, 0x00, 0x00, 0x0f, 0xff, 0xf8, 0x00, 0x00, 0x00, 0x00, 0x00, 0x0f, 0xff, 0xf8, 0x00, 0x00, 0x00, 0x00, 0x00, 0x0f, 0xff,
  0xf8, 0x00, 0x00, 0x00, 0x00, 0x00, 0x0f, 0xff, 0xf8, 0x00, 0x00, 0x00, 0x00, 0x00, 0x0f, 0xff, 0xf8, 0x00, 0x00, 0x00, 0x00, 0x00, 0x0f, 0xff,
  0xf8, 0x00, 0x00, 0x00, 0x00, 0x00, 0x0f, 0xff, 0xf8, 0x00, 0x00, 0x00, 0x00, 0x00, 0x0f, 0xff, 0xf8, 0x00, 0x00, 0x00, 0x00, 0x00, 0x0f, 0xff,
  0xf8, 0x00, 0x00, 0x00, 0x00, 0x00, 0x0f, 0xff, 0xf8, 0x00, 0x00, 0x00, 0x00, 0x00, 0x0f, 0xff, 0xf8, 0x00, 0x05, 0x55, 0x53, 0x00, 0x0f, 0xff,
  0xf8, 0x00, 0x0f, 0xff, 0xfa, 0x00, 0x1f, 0xff, 0xf7, 0x00, 0x0c, 0xff, 0xff, 0x20, 0x8f, 0xff, 0xf5, 0x00, 0x07, 0xff, 0xff, 0xff, 0xff, 0xff,
  0xf1, 0x00, 0x00, 0xdf, 0xff, 0xff, 0xff, 0xff, 0x80, 0x00, 0x00, 0x2d, 0xff, 0xff, 0xff, 0xfa, 0x00, 0x00, 0x00, 0x00, 0x7c, 0xef, 0xeb, 0x50,
  0x00, 0x00, 0x00, 0xff, 0xff, 0x80, 0x00, 0x00, 0xbf, 0xff, 0xf7, 0x00, 0x00, 0xff, 0xff, 0x80, 0x00, 0x07, 0xff, 0xff, 0xb0, 0x00, 0x00, 0xff,
  0xff, 0x80, 0x00, 0x3f, 0xff, 0xfd, 0x10, 0x00, 0x00, 0xff, 0xff, 0x80, 0x01, 0xef, 0xff, 0xf3, 0x00, 0x00, 0x00, 0xff, 0xff, 0x80, 0x0a, 0xff,
  0xff, 0x60, 0x00, 0x00, 0x00, 0xff, 0xff, 0x80, 0x6f, 0xff, 0xfa, 0x00, 0x00, 0x00, 0x00, 0xff, 0xff, 0x82, 0xff, 0xff, 0xd0, 0x00, 0x00, 0x00,
  0x00, 0xff, 0xff, 0x9d, 0xff, 0xff, 0x20, 0x00, 0x00, 0x00, 0x00, 0xff, 0xff, 0xff, 0xff, 0xf6, 0x00, 0x00, 0x00, 0x00, 0x00, 0xff, 0xff, 0xff,
  0xff, 0xe0, 0x00, 0x00, 0x00, 0x00, 0x00, 0xff, 0xff, 0xff, 0xff, 0xfa, 0x00, 0x00, 0x00, 0x00, 0x00, 0xff, 0xff, 0x8c, 0xff, 0xff, 0x60, 0x00,
  0x00, 0x00, 0x00, 0xff, 0xff, 0x82, 0xff, 0xff, 0xf3, 0x00, 0x00, 0x00, 0x00, 0xff, 0xff, 0x80, 0x5f, 0xff, 0xfd, 0x10, 0x00, 0x00, 0x00, 0xff,
  0xff, 0x80, 0x0a, 0xff, 0xff, 0xa0, 0x00, 0x00, 0x00, 0xff, 0xff, 0x80, 0x00, 0xdf, 0xff, 0xf7, 0x00, 0x00, 0x00, 0xff, 0xff, 0x80, 0x00, 0x3f,
  0xff, 0xff, 0x30, 0x00, 0x00, 0xff, 0xff, 0x80, 0x00, 0x07, 0xff, 0xff, 0xe1, 0x00, 0x00, 0xff, 0xff, 0x80, 0x00, 0x00, 0xbf, 0xff, 0xfb, 0x00,
  0x00, 0xff, 0xff, 0x80, 0x00, 0x00, 0x00, 0x00, 0xff, 0xff, 0x80, 0x00, 0x00, 0x00, 0x00, 0xff, 0xff, 0x80, 0x00, 0x00, 0x00, 0x00, 0xff, 0xff,
  0x80, 0x00, 0x00, 0x00, 0x00, 0xff, 0xff, 0x80, 0x00, 0x00, 0x00, 0x00, 0xff, 0xff, 0x80, 0x00, 0x00, 0x00, 0x00, 0xff, 0xff, 0x80, 0x00, 0x00,
  0x00, 0x00, 0xff, 0xff, 0x80, 0x00, 0x00, 0x00, 0x00, 0xff, 0xff, 0x80, 0x00, 0x00, 0x00, 0x00, 0xff, 0xff, 0x80, 0x00, 0x00, 0x00, 0x00, 0xff,
  0xff, 0x80, 0x00, 0x00, 0x00, 0x00, 0xff, 0xff, 0x80, 0x00, 0x00, 0x00, 0x00, 0xff, 0xff, 0x80, 0x00, 0x00, 0x00, 0x00, 0xff, 0xff, 0x80, 0x00,
  0x00, 0x00, 0x00, 0xff, 0xff, 0x80, 0x00, 0x00, 0x00, 0x00, 0xff, 0xff, 0xfe, 0xee, 0xee, 0x70, 0x00, 0xff, 0xff, 0xff, 0xff, 0xff, 0x80, 0x00,
  0xff, 0xff, 0xff, 0xff, 0xff, 0x80, 0x00, 0xff, 0xff, 0xff, 0xff, 0xff, 0x80, 0x00, 0xff, 0xff, 0xf7, 0x00, 0x00, 0x00, 0x00, 0x0e, 0xff, 0xff,
  0x80, 0x00, 0xff, 0xff, 0xfd, 0x00, 0x00, 0x00, 0x00, 0x5f, 0xff, 0xff, 0x80, 0x00, 0xff, 0xff, 0xff, 0x40, 0x00, 0x00, 0x00, 0xbf, 0xff, 0xff,
  0x80, 0x00, 0xff, 0xff, 0xff, 0xa0, 0x00, 0x00, 0x01, 0xff, 0xff, 0xff, 0x80, 0x00, 0xff, 0xff, 0xff, 0xf0, 0x00, 0x00, 0x07, 0xff, 0xff, 0xff,
  0x80, 0x00, 0xff, 0xff, 0xff, 0xf6, 0x00, 0x00, 0x0d, 0xff, 0xff, 0xff, 0x80, 0x00, 0xff, 0xff, 0xff, 0xfc, 0x00, 0x00, 0x3f, 0xff, 0xff, 0xff,
  0x80, 0x00, 0xff, 0xff, 0xff, 0xff, 0x20, 0x00, 0x9f, 0xff, 0xff, 0xff, 0x80, 0x00, 0xff, 0xff, 0xaf, 0xff, 0x80, 0x00, 0xef, 0xfb, 0xff, 0xff,
  0x80, 0x00, 0xff, 0xff, 0x8c, 0xff, 0xe0, 0x05, 0xff, 0xf5, 0xff, 0xff, 0x80, 0x00, 0xff, 0xff, 0x87, 0xff, 0xf4, 0x0b, 0xff, 0xf0, 0xff, 0xff,
  0x80, 0x00, 0xff, 0xff, 0x81, 0xff, 0xfa, 0x1f, 0xff, 0xa0, 0xff, 0xff, 0x80, 0x00, 0xff, 0xff, 0x80, 0xbf, 0xff, 0x8f, 0xff, 0x40, 0xff, 0xff,
  0x80, 0x00, 0xff, 0xff, 0x80, 0x6f, 0xff, 0xff, 0xfe, 0x00, 0xff, 0xff, 0x80, 0x00, 0xff, 0xff, 0x80, 0x1f, 0xff, 0xff, 0xf9, 0x00, 0xff, 0xff,
  0x80, 0x00, 0xff, 0xff, 0x80, 0x0b, 0xff, 0xff, 0xf3, 0x00, 0xff, 0xff, 0x80, 0x00, 0xff, 0xff, 0x80, 0x05, 0xff, 0xff, 0xe0, 0x00, 0xff, 0xff,
  0x80, 0x00, 0xff, 0xff, 0x80, 0x00, 0xff, 0xff, 0x80, 0x00, 0xff, 0xff, 0x80, 0x00, 0xff, 0xff, 0x80, 0x00, 0xaf, 0xff, 0x30, 0x00, 0xff, 0xff,
  0x80, 0x00, 0xff, 0xff, 0xd0, 0x00, 0x00, 0x00, 0xff, 0xff, 0x80, 0x00, 0xff, 0xff, 0xf7, 0x00, 0x00, 0x00, 0xff, 0xff, 0x80, 0x00, 0xff, 0xff,
  0xff, 0x20, 0x00, 0x00, 0xff, 0xff, 0x80, 0x00, 0xff, 0xff, 0xff, 0xb0, 0x00, 0x00, 0xff, 0xff, 0x80, 0x00, 0xff, 0xff, 0xff, 0xf6, 0x00, 0x00,
  0xff, 0xff, 0x80, 0x00, 0xff, 0xff, 0xff, 0xfe, 0x10, 0x00, 0xff, 0xff, 0x80, 0x00, 0xff, 0xff, 0xff, 0xff, 0xa0, 0x00, 0xff, 0xff, 0x80, 0x00,
  0xff, 0xff, 0xdf, 0xff, 0xf4, 0x00, 0xff, 0xff, 0x80, 0x00, 0xff, 0xff, 0x8b, 0xff, 0xfd, 0x00, 0xff, 0xff, 0x80, 0x00, 0xff, 0xff, 0x81, 0xff,
  0xff, 0x80, 0xff, 0xff, 0x80, 0x00, 0xff, 0xff, 0x80, 0x6f, 0xff, 0xf3, 0xff, 0xff, 0x80, 0x00, 0xff, 0xff, 0x80, 0x0c, 0xff, 0xfc, 0xff, 0xff,
  0x80, 0x00, 0xff, 0xff, 0x80, 0x02, 0xff, 0xff, 0xff, 0xff, 0x80, 0x00, 0xff, 0xff, 0x80, 0x00, 0x8f, 0xff, 0xff, 0xff, 0x80, 0x00, 0xff, 0xff,
  0x80, 0x00, 0x0d, 0xff, 0xff, 0xff, 0x80, 0x00, 0xff, 0xff, 0x80, 0x00, 0x03, 0xff, 0xff, 0xff, 0x80, 0x00, 0xff, 0xff, 0x80, 0x00, 0x00, 0x9f,
  0xff, 0xff, 0x80, 0x00, 0xff, 0xff, 0x80, 0x00, 0x00, 0x0e, 0xff, 0xff, 0x80, 0x00, 0xff, 0xff, 0x80, 0x00, 0x00, 0x05, 0xff, 0xff, 0x80, 0x00,
  0x00, 0x00, 0x39, 0xdf, 0xfe, 0xb6, 0x00, 0x00, 0x00, 0x00, 0x00, 0x1a, 0xff, 0xff, 0xff, 0xff, 0xf5, 0x00, 0x00, 0x00, 0x02, 0xdf, 0xff, 0xff,
  0xff, 0xff, 0xff, 0x90, 0x00, 0x00, 0x0d, 0xff, 0xff, 0xff, 0xff, 0xff, 0xff, 0xf7, 0x00, 0x00, 0xaf, 0xff, 0xfc, 0x40, 0x01, 0x7f, 0xff, 0xff,
  0x30, 0x03, 0xff, 0xff, 0xc0, 0x00, 0x00, 0x04, 0xff, 0xff, 0xb0, 0x08, 0xff, 0xff, 0x20, 0x00, 0x00, 0x00, 0xaf, 0xff, 0xf1, 0x0c, 0xff, 0xfc,
  0x00, 0x00, 0x00, 0x00, 0x4f, 0xff, 0xf5, 0x0f, 0xff, 0xf9, 0x00, 0x00, 0x00, 0x00, 0x1f, 0xff, 0xf7, 0x0f, 0xff, 0xf8, 0x00, 0x00, 0x00, 0x00,
  0x0f, 0xff, 0xf8, 0x0f, 0xff, 0xf9, 0x00, 0x00, 0x00, 0x00, 0x1f, 0xff, 0xf7, 0x0c, 0xff, 0xfc, 0x00, 0x00, 0x00, 0x00, 0x4f, 0xff, 0xf5, 0x08,
  0xff, 0xff, 0x20, 0x00, 0x00, 0x00, 0xaf, 0xff, 0xf1, 0x03, 0xff, 0xff, 0xc0, 0x00, 0x00, 0x04, 0xff, 0xff, 0xb0, 0x00, 0xaf, 0xff, 0xfc, 0x40,
  0x01, 0x7f, 0xff, 0xff, 0x30, 0x00, 0x0d, 0xff, 0xff, 0xff, 0xff, 0xff, 0xff, 0xf7, 0x00, 0x00, 0x02, 0xdf, 0xff, 0xff, 0xff, 0xff, 0xff, 0x90,
  0x00, 0x00, 0x00, 0x1a, 0xff, 0xff, 0xff, 0xff, 0xe5, 0x00, 0x00, 0x00, 0x00, 0x00, 0x39, 0xdf, 0xfe, 0xb6, 0x00, 0x00, 0x00, 0x00, 0xff, 0xff,
  0xff, 0xff, 0xdb, 0x50, 0x00, 0x00, 0xff, 0xff, 0xff, 0xff, 0xff, 0xfc, 0x10, 0x00, 0xff, 0xff, 0xff, 0xff, 0xff, 0xff, 0xc0, 0x00, 0xff, 0xff,
  0xfe, 0xef, 0xff, 0xff, 0xf5, 0x00, 0xff, 0xff, 0x80, 0x00, 0x6f, 0xff, 0xfb, 0x00, 0xff, 0xff, 0x80, 0x00, 0x0b, 0xff, 0xfe, 0x00, 0xff, 0xff,
  0x80, 0x00, 0x09, 0xff, 0xff, 0x00, 0xff, 0xff, 0x80, 0x00, 0x0b, 0xff, 0xfe, 0x00, 0xff, 0xff, 0x80, 0x01, 0x7f, 0xff, 0xfb, 0x00, 0xff, 0xff,
  0xff, 0xff, 0xff, 0xff, 0xf5, 0x00, 0xff, 0xff, 0xff, 0xff, 0xff, 0xff, 0xb0, 0x00, 0xff, 0xff, 0xff, 0xff, 0xff, 0xfa, 0x00, 0x00, 0xff, 0xff,
  0xfe, 0xee, 0xc9, 0x30, 0x00, 0x00, 0xff, 0xff, 0x80, 0x00, 0x00, 0x00, 0x00, 0x00, 0xff, 0xff, 0x80, 0x00, 0x00, 0x00, 0x00, 0x00, 0xff, 0xff,
  0x80, 0x00, 0x00, 0x00, 0x00, 0x00, 0xff, 0xff, 0x80, 0x00, 0x00, 0x00, 0x00, 0x00, 0xff, 0xff, 0x80, 0x00, 0x00, 0x00, 0x00, 0x00, 0xff, 0xff,
  0x80, 0x00, 0x00, 0x00, 0x00, 0x00, 0x00, 0x00, 0x39, 0xdf, 0xfe, 0xb6, 0x00, 0x00, 0x00, 0x00, 0x00, 0x1a, 0xff, 0xff, 0xff, 0xff, 0xf5, 0x00,
  0x00, 0x00, 0x02, 0xdf, 0xff, 0xff, 0xff, 0xff, 0xff, 0x90, 0x00, 0x00, 0x0d, 0xff, 0xff, 0xff, 0xff, 0xff, 0xff, 0xf7, 0x00, 0x00, 0xaf, 0xff,
  0xfc, 0x40, 0x01, 0x7f, 0xff, 0xff, 0x30, 0x03, 0xff, 0xff, 0xc0, 0x00, 0x00, 0x04, 0xff, 0xff, 0xb0, 0x08, 0xff, 0xff, 0x20, 0x00, 0x00, 0x00,
  0xaf, 0xff, 0xf1, 0x0c, 0xff, 0xfc, 0x00, 0x00, 0x00, 0x00, 0x4f, 0xff, 0xf5, 0x0f, 0xff, 0xf9, 0x00, 0x00, 0x00, 0x00, 0x1f, 0xff, 0xf7, 0x0f,
  0xff, 0xf8, 0x00, 0x00, 0x00, 0x00, 0x0f, 0xff, 0xf8, 0x0f, 0xff, 0xf9, 0x00, 0x00, 0x00, 0x00, 0x1f, 0xff, 0xf6, 0x0c, 0xff, 0xfc, 0x00, 0x00,
  0x00, 0x00, 0x4f, 0xff, 0xf5, 0x08, 0xff, 0xff, 0x20, 0x00, 0x00, 0x00, 0xaf, 0xff, 0xf1, 0x03, 0xff, 0xff, 0xc0, 0x00, 0x00, 0x04, 0xff, 0xff,
  0xb0, 0x00, 0xaf, 0xff, 0xfc, 0x40, 0x01, 0x7f, 0xff, 0xff, 0x30, 0x00, 0x0d, 0xff, 0xff, 0xff, 0xff, 0xff, 0xff, 0xf9, 0x00, 0x00, 0x02, 0xdf,
  0xff, 0xff, 0xff, 0xff, 0xff, 0xa0, 0x00, 0x00, 0x00, 0x1a, 0xff, 0xff, 0xff, 0xff, 0xff, 0x30, 0x00, 0x00, 0x00, 0x00, 0x39, 0xdf, 0xfe, 0xef,
  0xff, 0xe1, 0x00, 0x00, 0x00, 0x00, 0x00, 0x00, 0x00, 0x3f, 0xff, 0xfd, 0x00, 0x00, 0x00, 0x00, 0x00, 0x00, 0x00, 0x08, 0xff, 0xff, 0xb0, 0x00,
  0x00, 0x00, 0x00, 0x00, 0x00, 0x00, 0xcf, 0xff, 0xf8, 0x00, 0xff, 0xff, 0xff, 0xff, 0xeb, 0x60, 0x00, 0x00, 0x00, 0xff, 0xff, 0xff, 0xff, 0xff,
  0xfd, 0x20, 0x00, 0x00, 0xff, 0xff, 0xff, 0xff, 0xff, 0xff, 0xd0, 0x00, 0x00, 0xff, 0xff, 0xfe, 0xef, 0xff, 0xff, 0xf7, 0x00, 0x00, 0xff, 0xff,
  0x80, 0x00, 0x5f, 0xff, 0xfc, 0x00, 0x00, 0xff, 0xff, 0x80, 0x00, 0x0b, 0xff, 0xfe, 0x00, 0x00, 0xff, 0xff, 0x80, 0x00, 0x09, 0xff, 0xff, 0x00,
  0x00, 0xff, 0xff, 0x80, 0x00, 0x0b, 0xff, 0xfd, 0x00, 0x00, 0xff, 0xff, 0x80, 0x00, 0x6f, 0xff, 0xf8, 0x00, 0x00, 0xff, 0xff, 0xff, 0xff, 0xff,
  0xff, 0xd0, 0x00, 0x00, 0xff, 0xff, 0xff, 0xff, 0xff, 0xfd, 0x20, 0x00, 0x00, 0xff, 0xff, 0xff, 0xff, 0xff, 0x60, 0x00, 0x00, 0x00, 0xff, 0xff,
  0x83, 0xff, 0xff, 0x60, 0x00, 0x00, 0x00, 0xff, 0xff, 0x80, 0xaf, 0xff, 0xe1, 0x00, 0x00, 0x00, 0xff, 0xff, 0x80, 0x2f, 0xff, 0xf9, 0x00, 0x00,
  0x00, 0xff, 0xff, 0x80, 0x0a, 0xff, 0xff, 0x20, 0x00, 0x00, 0xff, 0xff, 0x80, 0x02, 0xff, 0xff, 0xb0, 0x00, 0x00, 0xff, 0xff, 0x80, 0x00, 0xaf,
  0xff, 0xf4, 0x00, 0x00, 0xff, 0xff, 0x80, 0x00, 0x2f, 0xff, 0xfd, 0x00, 0x00, 0x00, 0x6b, 0xef, 0xfd, 0x93, 0x00, 0x00, 0x00, 0x3e, 0xff, 0xff,
  0xff, 0xff, 0x90, 0x00, 0x02, 0xff, 0xff, 0xff, 0xff, 0xff, 0xf8, 0x00, 0x0a, 0xff, 0xff, 0xff, 0xff, 0xff, 0xff, 0x10, 0x0e, 0xff, 0xfe, 0x20,
  0x1a, 0xff, 0xff, 0x60, 0x0f, 0xff, 0xf9, 0x00, 0x01, 0xcc, 0xcc, 0x50, 0x0d, 0xff, 0xfd, 0x10, 0x00, 0x00, 0x00, 0x00, 0x08, 0xff, 0xff, 0xe8,
  0x20, 0x00, 0x00, 0x00, 0x01, 0xdf, 0xff, 0xff, 0xfc, 0x60, 0x00, 0x00, 0x00, 0x1a, 0xff, 0xff, 0xff, 0xfe, 0x60, 0x00, 0x00, 0x00, 0x28, 0xdf,
  0xff, 0xff, 0xf7, 0x00, 0x00, 0x00, 0x00, 0x02, 0x9f, 0xff, 0xff, 0x20, 0x00, 0x00, 0x00, 0x00, 0x05, 0xff, 0xff, 0x60, 0x0e, 0xff, 0xf9, 0x00,
  0x00, 0xff, 0xff, 0x70, 0x0c, 0xff, 0xff, 0x40, 0x08, 0xff, 0xff, 0x60, 0x07, 0xff, 0xff, 0xff, 0xff, 0xff, 0xff, 0x10, 0x00, 0xcf, 0xff, 0xff,
  0xff, 0xff, 0xf8, 0x00, 0x00, 0x1b, 0xff, 0xff, 0xff, 0xff, 0x80, 0x00, 0x00, 0x00, 0x4a, 0xdf, 0xfd, 0x93, 0x00, 0x00, 0x0f, 0xff, 0xff, 0xff,
  0xff, 0xff, 0xff, 0xf0, 0x0f, 0xff, 0xff, 0xff, 0xff, 0xff, 0xff, 0xf0, 0x0f, 0xff, 0xff, 0xff, 0xff, 0xff, 0xff, 0xf0, 0x0e, 0xee, 0xee, 0xff,
  0xff, 0xfe, 0xee, 0xe0, 0x00, 0x00, 0x00, 0xff, 0xff, 0x80, 0x00, 0x00, 0x00, 0x00, 0x00, 0xff, 0xff, 0x80, 0x00, 0x00, 0x00, 0x00, 0x00, 0xff,
  0xff, 0x80, 0x00, 0x00, 0x00, 0x00, 0x00, 0xff, 0xff, 0x80, 0x00, 0x00, 0x00, 0x00, 0x00, 0xff, 0xff, 0x80, 0x00, 0x00, 0x00, 0x00, 0x00, 0xff,
  0xff, 0x80, 0x00, 0x00, 0x00, 0x00, 0x00, 0xff, 0xff, 0x80, 0x00, 0x00, 0x00, 0x00, 0x00, 0xff, 0xff, 0x80, 0x00, 0x00, 0x00, 0x00, 0x00, 0xff,
  0xff, 0x80, 0x00, 0x00, 0x00, 0x00, 0x00, 0xff, 0xff, 0x80, 0x00, 0x00, 0x00, 0x00, 0x00, 0xff, 0xff, 0x80, 0x00, 0x00, 0x00, 0x00, 0x00, 0xff,
  0xff, 0x80, 0x00, 0x00, 0x00, 0x00, 0x00, 0xff, 0xff, 0x80, 0x00, 0x00, 0x00, 0x00, 0x00, 0xff, 0xff, 0x80, 0x00, 0x00, 0x00, 0x00, 0x00, 0xff,
  0xff, 0x80, 0x00, 0x00, 0x00, 0xff, 0xff, 0x80, 0x00, 0x00, 0x0f, 0xff, 0xf8, 0x00, 0xff, 0xff, 0x80, 0x00, 0x00, 0x0f, 0xff, 0xf8, 0x00, 0xff,
  0xff, 0x80, 0x00, 0x00, 0x0f, 0xff, 0xf8, 0x00, 0xff, 0xff, 0x80, 0x00, 0x00, 0x0f, 0xff, 0xf8, 0x00, 0xff, 0xff, 0x80, 0x00, 0x00, 0x0f, 0xff,
  0xf8, 0x00, 0xff, 0xff, 0x80, 0x00, 0x00, 0x0f, 0xff, 0xf8, 0x00, 0xff, 0xff, 0x80, 0x00, 0x00, 0x0f, 0xff, 0xf8, 0x00, 0xff, 0xff, 0x80, 0x00,
  0x00, 0x0f, 0xff, 0xf8, 0x00, 0xff, 0xff, 0x80, 0x00, 0x00, 0x0f, 0xff, 0xf8, 0x00, 0xff, 0xff, 0x80, 0x00, 0x00, 0x0f, 0xff, 0xf8, 0x00, 0xff,
  0xff, 0x80, 0x00, 0x00, 0x0f, 0xff, 0xf8, 0x00, 0xff, 0xff, 0x80, 0x00, 0x00, 0x0f, 0xff, 0xf8, 0x00, 0xdf, 0xff, 0xa0, 0x00, 0x00, 0x2f, 0xff,
  0xf7, 0x00, 0xbf, 0xff, 0xe0, 0x00, 0x00, 0x7f, 0xff, 0xf4, 0x00, 0x6f, 0xff, 0xfb, 0x20, 0x06, 0xff, 0xff, 0xe0, 0x00, 0x0e, 0xff, 0xff, 0xff,
  0xff, 0xff, 0xff, 0x60, 0x00, 0x03, 0xff, 0xff, 0xff, 0xff, 0xff, 0xfa, 0x00, 0x00, 0x00, 0x4e, 0xff, 0xff, 0xff, 0xff, 0x80, 0x00, 0x00, 0x00,
  0x01, 0x6b, 0xef, 0xec, 0x82, 0x00, 0x00, 0x9f, 0xff, 0xf2, 0x00, 0x00, 0x00, 0x01, 0xff, 0xff, 0x90, 0x4f, 0xff, 0xf7, 0x00, 0x00, 0x00, 0x06,
  0xff, 0xff, 0x30, 0x0e, 0xff, 0xfc, 0x00, 0x00, 0x00, 0x0c, 0xff, 0xfe, 0x00, 0x09, 0xff, 0xff, 0x10, 0x00, 0x00, 0x1f, 0xff, 0xf8, 0x00, 0x03,
  0xff, 0xff, 0x60, 0x00, 0x00, 0x6f, 0xff, 0xf3, 0x00, 0x00, 0xef, 0xff, 0xb0, 0x00, 0x00, 0xbf, 0xff, 0xd0, 0x00, 0x00, 0x8f, 0xff, 0xf0, 0x00,
  0x00, 0xff, 0xff, 0x80, 0x00, 0x00, 0x3f, 0xff, 0xf5, 0x00, 0x05, 0xff, 0xff, 0x30, 0x00, 0x00, 0x0d, 0xff, 0xfa, 0x00, 0x0a, 0xff, 0xfd, 0x00,
  0x00, 0x00, 0x08, 0xff, 0xfe, 0x00, 0x0f, 0xff, 0xf8, 0x00, 0x00, 0x00, 0x03, 0xff, 0xff, 0x40, 0x4f, 0xff, 0xf2, 0x00, 0x00, 0x00, 0x00, 0xdf,
  0xff, 0x90, 0x9f, 0xff, 0xd0, 0x00, 0x00, 0x00, 0x00, 0x8f, 0xff, 0xe0, 0xef, 0xff, 0x70, 0x00, 0x00, 0x00, 0x00, 0x2f, 0xff, 0xf7, 0xff, 0xff,
  0x20, 0x00, 0x00, 0x00, 0x00, 0x0d, 0xff, 0xff, 0xff, 0xfc, 0x00, 0x00, 0x00, 0x00, 0x00, 0x07, 0xff, 0xff, 0xff, 0xf7, 0x00, 0x00, 0x00, 0x00,
  0x00, 0x02, 0xff, 0xff, 0xff, 0xf1, 0x00, 0x00, 0x00, 0x00, 0x00, 0x00, 0xcf, 0xff, 0xff, 0xc0, 0x00, 0x00, 0x00, 0x00, 0x00, 0x00, 0x7f, 0xff,
  0xff, 0x60, 0x00, 0x00, 0x00, 0x3f, 0xff, 0xf7, 0x00, 0x00, 0x0d, 0xff, 0xff, 0x40, 0x00, 0x02, 0xff, 0xff, 0x90, 0x0f, 0xff, 0xfb, 0x00, 0x00,
  0x1f, 0xff, 0xff, 0x80, 0x00, 0x05, 0xff, 0xff, 0x50, 0x0b, 0xff, 0xfe, 0x00, 0x00, 0x4f, 0xff, 0xff, 0xb0, 0x00, 0x08, 0xff, 0xff, 0x10, 0x07,
  0xff, 0xff, 0x10, 0x00, 0x8f, 0xff, 0xff, 0xf0, 0x00, 0x0b, 0xff, 0xfd, 0x00, 0x04, 0xff, 0xff, 0x40, 0x00, 0xcf, 0xff, 0xff, 0xf3, 0x00, 0x0e,
  0xff, 0xf9, 0x00, 0x00, 0xff, 0xff, 0x70, 0x00, 0xff, 0xff, 0xff, 0xf6, 0x00, 0x1f, 0xff, 0xf5, 0x00, 0x00, 0xcf, 0xff, 0xa0, 0x04, 0xff, 0xff,
  0xff, 0xfa, 0x00, 0x4f, 0xff, 0xf1, 0x00, 0x00, 0x8f, 0xff, 0xd0, 0x07, 0xff, 0xf8, 0xff, 0xfd, 0x00, 0x7f, 0xff, 0xd0, 0x00, 0x00, 0x4f, 0xff,
  0xf0, 0x0b, 0xff, 0xf3, 0xdf, 0xff, 0x10, 0xbf, 0xff, 0x90, 0x00, 0x00, 0x0f, 0xff, 0xf3, 0x0f, 0xff, 0xe0, 0xaf, 0xff, 0x50, 0xef, 0xff, 0x50,
  0x00, 0x00, 0x0c, 0xff, 0xf6, 0x3f, 0xff, 0xb0, 0x6f, 0xff, 0x81, 0xff, 0xff, 0x10, 0x00, 0x00, 0x08, 0xff, 0xf9, 0x6f, 0xff, 0x70, 0x2f, 0xff,
  0xc4, 0xff, 0xfd, 0x00, 0x00, 0x00, 0x04, 0xff, 0xfc, 0xaf, 0xff, 0x30, 0x0e, 0xff, 0xf7, 0xff, 0xf9, 0x00, 0x00, 0x00, 0x01, 0xff, 0xff, 0xef,
  0xff, 0x00, 0x0b, 0xff, 0xfd, 0xff, 0xf5, 0x00, 0x00, 0x00, 0x00, 0xdf, 0xff, 0xff, 0xfb, 0x00, 0x07, 0xff, 0xff, 0xff, 0xf1, 0x00, 0x00, 0x00,
  0x00, 0x9f, 0xff, 0xff, 0xf8, 0x00, 0x03, 0xff, 0xff, 0xff, 0xd0, 0x00, 0x00, 0x00, 0x00, 0x5f, 0xff, 0xff, 0xf4, 0x00, 0x00, 0xff, 0xff, 0xff,
  0x90, 0x00, 0x00, 0x00, 0x00, 0x1f, 0xff, 0xff, 0xf0, 0x00, 0x00, 0xcf, 0xff, 0xff, 0x50, 0x00, 0x00, 0x00, 0x00, 0x0d, 0xff, 0xff, 0xc0, 0x00,
  0x00, 0x8f, 0xff, 0xff, 0x10, 0x00, 0x00, 0x1f, 0xff, 0xff, 0x20, 0x00, 0x00, 0x9f, 0xff, 0xf6, 0x00, 0x06, 0xff, 0xff, 0xb0, 0x00, 0x02, 0xff,
  0xff, 0xd0, 0x00, 0x00, 0xcf, 0xff, 0xf6, 0x00, 0x0b, 0xff, 0xff, 0x30, 0x00, 0x00, 0x2f, 0xff, 0xfe, 0x10, 0x4f, 0xff, 0xf9, 0x00, 0x00, 0x00,
  0x07, 0xff, 0xff, 0xa0, 0xdf, 0xff, 0xe1, 0x00, 0x00, 0x00, 0x00, 0xdf, 0xff, 0xfa, 0xff, 0xff, 0x60, 0x00, 0x00, 0x00, 0x00, 0x3f, 0xff, 0xff,
  0xff, 0xfc, 0x00, 0x00, 0x00, 0x00, 0x00, 0x09, 0xff, 0xff, 0xff, 0xf3, 0x00, 0x00, 0x00, 0x00, 0x00, 0x00, 0xef, 0xff, 0xff, 0x90, 0x00, 0x00,
  0x00, 0x00, 0x00, 0x00, 0x8f, 0xff, 0xff, 0x10, 0x00, 0x00, 0x00, 0x00, 0x00, 0x02, 0xff, 0xff, 0xff, 0x80, 0x00, 0x00, 0x00, 0x00, 0x00, 0x0b,
  0xff, 0xff, 0xff, 0xf2, 0x00, 0x00, 0x00, 0x00, 0x00, 0x4f, 0xff, 0xff, 0xff, 0xfc, 0x00, 0x00, 0x00, 0x00, 0x00, 0xdf, 0xff, 0xdb, 0xff, 0xff,
  0x70, 0x00, 0x00, 0x00, 0x08, 0xff, 0xff, 0x52, 0xff, 0xff, 0xf2, 0x00, 0x00, 0x00, 0x2f, 0xff, 0xfc, 0x00, 0x7f, 0xff, 0xfb, 0x00, 0x00, 0x00,
  0xbf, 0xff, 0xf3, 0x00, 0x0c, 0xff, 0xff, 0x50, 0x00, 0x05, 0xff, 0xff, 0xa0, 0x00, 0x02, 0xff, 0xff, 0xe1, 0x00, 0x0e, 0xff, 0xff, 0x10, 0x00,
  0x00, 0x8f, 0xff, 0xfa, 0x00, 0x1f, 0xff, 0xfe, 0x00, 0x00, 0x00, 0x6f, 0xff, 0xf9, 0x09, 0xff, 0xff, 0x60, 0x00, 0x00, 0xdf, 0xff, 0xf1, 0x01,
  0xff, 0xff, 0xd0, 0x00, 0x04, 0xff, 0xff, 0x90, 0x00, 0x9f, 0xff, 0xf4, 0x00, 0x0b, 0xff, 0xff, 0x20, 0x00, 0x1f, 0xff, 0xfc, 0x00, 0x2f, 0xff,
  0xf9, 0x00, 0x00, 0x09, 0xff, 0xff, 0x30, 0x9f, 0xff, 0xf2, 0x00, 0x00, 0x01, 0xff, 0xff, 0xa1, 0xff, 0xff, 0x90, 0x00, 0x00, 0x00, 0x9f, 0xff,
  0xf9, 0xff, 0xff, 0x20, 0x00, 0x00, 0x00, 0x1f, 0xff, 0xff, 0xff, 0xf9, 0x00, 0x00, 0x00, 0x00, 0x09, 0xff, 0xff, 0xff, 0xf2, 0x00, 0x00, 0x00,
  0x00, 0x01, 0xff, 0xff, 0xff, 0xa0, 0x00, 0x00, 0x00, 0x00, 0x00, 0x9f, 0xff, 0xff, 0x20, 0x00, 0x00, 0x00, 0x00, 0x00, 0x2f, 0xff, 0xfa, 0x00,
  0x00, 0x00, 0x00, 0x00, 0x00, 0x0f, 0xff, 0xf8, 0x00, 0x00, 0x00, 0x00, 0x00, 0x00, 0x0f, 0xff, 0xf8, 0x00, 0x00, 0x00, 0x00, 0x00, 0x00, 0x0f,
  0xff, 0xf8, 0x00, 0x00, 0x00, 0x00, 0x00, 0x00, 0x0f, 0xff, 0xf8, 0x00, 0x00, 0x00, 0x00, 0x00, 0x00, 0x0f, 0xff, 0xf8, 0x00, 0x00, 0x00, 0x00,
  0x00, 0x00, 0x0f, 0xff, 0xf8, 0x00, 0x00, 0x00, 0x0f, 0xff, 0xff, 0xff, 0xff, 0xff, 0xff, 0x00, 0x0f, 0xff, 0xff, 0xff, 0xff, 0xff, 0xff, 0x00,
  0x0f, 0xff, 0xff, 0xff, 0xff, 0xff, 0xff, 0x00, 0x0e, 0xee, 0xee, 0xee, 0xef, 0xff, 0xff, 0x00, 0x00, 0x00, 0x00, 0x00, 0x8f, 0xff, 0xf6, 0x00,
  0x00, 0x00, 0x00, 0x03, 0xff, 0xff, 0xb0, 0x00, 0x00, 0x00, 0x00, 0x0d, 0xff, 0xfe, 0x10, 0x00, 0x00, 0x00, 0x00, 0x9f, 0xff, 0xf5, 0x00, 0x00,
  0x00, 0x00, 0x04, 0xff, 0xff, 0xa0, 0x00, 0x00, 0x00, 0x00, 0x1e, 0xff, 0xfe, 0x00, 0x00, 0x00, 0x00, 0x00, 0xaf, 0xff, 0xf4, 0x00, 0x00, 0x00,
  0x00, 0x05, 0xff, 0xff, 0x80, 0x00, 0x00, 0x00, 0x00, 0x1e, 0xff, 0xfd, 0x00, 0x00, 0x00, 0x00, 0x00, 0xbf, 0xff, 0xf3, 0x00, 0x00, 0x00, 0x00,
  0x06, 0xff, 0xff, 0x70, 0x00, 0x00, 0x00, 0x00, 0x0f, 0xff, 0xff, 0xee, 0xee, 0xee, 0xee, 0x00, 0x0f, 0xff, 0xff, 0xff, 0xff, 0xff, 0xff, 0x00,
  0x0f, 0xff, 0xff, 0xff, 0xff, 0xff, 0xff, 0x00, 0x0f, 0xff, 0xff, 0xff, 0xff, 0xff, 0xff, 0x00, 0x00, 0x0e, 0xee, 0xee, 0xee, 0xe0, 0x00, 0x00,
  0x0f, 0xff, 0xff, 0xff, 0xf0, 0x00, 0x00, 0x0f, 0xff, 0xff, 0xff, 0xf0, 0x00, 0x00, 0x0f, 0xff, 0xff, 0xff, 0xf0, 0x00, 0x00, 0x0f, 0xff, 0xf8,
  0x00, 0x00, 0x00, 0x00, 0x0f, 0xff, 0xf8, 0x00, 0x00, 0x00, 0x00, 0x0f, 0xff, 0xf8, 0x00, 0x00, 0x00, 0x00, 0x0f, 0xff, 0xf8, 0x00, 0x00, 0x00,
  0x00, 0x0f, 0xff, 0xf8, 0x00, 0x00, 0x00, 0x00, 0x0f, 0xff, 0xf8, 0x00, 0x00, 0x00, 0x00, 0x0f, 0xff, 0xf8, 0x00, 0x00, 0x00, 0x00, 0x0f, 0xff,
  0xf8, 0x00, 0x00, 0x00, 0x00, 0x0f, 0xff, 0xf8, 0x00, 0x00, 0x00, 0x00, 0x0f, 0xff, 0xf8, 0x00, 0x00, 0x00, 0x00, 0x0f, 0xff, 0xf8, 0x00, 0x00,
  0x00, 0x00, 0x0f, 0xff, 0xf8, 0x00, 0x00, 0x00, 0x00, 0x0f, 0xff, 0xf8, 0x00, 0x00, 0x00, 0x00, 0x0f, 0xff, 0xf8, 0x00, 0x00, 0x00, 0x00, 0x0f,
  0xff, 0xf8, 0x00, 0x00, 0x00, 0x00, 0x0f, 0xff, 0xf8, 0x00, 0x00, 0x00, 0x00, 0x0f, 0xff, 0xf8, 0x00, 0x00, 0x00, 0x00, 0x0f, 0xff, 0xf8, 0x00,
  0x00, 0x00, 0x00, 0x0f, 0xff, 0xf8, 0x00, 0x00, 0x00, 0x00, 0x0f, 0xff, 0xf8, 0x00, 0x00, 0x00, 0x00, 0x0f, 0xff, 0xf8, 0x00, 0x00, 0x00, 0x00,
  0x0f, 0xff, 0xf8, 0x00, 0x00, 0x00, 0x00, 0x0f, 0xff, 0xff, 0xee, 0xe0, 0x00, 0x00, 0x0f, 0xff, 0xff, 0xff, 0xf0, 0x00, 0x00, 0x0f, 0xff, 0xff,
  0xff, 0xf0, 0x00, 0x00, 0x0f, 0xff, 0xff, 0xff, 0xf0, 0x00, 0x00, 0x00, 0x1f, 0xff, 0xf2, 0x00, 0x00, 0x00, 0x00, 0x00, 0x00, 0x00, 0x00, 0x0e,
  0xff, 0xf6, 0x00, 0x00, 0x00, 0x00, 0x00, 0x00, 0x00, 0x00, 0x0a, 0xff, 0xfa, 0x00, 0x00, 0x00, 0x00, 0x00, 0x00, 0x00, 0x00, 0x06, 0xff, 0xfd,
  0x00, 0x00, 0x00, 0x00, 0x00, 0x00, 0x00, 0x00, 0x03, 0xff, 0xff, 0x10, 0x00, 0x00, 0x00, 0x00, 0x00, 0x00, 0x00, 0x00, 0xff, 0xff, 0x50, 0x00,
  0x00, 0x00, 0x00, 0x00, 0x00, 0x00, 0x00, 0xbf, 0xff, 0x80, 0x00, 0x00, 0x00, 0x00, 0x00, 0x00, 0x00, 0x00, 0x7f, 0xff, 0xc0, 0x00, 0x00, 0x00,
  0x00, 0x00, 0x00, 0x00, 0x00, 0x4f, 0xff, 0xf0, 0x00, 0x00, 0x00, 0x00, 0x00, 0x00, 0x00, 0x00, 0x0f, 0xff, 0xf4, 0x00, 0x00, 0x00, 0x00, 0x00,
  0x00, 0x00, 0x00, 0x0c, 0xff, 0xf7, 0x00, 0x00, 0x00, 0x00, 0x00, 0x00, 0x00, 0x00, 0x09, 0xff, 0xfb, 0x00, 0x00, 0x00, 0x00, 0x00, 0x00, 0x00,
  0x00, 0x05, 0xff, 0xff, 0x00, 0x00, 0x00, 0x00, 0x00, 0x00, 0x00, 0x00, 0x01, 0xff, 0xff, 0x20, 0x00, 0x00, 0x00, 0x00, 0x00, 0x00, 0x00, 0x00,
  0xef, 0xff, 0x60, 0x00, 0x00, 0x00, 0x00, 0x00, 0x00, 0x00, 0x00, 0xaf, 0xff, 0xa0, 0x00, 0x00, 0x00, 0x00, 0x00, 0x00, 0x00, 0x00, 0x6f, 0xff,
  0xe0, 0x00, 0x00, 0x00, 0x00, 0x00, 0x00, 0x00, 0x00, 0x2f, 0xff, 0xf1, 0x00, 0x00, 0x00, 0x00, 0x00, 0x00, 0x00, 0x00, 0x0f, 0xff, 0xf5, 0x00,
  0x00, 0x00, 0x00, 0x00, 0x00, 0x00, 0x00, 0x0b, 0xff, 0xf9, 0x00, 0x00, 0x00, 0x00, 0x00, 0x00, 0x00, 0x00, 0x07, 0xff, 0xfc, 0x00, 0x00, 0x00,
  0x00, 0x00, 0x00, 0x00, 0x00, 0x04, 0xff, 0xff, 0x00, 0x00, 0x00, 0x00, 0x00, 0x00, 0x00, 0x00, 0x00, 0xff, 0xff, 0x40, 0x00, 0x00, 0x00, 0x00,
  0x00, 0x00, 0x00, 0x00, 0xcf, 0xff, 0x80, 0x00, 0x00, 0x00, 0x00, 0x00, 0x00, 0x00, 0x00, 0x8f, 0xff, 0xb0, 0x00, 0x00, 0x00, 0x00, 0x00, 0x00,
  0x00, 0x00, 0x5f, 0xff, 0xf0, 0x00, 0x00, 0x00, 0x00, 0x00, 0x00, 0x00, 0x00, 0x1f, 0xff, 0xf3, 0x00, 0x00, 0x00, 0x00, 0x00, 0x00, 0x00, 0x00,
  0x0d, 0xff, 0xf6, 0x00, 0x00, 0x00, 0x00, 0x00, 0x00, 0x00, 0x00, 0x0a, 0xff, 0xfa, 0x00, 0x00, 0x00, 0x00, 0x00, 0x00, 0x00, 0x00, 0x06, 0xff,
  0xfe, 0x00, 0x00, 0x00, 0x00, 0x7e, 0xee, 0xee, 0xee, 0x70, 0x00, 0x00, 0x8f, 0xff, 0xff, 0xff, 0x80, 0x00, 0x00, 0x8f, 0xff, 0xff, 0xff, 0x80,
  0x00, 0x00, 0x8f, 0xff, 0xff, 0xff, 0x80, 0x00, 0x00, 0x00, 0x00, 0xff, 0xff, 0x80, 0x00, 0x00, 0x00, 0x00, 0xff, 0xff, 0x80, 0x00, 0x00, 0x00,
  0x00, 0xff, 0xff, 0x80, 0x00, 0x00, 0x00, 0x00, 0xff, 0xff, 0x80, 0x00, 0x00, 0x00, 0x00, 0xff, 0xff, 0x80, 0x00, 0x00, 0x00, 0x00, 0xff, 0xff,
  0x80, 0x00, 0x00, 0x00, 0x00, 0xff, 0xff, 0x80, 0x00, 0x00, 0x00, 0x00, 0xff, 0xff, 0x80, 0x00, 0x00, 0x00, 0x00, 0xff, 0xff, 0x80, 0x00, 0x00,
  0x00, 0x00, 0xff, 0xff, 0x80, 0x00, 0x00, 0x00, 0x00, 0xff, 0xff, 0x80, 0x00, 0x00, 0x00, 0x00, 0xff, 0xff, 0x80, 0x00, 0x00, 0x00, 0x00, 0xff,
  0xff, 0x80, 0x00, 0x00, 0x00, 0x00, 0xff, 0xff, 0x80, 0x00, 0x00, 0x00, 0x00, 0xff, 0xff, 0x80, 0x00, 0x00, 0x00, 0x00, 0xff, 0xff, 0x80, 0x00,
  0x00, 0x00, 0x00, 0xff, 0xff, 0x80, 0x00, 0x00, 0x00, 0x00, 0xff, 0xff, 0x80, 0x00, 0x00, 0x00, 0x00, 0xff, 0xff, 0x80, 0x00, 0x00, 0x00, 0x00,
  0xff, 0xff, 0x80, 0x00, 0x00, 0x00, 0x00, 0xff, 0xff, 0x80, 0x00, 0x00, 0x00, 0x00, 0xff, 0xff, 0x80, 0x00, 0x00, 0x7e, 0xee, 0xff, 0xff, 0x80,
  0x00, 0x00, 0x8f, 0xff, 0xff, 0xff, 0x80, 0x00, 0x00, 0x8f, 0xff, 0xff, 0xff, 0x80, 0x00, 0x00, 0x8f, 0xff, 0xff, 0xff, 0x80, 0x00, 0x00, 0x00,
  0x00, 0x07, 0x88, 0x83, 0x00, 0x00, 0x00, 0x00, 0x00, 0x00, 0x5f, 0xff, 0xfd, 0x00, 0x00, 0x00, 0x00, 0x00, 0x00, 0xcf, 0xff, 0xff, 0x40, 0x00,
  0x00, 0x00, 0x00, 0x03, 0xff, 0xff, 0xff, 0xa0, 0x00, 0x00, 0x00, 0x00, 0x0a, 0xff, 0xff, 0xff, 0xf2, 0x00, 0x00, 0x00, 0x00, 0x1f, 0xff, 0xff,
  0xff, 0xf8, 0x00, 0x00, 0x00, 0x00, 0x8f, 0xff, 0xe8, 0xff, 0xfe, 0x00, 0x00, 0x00, 0x00, 0xef, 0xff, 0x81, 0xff, 0xff, 0x60, 0x00, 0x00, 0x06,
  0xff, 0xff, 0x10, 0x9f, 0xff, 0xd0, 0x00, 0x00, 0x0d, 0xff, 0xfa, 0x00, 0x2f, 0xff, 0xf4, 0x00, 0x00, 0x4f, 0xff, 0xf3, 0x00, 0x0c, 0xff, 0xfb,
  0x00, 0x00, 0xbf, 0xff, 0xc0, 0x00, 0x05, 0xff, 0xff, 0x20, 0x02, 0xff, 0xff, 0x50, 0x00, 0x00, 0xef, 0xff, 0x90, 0x09, 0xff, 0xfe, 0x00, 0x00,
  0x00, 0x7f, 0xff, 0xf0, 0x0f, 0xff, 0xf7, 0x00, 0x00, 0x00, 0x1f, 0xff, 0xf7, 0x00, 0x00, 0x00, 0x00, 0x00, 0x00, 0x00, 0x00, 0x00, 0x00, 0x00,
  0x00, 0x00, 0x00, 0x00, 0x00, 0x00, 0x00, 0x00, 0x00, 0x00, 0x00, 0x00, 0x00, 0x00, 0x00, 0x00, 0x00, 0x00, 0x00, 0x00, 0x00, 0x00, 0x00, 0x00,
  0x00, 0x00, 0x00, 0x00, 0x00, 0x00, 0x00, 0x00, 0x00, 0x00, 0x00, 0x00, 0xee, 0xee, 0xee, 0xee, 0xee, 0xee, 0xee, 0xee, 0x00, 0x00, 0xff, 0xff,
  0xff, 0xff, 0xff, 0xff, 0xff, 0xff, 0x00, 0x00, 0xff, 0xff, 0xff, 0xff, 0xff, 0xff, 0xff, 0xff, 0x00, 0x00, 0xff, 0xff, 0xff, 0xff, 0xff, 0xff,
  0xff, 0xff, 0x00, 0x0b, 0x30, 0x00, 0x00, 0x0f, 0xfb, 0x30, 0x00, 0x0f, 0xff, 0xfb, 0x20, 0x0c, 0xff, 0xff, 0xf0, 0x00, 0x3a, 0xff, 0xf0, 0x00,
  0x00, 0x18, 0xe0, 0x00, 0x00, 0x00, 0x00, 0x00, 0x00, 0x00, 0x00, 0x00, 0x00, 0x00, 0x00, 0x00, 0x00, 0x00, 0x00, 0x00, 0x00, 0x00, 0x00, 0x00,
  0x00, 0x00, 0x00, 0x00, 0x00, 0x00, 0x00, 0x00, 0x00, 0x00, 0x00, 0x00, 0x00, 0x00, 0x00, 0x00, 0x00, 0x00, 0x00, 0x00, 0x00, 0x00, 0x00, 0x00,
  0x00, 0x00, 0x00, 0x00, 0x00, 0x00, 0x00, 0x00, 0x00, 0x00, 0x00, 0x00, 0x00, 0x00, 0x00, 0x00, 0x00, 0x00, 0x00, 0x00, 0x00, 0x3a, 0xdf, 0xe9,
  0x20, 0xff, 0xff, 0x80, 0x00, 0x08, 0xff, 0xff, 0xff, 0xf5, 0xff, 0xff, 0x80, 0x00, 0x7f, 0xff, 0xff, 0xff, 0xff, 0xff, 0xff, 0x80, 0x02, 0xff,
  0xff, 0xff, 0xff, 0xff, 0xff, 0xff, 0x80, 0x07, 0xff, 0xff, 0xd3, 0x01, 0x7f, 0xff, 0xff, 0x80, 0x0c, 0xff, 0xff, 0x10, 0x00, 0x08, 0xff, 0xff,
  0x80, 0x0e, 0xff, 0xfa, 0x00, 0x00, 0x02, 0xff, 0xff, 0x80, 0x0f, 0xff, 0xf9, 0x00, 0x00, 0x00, 0xff, 0xff, 0x80, 0x0e, 0xff, 0xfb, 0x00, 0x00,
  0x02, 0xff, 0xff, 0x80, 0x0c, 0xff, 0xff, 0x20, 0x00, 0x08, 0xff, 0xff, 0x80, 0x07, 0xff, 0xff, 0xd3, 0x01, 0x7f, 0xff, 0xff, 0x80, 0x01, 0xff,
  0xff, 0xff, 0xff, 0xff, 0xff, 0xff, 0x80, 0x00, 0x7f, 0xff, 0xff, 0xff, 0xff, 0xff, 0xff, 0x80, 0x00, 0x08, 0xff, 0xff, 0xff, 0xf5, 0xff, 0xff,
  0x80, 0x00, 0x00, 0x3a, 0xef, 0xea, 0x20, 0xff, 0xff, 0x80, 0x00, 0xff, 0xff, 0x80, 0x00, 0x00, 0x00, 0x00, 0x00, 0x00, 0xff, 0xff, 0x80, 0x00,
  0x00, 0x00, 0x00, 0x00, 0x00, 0xff, 0xff, 0x80, 0x00, 0x00, 0x00, 0x00, 0x00, 0x00, 0xff, 0xff, 0x80, 0x00, 0x00, 0x00, 0x00, 0x00, 0x00, 0xff,
  0xff, 0x80, 0x00, 0x00, 0x00, 0x00, 0x00, 0x00, 0xff, 0xff, 0x80, 0x6c, 0xff, 0xc7, 0x00, 0x00, 0x00, 0xff, 0xff, 0x8b, 0xff, 0xff, 0xff, 0xd2,
  0x00, 0x00, 0xff, 0xff, 0xff, 0xff, 0xff, 0xff, 0xfe, 0x10, 0x00, 0xff, 0xff, 0xff, 0xff, 0xff, 0xff, 0xff, 0x90, 0x00, 0xff, 0xff, 0xfd, 0x30,
  0x17, 0xff, 0xff, 0xf0, 0x00, 0xff, 0xff, 0xf1, 0x00, 0x00, 0x8f, 0xff, 0xf5, 0x00, 0xff, 0xff, 0xb0, 0x00, 0x00, 0x2f, 0xff, 0xf6, 0x00, 0xff,
  0xff, 0x90, 0x00, 0x00, 0x0f, 0xff, 0xf8, 0x00, 0xff, 0xff, 0xb0, 0x00, 0x00, 0x2f, 0xff, 0xf6, 0x00, 0xff, 0xff, 0xf1, 0x00, 0x00, 0x9f, 0xff,
  0xf4, 0x00, 0xff, 0xff, 0xfd, 0x30, 0x18, 0xff, 0xff, 0xf0, 0x00, 0xff, 0xff, 0xff, 0xff, 0xff, 0xff, 0xff, 0x90, 0x00, 0xff, 0xff, 0xff, 0xff,
  0xff, 0xff, 0xfe, 0x10, 0x00, 0xff, 0xff, 0x9c, 0xff, 0xff, 0xff, 0xd2, 0x00, 0x00, 0xff, 0xff, 0x80, 0x6c, 0xff, 0xc7, 0x00, 0x00, 0x00, 0x00,
  0x17, 0xce, 0xfe, 0xb5, 0x00, 0x00, 0x00, 0x05, 0xff, 0xff, 0xff, 0xff, 0xc1, 0x00, 0x00, 0x5f, 0xff, 0xff, 0xff, 0xff, 0xfd, 0x00, 0x01, 0xef,
  0xff, 0xff, 0xff, 0xff, 0xff, 0x80, 0x07, 0xff, 0xff, 0xa1, 0x04, 0xff, 0xff, 0xe0, 0x0c, 0xff, 0xfe, 0x00, 0x00, 0x58, 0x88, 0x81, 0x0e, 0xff,
  0xfa, 0x00, 0x00, 0x00, 0x00, 0x00, 0x0f, 0xff, 0xf8, 0x00, 0x00, 0x00, 0x00, 0x00, 0x0e, 0xff, 0xfa, 0x00, 0x00, 0x00, 0x00, 0x00, 0x0c, 0xff,
  0xfe, 0x00, 0x00, 0x58, 0x88, 0x81, 0x07, 0xff, 0xff, 0xa1, 0x04, 0xff, 0xff, 0xe0, 0x01, 0xef, 0xff, 0xff, 0xff, 0xff, 0xff, 0x70, 0x00, 0x5f,
  0xff, 0xff, 0xff, 0xff, 0xfc, 0x00, 0x00, 0x05, 0xff, 0xff, 0xff, 0xff, 0xb1, 0x00, 0x00, 0x00, 0x17, 0xce, 0xfe, 0xb5, 0x00, 0x00, 0x00, 0x00,
  0x00, 0x00, 0x00, 0x00, 0xff, 0xff, 0x80, 0x00, 0x00, 0x00, 0x00, 0x00, 0x00, 0xff, 0xff, 0x80, 0x00, 0x00, 0x00, 0x00, 0x00, 0x00, 0xff, 0xff,
  0x80, 0x00, 0x00, 0x00, 0x00, 0x00, 0x00, 0xff, 0xff, 0x80, 0x00, 0x00, 0x00, 0x00, 0x00, 0x00, 0xff, 0xff, 0x80, 0x00, 0x00, 0x3a, 0xdf, 0xe9,
  0x20, 0xff, 0xff, 0x80, 0x00, 0x08, 0xff, 0xff, 0xff, 0xf5, 0xff, 0xff, 0x80, 0x00, 0x7f, 0xff, 0xff, 0xff, 0xff, 0xff, 0xff, 0x80, 0x02, 0xff,
  0xff, 0xff, 0xff, 0xff, 0xff, 0xff, 0x80, 0x07, 0xff, 0xff, 0xd3, 0x01, 0x7f, 0xff, 0xff, 0x80, 0x0c, 0xff, 0xff, 0x10, 0x00, 0x08, 0xff, 0xff,
  0x80, 0x0e, 0xff, 0xfa, 0x00, 0x00, 0x02, 0xff, 0xff, 0x80, 0x0f, 0xff, 0xf9, 0x00, 0x00, 0x00, 0xff, 0xff, 0x80, 0x0e, 0xff, 0xfb, 0x00, 0x00,
  0x02, 0xff, 0xff, 0x80, 0x0c, 0xff, 0xff, 0x20, 0x00, 0x08, 0xff, 0xff, 0x80, 0x07, 0xff, 0xff, 0xd3, 0x01, 0x7f, 0xff, 0xff, 0x80, 0x01, 0xff,
  0xff, 0xff, 0xff, 0xff, 0xff, 0xff, 0x80, 0x00, 0x7f, 0xff, 0xff, 0xff, 0xff, 0xff, 0xff, 0x80, 0x00, 0x08, 0xff, 0xff, 0xff, 0xf5, 0xff, 0xff,
  0x80, 0x00, 0x00, 0x3a, 0xdf, 0xea, 0x30, 0xff, 0xff, 0x80, 0x00, 0x00, 0x17, 0xce, 0xfd, 0xa4, 0x00, 0x00, 0x00, 0x05, 0xff, 0xff, 0xff, 0xff,
  0xb1, 0x00, 0x00, 0x5f, 0xff, 0xff, 0xff, 0xff, 0xfd, 0x00, 0x01, 0xef, 0xff, 0xff, 0xff, 0xff, 0xff, 0x80, 0x07, 0xff, 0xff, 0x70, 0x02, 0xcf,
  0xff, 0xe0, 0x0c, 0xff, 0xfa, 0x00, 0x00, 0x1f, 0xff, 0xf4, 0x0e, 0xff, 0xff, 0xff, 0xff, 0xff, 0xff, 0xf6, 0x0f, 0xff, 0xff, 0xff, 0xff, 0xff,
  0xff, 0xf8, 0x0e, 0xff, 0xfe, 0xdd, 0xdd, 0xdd, 0xdd, 0xd6, 0x0c, 0xff, 0xf9, 0x00, 0x00, 0x00, 0x00, 0x00, 0x07, 0xff, 0xff, 0x60, 0x03, 0xef,
  0xff, 0xf0, 0x01, 0xef, 0xff, 0xff, 0xff, 0xff, 0xff, 0x80, 0x00, 0x5f, 0xff, 0xff, 0xff, 0xff, 0xfd, 0x00, 0x00, 0x05, 0xff, 0xff, 0xff, 0xff,
  0xb1, 0x00, 0x00, 0x00, 0x17, 0xce, 0xfe, 0xa4, 0x00, 0x00, 0x00, 0x00, 0x07, 0xbd, 0xe0, 0x00, 0x02, 0xdf, 0xff, 0xf0, 0x00, 0x0c, 0xff, 0xff,
  0xf0, 0x00, 0x3f, 0xff, 0xff, 0xf0, 0x00, 0x7f, 0xff, 0xf8, 0x00, 0x00, 0x8f, 0xff, 0xf0, 0x00, 0x0f, 0xff, 0xff, 0xff, 0xf0, 0x0f, 0xff, 0xff,
  0xff, 0xf0, 0x0f, 0xff, 0xff, 0xff, 0xf0, 0x0e, 0xff, 0xff, 0xfe, 0xe0, 0x00, 0x8f, 0xff, 0xf0, 0x00, 0x00, 0x8f, 0xff, 0xf0, 0x00, 0x00, 0x8f,
  0xff, 0xf0, 0x00, 0x00, 0x8f, 0xff, 0xf0, 0x00, 0x00, 0x8f, 0xff, 0xf0, 0x00, 0x00, 0x8f, 0xff, 0xf0, 0x00, 0x00, 0x8f, 0xff, 0xf0, 0x00, 0x00,
  0x8f, 0xff, 0xf0, 0x00, 0x00, 0x8f, 0xff, 0xf0, 0x00, 0x00, 0x8f, 0xff, 0xf0, 0x00, 0x00, 0x8f, 0xff, 0xf0, 0x00, 0x00, 0x00, 0x3a, 0xdf, 0xea,
  0x30, 0xff, 0xff, 0x80, 0x00, 0x08, 0xff, 0xff, 0xff, 0xf6, 0xff, 0xff, 0x80, 0x00, 0x7f, 0xff, 0xff, 0xff, 0xff, 0xff, 0xff, 0x80, 0x02, 0xff,
  0xff, 0xff, 0xff, 0xff, 0xff, 0xff, 0x80, 0x07, 0xff, 0xff, 0xd3, 0x01, 0x7f, 0xff, 0xff, 0x80, 0x0c, 0xff, 0xff, 0x10, 0x00, 0x08, 0xff, 0xff,
  0x80, 0x0e, 0xff, 0xfa, 0x00, 0x00, 0x02, 0xff, 0xff, 0x80, 0x0f, 0xff, 0xf9, 0x00, 0x00, 0x00, 0xff, 0xff, 0x80, 0x0e, 0xff, 0xfb, 0x00, 0x00,
  0x02, 0xff, 0xff, 0x80, 0x0c, 0xff, 0xff, 0x20, 0x00, 0x08, 0xff, 0xff, 0x80, 0x07, 0xff, 0xff, 0xd3, 0x01, 0x7f, 0xff, 0xff, 0x80, 0x01, 0xff,
  0xff, 0xff, 0xff, 0xff, 0xff, 0xff, 0x80, 0x00, 0x7f, 0xff, 0xff, 0xff, 0xff, 0xff, 0xff, 0x80, 0x00, 0x08, 0xff, 0xff, 0xff, 0xf4, 0xff, 0xff,
  0x80, 0x00, 0x00, 0x3a, 0xdf, 0xea, 0x20, 0xff, 0xff, 0x80, 0x00, 0x00, 0x00, 0x00, 0x00, 0x01, 0xff, 0xff, 0x70, 0x04, 0xbb, 0xbb, 0x10, 0x00,
  0x05, 0xff, 0xff, 0x50, 0x02, 0xff, 0xff, 0xc2, 0x00, 0x5e, 0xff, 0xff, 0x00, 0x00, 0xcf, 0xff, 0xff, 0xff, 0xff, 0xff, 0xf9, 0x00, 0x00, 0x2f,
  0xff, 0xff, 0xff, 0xff, 0xff, 0xe1, 0x00, 0x00, 0x03, 0xdf, 0xff, 0xff, 0xff, 0xfc, 0x10, 0x00, 0x00, 0x00, 0x05, 0xae, 0xff, 0xdb, 0x50, 0x00,
  0x00, 0x00, 0xff, 0xff, 0x80, 0x00, 0x00, 0x00, 0x00, 0x00, 0x00, 0xff, 0xff, 0x80, 0x00, 0x00, 0x00, 0x00, 0x00, 0x00, 0xff, 0xff, 0x80, 0x00,
  0x00, 0x00, 0x00, 0x00, 0x00, 0xff, 0xff, 0x80, 0x00, 0x00, 0x00, 0x00, 0x00, 0x00, 0xff, 0xff, 0x80, 0x00, 0x00, 0x00, 0x00, 0x00, 0x00, 0xff,
  0xff, 0x80, 0x6c, 0xff, 0xc6, 0x00, 0x00, 0x00, 0xff, 0xff, 0x9c, 0xff, 0xff, 0xff, 0xb0, 0x00, 0x00, 0xff, 0xff, 0xff, 0xff, 0xff, 0xff, 0xf9,
  0x00, 0x00, 0xff, 0xff, 0xff, 0xff, 0xff, 0xff, 0xff, 0x10, 0x00, 0xff, 0xff, 0xf9, 0x10, 0x3e, 0xff, 0xff, 0x50, 0x00, 0xff, 0xff, 0xd0, 0x00,
  0x05, 0xff, 0xff, 0x70, 0x00, 0xff, 0xff, 0x90, 0x00, 0x01, 0xff, 0xff, 0x80, 0x00, 0xff, 0xff, 0x80, 0x00, 0x00, 0xff, 0xff, 0x80, 0x00, 0xff,
  0xff, 0x80, 0x00, 0x00, 0xff, 0xff, 0x80, 0x00, 0xff, 0xff, 0x80, 0x00, 0x00, 0xff, 0xff, 0x80, 0x00, 0xff, 0xff, 0x80, 0x00, 0x00, 0xff, 0xff,
  0x80, 0x00, 0xff, 0xff, 0x80, 0x00, 0x00, 0xff, 0xff, 0x80, 0x00, 0xff, 0xff, 0x80, 0x00, 0x00, 0xff, 0xff, 0x80, 0x00, 0xff, 0xff, 0x80, 0x00,
  0x00, 0xff, 0xff, 0x80, 0x00, 0xff, 0xff, 0x80, 0x00, 0x00, 0xff, 0xff, 0x80, 0x02, 0xcf, 0xc2, 0x00, 0x0c, 0xff, 0xfc, 0x00, 0x0f, 0xff, 0xff,
  0x00, 0x0c, 0xff, 0xfc, 0x00, 0x02, 0xcf, 0xc2, 0x00, 0x00, 0x00, 0x00, 0x00, 0x08, 0xff, 0xff, 0x00, 0x08, 0xff, 0xff, 0x00, 0x08, 0xff, 0xff,
  0x00, 0x08, 0xff, 0xff, 0x00, 0x08, 0xff, 0xff, 0x00, 0x08, 0xff, 0xff, 0x00, 0x08, 0xff, 0xff, 0x00, 0x08, 0xff, 0xff, 0x00, 0x08, 0xff, 0xff,
  0x00, 0x08, 0xff, 0xff, 0x00, 0x08, 0xff, 0xff, 0x00, 0x08, 0xff, 0xff, 0x00, 0x08, 0xff, 0xff, 0x00, 0x08, 0xff, 0xff, 0x00, 0x08, 0xff, 0xff,
  0x00, 0x00, 0x2c, 0xfc, 0x20, 0x00, 0x00, 0xcf, 0xff, 0xc0, 0x00, 0x00, 0xff, 0xff, 0xf0, 0x00, 0x00, 0xcf, 0xff, 0xc0, 0x00, 0x00, 0x2c, 0xfc,
  0x20, 0x00, 0x00, 0x00, 0x00, 0x00, 0x00, 0x00, 0x8f, 0xff, 0xf0, 0x00, 0x00, 0x8f, 0xff, 0xf0, 0x00, 0x00, 0x8f, 0xff, 0xf0, 0x00, 0x00, 0x8f,
  0xff, 0xf0, 0x00, 0x00, 0x8f, 0xff, 0xf0, 0x00, 0x00, 0x8f, 0xff, 0xf0, 0x00, 0x00, 0x8f, 0xff, 0xf0, 0x00, 0x00, 0x8f, 0xff, 0xf0, 0x00, 0x00,
  0x8f, 0xff, 0xf0, 0x00, 0x00, 0x8f, 0xff, 0xf0, 0x00, 0x00, 0x8f, 0xff, 0xf0, 0x00, 0x00, 0x8f, 0xff, 0xf0, 0x00, 0x00, 0x8f, 0xff, 0xf0, 0x00,
  0x00, 0x8f, 0xff, 0xf0, 0x00, 0x00, 0x8f, 0xff, 0xf0, 0x00, 0x00, 0x8f, 0xff, 0xf0, 0x00, 0x00, 0x8f, 0xff, 0xf0, 0x00, 0x00, 0xbf, 0xff, 0xf0,
  0x00, 0xef, 0xff, 0xff, 0xd0, 0x00, 0xff, 0xff, 0xff, 0x80, 0x00, 0xff, 0xff, 0xfc, 0x00, 0x00, 0xff, 0xfc, 0x70, 0x00, 0x00, 0x00, 0xff, 0xff,
  0x80, 0x00, 0x00, 0x00, 0x00, 0x00, 0x00, 0xff, 0xff, 0x80, 0x00, 0x00, 0x00, 0x00, 0x00, 0x00, 0xff, 0xff, 0x80, 0x00, 0x00, 0x00, 0x00, 0x00,
  0x00, 0xff, 0xff, 0x80, 0x00, 0x00, 0x00, 0x00, 0x00, 0x00, 0xff, 0xff, 0x80, 0x00, 0x00, 0x00, 0x00, 0x00, 0x00, 0xff, 0xff, 0x80, 0x00, 0x7f,
  0xff, 0xfe, 0x10, 0x00, 0xff, 0xff, 0x80, 0x02, 0xff, 0xff, 0xf3, 0x00, 0x00, 0xff, 0xff, 0x80, 0x0d, 0xff, 0xff, 0x60, 0x00, 0x00, 0xff, 0xff,
  0x80, 0x9f, 0xff, 0xf9, 0x00, 0x00, 0x00, 0xff, 0xff, 0x85, 0xff, 0xff, 0xc0, 0x00, 0x00, 0x00, 0xff, 0xff, 0xae, 0xff, 0xfe, 0x10, 0x00, 0x00,
  0x00, 0xff, 0xff, 0xff, 0xff, 0xf3, 0x00, 0x00, 0x00, 0x00, 0xff, 0xff, 0xff, 0xff, 0x90, 0x00, 0x00, 0x00, 0x00, 0xff, 0xff, 0xff, 0xff, 0xf3,
  0x00, 0x00, 0x00, 0x00, 0xff, 0xff, 0x9d, 0xff, 0xfe, 0x10, 0x00, 0x00, 0x00, 0xff, 0xff, 0x83, 0xff, 0xff, 0xc0, 0x00, 0x00, 0x00, 0xff, 0xff,
  0x80, 0x8f, 0xff, 0xf9, 0x00, 0x00, 0x00, 0xff, 0xff, 0x80, 0x0c, 0xff, 0xff, 0x60, 0x00, 0x00, 0xff, 0xff, 0x80, 0x02, 0xff, 0xff, 0xf3, 0x00,
  0x00, 0xff, 0xff, 0x80, 0x00, 0x6f, 0xff, 0xfe, 0x20, 0x00, 0xff, 0xff, 0x80, 0x00, 0xff, 0xff, 0x80, 0x00, 0xff, 0xff, 0x80, 0x00, 0xff, 0xff,
  0x80, 0x00, 0xff, 0xff, 0x80, 0x00, 0xff, 0xff, 0x80, 0x00, 0xff, 0xff, 0x80, 0x00, 0xff, 0xff, 0x80, 0x00, 0xff, 0xff, 0x80, 0x00, 0xff, 0xff,
  0x80, 0x00, 0xff, 0xff, 0x80, 0x00, 0xff, 0xff, 0x80, 0x00, 0xff, 0xff, 0x80, 0x00, 0xff, 0xff, 0x80, 0x00, 0xff, 0xff, 0x80, 0x00, 0xff, 0xff,
  0x80, 0x00, 0xff, 0xff, 0x80, 0x00, 0xff, 0xff, 0x80, 0x00, 0xff, 0xff, 0x80, 0x00, 0xff, 0xff, 0x80, 0x00, 0xff, 0xff, 0x81, 0x8d, 0xfe, 0xb5,
  0x00, 0x01, 0x8d, 0xfe, 0xb5, 0x00, 0x00, 0x00, 0xff, 0xff, 0xae, 0xff, 0xff, 0xff, 0xb0, 0x4e, 0xff, 0xff, 0xff, 0xa0, 0x00, 0x00, 0xff, 0xff,
  0xff, 0xff, 0xff, 0xff, 0xfa, 0xff, 0xff, 0xff, 0xff, 0xf8, 0x00, 0x00, 0xff, 0xff, 0xff, 0xff, 0xff, 0xff, 0xff, 0xff, 0xff, 0xff, 0xff, 0xff,
  0x10, 0x00, 0xff, 0xff, 0xf9, 0x00, 0x3e, 0xff, 0xff, 0xf9, 0x00, 0x3e, 0xff, 0xff, 0x50, 0x00, 0xff, 0xff, 0xd0, 0x00, 0x04, 0xff, 0xff, 0xd0,
  0x00, 0x04, 0xff, 0xff, 0x70, 0x00, 0xff, 0xff, 0x90, 0x00, 0x01, 0xff, 0xff, 0x90, 0x00, 0x01, 0xff, 0xff, 0x80, 0x00, 0xff, 0xff, 0x80, 0x00,
  0x00, 0xff, 0xff, 0x80, 0x00, 0x00, 0xff, 0xff, 0x80, 0x00, 0xff, 0xff, 0x80, 0x00, 0x00, 0xff, 0xff, 0x80, 0x00, 0x00, 0xff, 0xff, 0x80, 0x00,
  0xff, 0xff, 0x80, 0x00, 0x00, 0xff, 0xff, 0x80, 0x00, 0x00, 0xff, 0xff, 0x80, 0x00, 0xff, 0xff, 0x80, 0x00, 0x00, 0xff, 0xff, 0x80, 0x00, 0x00,
  0xff, 0xff, 0x80, 0x00, 0xff, 0xff, 0x80, 0x00, 0x00, 0xff, 0xff, 0x80, 0x00, 0x00, 0xff, 0xff, 0x80, 0x00, 0xff, 0xff, 0x80, 0x00, 0x00, 0xff,
  0xff, 0x80, 0x00, 0x00, 0xff, 0xff, 0x80, 0x00, 0xff, 0xff, 0x80, 0x00, 0x00, 0xff, 0xff, 0x80, 0x00, 0x00, 0xff, 0xff, 0x80, 0x00, 0xff, 0xff,
  0x80, 0x00, 0x00, 0xff, 0xff, 0x80, 0x00, 0x00, 0xff, 0xff, 0x80, 0x00, 0xff, 0xff, 0x80, 0x7c, 0xff, 0xc6, 0x00, 0x00, 0x00, 0xff, 0xff, 0x9d,
  0xff, 0xff, 0xff, 0xb0, 0x00, 0x00, 0xff, 0xff, 0xff, 0xff, 0xff, 0xff, 0xf9, 0x00, 0x00, 0xff, 0xff, 0xff, 0xff, 0xff, 0xff, 0xff, 0x10, 0x00,
  0xff, 0xff, 0xf9, 0x10, 0x3e, 0xff, 0xff, 0x50, 0x00, 0xff, 0xff, 0xd0, 0x00, 0x05, 0xff, 0xff, 0x70, 0x00, 0xff, 0xff, 0x90, 0x00, 0x01, 0xff,
  0xff, 0x80, 0x00, 0xff, 0xff, 0x80, 0x00, 0x00, 0xff, 0xff, 0x80, 0x00, 0xff, 0xff, 0x80, 0x00, 0x00, 0xff, 0xff, 0x80, 0x00, 0xff, 0xff, 0x80,
  0x00, 0x00, 0xff, 0xff, 0x80, 0x00, 0xff, 0xff, 0x80, 0x00, 0x00, 0xff, 0xff, 0x80, 0x00, 0xff, 0xff, 0x80, 0x00, 0x00, 0xff, 0xff, 0x80, 0x00,
  0xff, 0xff, 0x80, 0x00, 0x00, 0xff, 0xff, 0x80, 0x00, 0xff, 0xff, 0x80, 0x00, 0x00, 0xff, 0xff, 0x80, 0x00, 0xff, 0xff, 0x80, 0x00, 0x00, 0xff,
  0xff, 0x80, 0x00, 0x00, 0x06, 0xbe, 0xfe, 0xb6, 0x00, 0x00, 0x00, 0x00, 0x03, 0xef, 0xff, 0xff, 0xff, 0xe3, 0x00, 0x00, 0x00, 0x3f, 0xff, 0xff,
  0xff, 0xff, 0xff, 0x30, 0x00, 0x00, 0xef, 0xff, 0xff, 0xff, 0xff, 0xff, 0xe0, 0x00, 0x06, 0xff, 0xff, 0xc2, 0x02, 0xcf, 0xff, 0xf6, 0x00, 0x0b,
  0xff, 0xfe, 0x10, 0x00, 0x1e, 0xff, 0xfb, 0x00, 0x0e, 0xff, 0xfa, 0x00, 0x00, 0x0a, 0xff, 0xfe, 0x00, 0x0f, 0xff, 0xf9, 0x00, 0x00, 0x09, 0xff,
  0xff, 0x00, 0x0e, 0xff, 0xfa, 0x00, 0x00, 0x0a, 0xff, 0xfe, 0x00, 0x0c, 0xff, 0xfe, 0x10, 0x00, 0x1f, 0xff, 0xfb, 0x00, 0x06, 0xff, 0xff, 0xb2,
  0x02, 0xcf, 0xff, 0xf6, 0x00, 0x01, 0xef, 0xff, 0xff, 0xff, 0xff, 0xff, 0xe0, 0x00, 0x00, 0x4f, 0xff, 0xff, 0xff, 0xff, 0xff, 0x30, 0x00, 0x00,
  0x04, 0xef, 0xff, 0xff, 0xff, 0xe3, 0x00, 0x00, 0x00, 0x00, 0x16, 0xce, 0xfe, 0xb6, 0x00, 0x00, 0x00, 0x00, 0xff, 0xff, 0x80, 0x6c, 0xff, 0xc7,
  0x00, 0x00, 0x00, 0xff, 0xff, 0x8b, 0xff, 0xff, 0xff, 0xd2, 0x00, 0x00, 0xff, 0xff, 0xff, 0xff, 0xff, 0xff, 0xfe, 0x10, 0x00, 0xff, 0xff, 0xff,
  0xff, 0xff, 0xff, 0xff, 0x90, 0x00, 0xff, 0xff, 0xfd, 0x30, 0x17, 0xff, 0xff, 0xf0, 0x00, 0xff, 0xff, 0xf1, 0x00, 0x00, 0x8f, 0xff, 0xf5, 0x00,
  0xff, 0xff, 0xb0, 0x00, 0x00, 0x2f, 0xff, 0xf6, 0x00, 0xff, 0xff, 0x90, 0x00, 0x00, 0x0f, 0xff, 0xf8, 0x00, 0xff, 0xff, 0xb0, 0x00, 0x00, 0x2f,
  0xff, 0xf6, 0x00, 0xff, 0xff, 0xf1, 0x00, 0x00, 0x9f, 0xff, 0xf4, 0x00, 0xff, 0xff, 0xfd, 0x30, 0x18, 0xff, 0xff, 0xf0, 0x00, 0xff, 0xff, 0xff,
  0xff, 0xff, 0xff, 0xff, 0x90, 0x00, 0xff, 0xff, 0xff, 0xff, 0xff, 0xff, 0xfe, 0x10, 0x00, 0xff, 0xff, 0x9b, 0xff, 0xff, 0xff, 0xd2, 0x00, 0x00,
  0xff, 0xff, 0x80, 0x6c, 0xff, 0xc7, 0x00, 0x00, 0x00, 0xff, 0xff, 0x80, 0x00, 0x00, 0x00, 0x00, 0x00, 0x00, 0xff, 0xff, 0x80, 0x00, 0x00, 0x00,
  0x00, 0x00, 0x00, 0xff, 0xff, 0x80, 0x00, 0x00, 0x00, 0x00, 0x00, 0x00, 0xff, 0xff, 0x80, 0x00, 0x00, 0x00, 0x00, 0x00, 0x00, 0xff, 0xff, 0x80,
  0x00, 0x00, 0x00, 0x00, 0x00, 0x00, 0xff, 0xff, 0x80, 0x00, 0x00, 0x00, 0x00, 0x00, 0x00, 0xff, 0xff, 0x80, 0x00, 0x00, 0x00, 0x00, 0x00, 0x00,
  0x00, 0x28, 0xdf, 0xeb, 0x50, 0xff, 0xff, 0x80, 0x00, 0x05, 0xff, 0xff, 0xff, 0xf9, 0xff, 0xff, 0x80, 0x00, 0x5f, 0xff, 0xff, 0xff, 0xff, 0xff,
  0xff, 0x80, 0x01, 0xef, 0xff, 0xff, 0xff, 0xff, 0xff, 0xff, 0x80, 0x06, 0xff, 0xff, 0xd3, 0x00, 0x7f, 0xff, 0xff, 0x80, 0x0c, 0xff, 0xff, 0x10,
  0x00, 0x08, 0xff, 0xff, 0x80, 0x0e, 0xff, 0xfa, 0x00, 0x00, 0x02, 0xff, 0xff, 0x80, 0x0f, 0xff, 0xf8, 0x00, 0x00, 0x00, 0xff, 0xff, 0x80, 0x0e,
  0xff, 0xfa, 0x00, 0x00, 0x02, 0xff, 0xff, 0x80, 0x0c, 0xff, 0xff, 0x10, 0x00, 0x08, 0xff, 0xff, 0x80, 0x07, 0xff, 0xff, 0xd3, 0x00, 0x7f, 0xff,
  0xff, 0x80, 0x01, 0xef, 0xff, 0xff, 0xff, 0xff, 0xff, 0xff, 0x80, 0x00, 0x5f, 0xff, 0xff, 0xff, 0xff, 0xff, 0xff, 0x80, 0x00, 0x06, 0xff, 0xff,
  0xff, 0xf7, 0xff, 0xff, 0x80, 0x00, 0x00, 0x29, 0xdf, 0xea, 0x30, 0xff, 0xff, 0x80, 0x00, 0x00, 0x00, 0x00, 0x00, 0x00, 0xff, 0xff, 0x80, 0x00,
  0x00, 0x00, 0x00, 0x00, 0x00, 0xff, 0xff, 0x80, 0x00, 0x00, 0x00, 0x00, 0x00, 0x00, 0xff, 0xff, 0x80, 0x00, 0x00, 0x00, 0x00, 0x00, 0x00, 0xff,
  0xff, 0x80, 0x00, 0x00, 0x00, 0x00, 0x00, 0x00, 0xff, 0xff, 0x80, 0x00, 0x00, 0x00, 0x00, 0x00, 0x00, 0xff, 0xff, 0x80, 0x00, 0x00, 0x00, 0x00,
  0x00, 0x00, 0xff, 0xff, 0x80, 0x00, 0xff, 0xff, 0x80, 0x4b, 0xe0, 0x00, 0xff, 0xff, 0x87, 0xff, 0xf0, 0x00, 0xff, 0xff, 0xcf, 0xff, 0xf0, 0x00,
  0xff, 0xff, 0xff, 0xff, 0xf0, 0x00, 0xff, 0xff, 0xff, 0xff, 0xf0, 0x00, 0xff, 0xff, 0xfa, 0x30, 0x00, 0x00, 0xff, 0xff, 0xd0, 0x00, 0x00, 0x00,
  0xff, 0xff, 0x90, 0x00, 0x00, 0x00, 0xff, 0xff, 0x80, 0x00, 0x00, 0x00, 0xff, 0xff, 0x80, 0x00, 0x00, 0x00, 0xff, 0xff, 0x80, 0x00, 0x00, 0x00,
  0xff, 0xff, 0x80, 0x00, 0x00, 0x00, 0xff, 0xff, 0x80, 0x00, 0x00, 0x00, 0xff, 0xff, 0x80, 0x00, 0x00, 0x00, 0xff, 0xff, 0x80, 0x00, 0x00, 0x00,
  0x04, 0xae, 0xff, 0xd8, 0x10, 0x00, 0x00, 0x00, 0xaf, 0xff, 0xff, 0xff, 0xe3, 0x00, 0x00, 0x08, 0xff, 0xff, 0xff, 0xff, 0xfe, 0x10, 0x00, 0x0e,
  0xff, 0xff, 0xff, 0xff, 0xff, 0x70, 0x00, 0x0f, 0xff, 0xfb, 0x01, 0xdf, 0xff, 0xc0, 0x00, 0x0c, 0xff, 0xfc, 0x00, 0x25, 0x55, 0x40, 0x00, 0x04,
  0xff, 0xff, 0xfb, 0x62, 0x00, 0x00, 0x00, 0x00, 0x3b, 0xff, 0xff, 0xff, 0xc3, 0x00, 0x00, 0x00, 0x00, 0x15, 0xae, 0xff, 0xff, 0x30, 0x00, 0x26,
  0x66, 0x62, 0x00, 0xbf, 0xff, 0xc0, 0x00, 0x4f, 0xff, 0xfb, 0x00, 0xbf, 0xff, 0xf0, 0x00, 0x0e, 0xff, 0xff, 0xff, 0xff, 0xff, 0xe0, 0x00, 0x05,
  0xff, 0xff, 0xff, 0xff, 0xff, 0x80, 0x00, 0x00, 0x6f, 0xff, 0xff, 0xff, 0xfb, 0x00, 0x00, 0x00, 0x02, 0x8d, 0xef, 0xea, 0x40, 0x00, 0x00, 0x00,
  0x8f, 0xff, 0xf0, 0x00, 0x00, 0x00, 0x8f, 0xff, 0xf0, 0x00, 0x00, 0x00, 0x8f, 0xff, 0xf0, 0x00, 0x00, 0x00, 0x8f, 0xff, 0xf0, 0x00, 0x00, 0x0f,
  0xff, 0xff, 0xff, 0xff, 0x00, 0x0f, 0xff, 0xff, 0xff, 0xff, 0x00, 0x0f, 0xff, 0xff, 0xff, 0xff, 0x00, 0x0e, 0xff, 0xff, 0xfe, 0xee, 0x00, 0x00,
  0x8f, 0xff, 0xf0, 0x00, 0x00, 0x00, 0x8f, 0xff, 0xf0, 0x00, 0x00, 0x00, 0x8f, 0xff, 0xf0, 0x00, 0x00, 0x00, 0x8f, 0xff, 0xf0, 0x00, 0x00, 0x00,
  0x8f, 0xff, 0xf0, 0x00, 0x00, 0x00, 0x8f, 0xff, 0xf0, 0x00, 0x00, 0x00, 0x7f, 0xff, 0xf3, 0x00, 0x00, 0x00, 0x5f, 0xff, 0xff, 0xee, 0x00, 0x00,
  0x1f, 0xff, 0xff, 0xff, 0x00, 0x00, 0x06, 0xff, 0xff, 0xff, 0x00, 0x00, 0x00, 0x3a, 0xef, 0xff, 0x00, 0x0f, 0xff, 0xf8, 0x00, 0x00, 0x0f, 0xff,
  0xf8, 0x00, 0x0f, 0xff, 0xf8, 0x00, 0x00, 0x0f, 0xff, 0xf8, 0x00, 0x0f, 0xff, 0xf8, 0x00, 0x00, 0x0f, 0xff, 0xf8, 0x00, 0x0f, 0xff, 0xf8, 0x00,
  0x00, 0x0f, 0xff, 0xf8, 0x00, 0x0f, 0xff, 0xf8, 0x00, 0x00, 0x0f, 0xff, 0xf8, 0x00, 0x0f, 0xff, 0xf8, 0x00, 0x00, 0x0f, 0xff, 0xf8, 0x00, 0x0f,
  0xff, 0xf8, 0x00, 0x00, 0x0f, 0xff, 0xf8, 0x00, 0x0f, 0xff, 0xf8, 0x00, 0x00, 0x0f, 0xff, 0xf8, 0x00, 0x0f, 0xff, 0xf9, 0x00, 0x00, 0x1f, 0xff,
  0xf8, 0x00, 0x0e, 0xff, 0xfd, 0x00, 0x00, 0x5f, 0xff, 0xf8, 0x00, 0x0c, 0xff, 0xff, 0x91, 0x03, 0xef, 0xff, 0xf8, 0x00, 0x07, 0xff, 0xff, 0xff,
  0xff, 0xff, 0xff, 0xf8, 0x00, 0x01, 0xef, 0xff, 0xff, 0xff, 0xff, 0xff, 0xf8, 0x00, 0x00, 0x4f, 0xff, 0xff, 0xff, 0x6f, 0xff, 0xf8, 0x00, 0x00,
  0x02, 0x9d, 0xfe, 0xa3, 0x0f, 0xff, 0xf8, 0x00, 0x9f, 0xff, 0xf2, 0x00, 0x00, 0x0d, 0xff, 0xfd, 0x00, 0x4f, 0xff, 0xf6, 0x00, 0x00, 0x2f, 0xff,
  0xf8, 0x00, 0x0e, 0xff, 0xfb, 0x00, 0x00, 0x7f, 0xff, 0xf2, 0x00, 0x09, 0xff, 0xff, 0x00, 0x00, 0xcf, 0xff, 0xd0, 0x00, 0x03, 0xff, 0xff, 0x50,
  0x01, 0xff, 0xff, 0x70, 0x00, 0x00, 0xef, 0xff, 0xa0, 0x05, 0xff, 0xff, 0x20, 0x00, 0x00, 0x8f, 0xff, 0xe0, 0x0a, 0xff, 0xfc, 0x00, 0x00, 0x00,
  0x3f, 0xff, 0xf3, 0x0e, 0xff, 0xf7, 0x00, 0x00, 0x00, 0x0d, 0xff, 0xf8, 0x4f, 0xff, 0xf1, 0x00, 0x00, 0x00, 0x08, 0xff, 0xfd, 0x8f, 0xff, 0xc0,
  0x00, 0x00, 0x00, 0x02, 0xff, 0xff, 0xef, 0xff, 0x60, 0x00, 0x00, 0x00, 0x00, 0xdf, 0xff, 0xff, 0xff, 0x10, 0x00, 0x00, 0x00, 0x00, 0x7f, 0xff,
  0xff, 0xfb, 0x00, 0x00, 0x00, 0x00, 0x00, 0x2f, 0xff, 0xff, 0xf6, 0x00, 0x00, 0x00, 0x00, 0x00, 0x0c, 0xff, 0xff, 0xf1, 0x00, 0x00, 0x00, 0xcf,
  0xff, 0xa0, 0x00, 0x1f, 0xff, 0xfd, 0x00, 0x00, 0xdf, 0xff, 0x40, 0x7f, 0xff, 0xd0, 0x00, 0x4f, 0xff, 0xff, 0x10, 0x00, 0xff, 0xff, 0x00, 0x3f,
  0xff, 0xf0, 0x00, 0x8f, 0xff, 0xff, 0x50, 0x03, 0xff, 0xfc, 0x00, 0x0f, 0xff, 0xf3, 0x00, 0xcf, 0xff, 0xff, 0x80, 0x06, 0xff, 0xf8, 0x00, 0x0b,
  0xff, 0xf6, 0x00, 0xff, 0xff, 0xff, 0xc0, 0x09, 0xff, 0xf4, 0x00, 0x07, 0xff, 0xf9, 0x03, 0xff, 0xfd, 0xff, 0xf0, 0x0c, 0xff, 0xf0, 0x00, 0x02,
  0xff, 0xfc, 0x06, 0xff, 0xf6, 0xff, 0xf4, 0x0f, 0xff, 0xb0, 0x00, 0x00, 0xef, 0xff, 0x0a, 0xff, 0xc2, 0xff, 0xf7, 0x2f, 0xff, 0x70, 0x00, 0x00,
  0xaf, 0xff, 0x2e, 0xff, 0x80, 0xef, 0xfb, 0x5f, 0xff, 0x30, 0x00, 0x00, 0x6f, 0xff, 0x7f, 0xff, 0x40, 0xbf, 0xff, 0x9f, 0xff, 0x00, 0x00, 0x00,
  0x1f, 0xff, 0xef, 0xff, 0x00, 0x7f, 0xff, 0xef, 0xfb, 0x00, 0x00, 0x00, 0x0d, 0xff, 0xff, 0xfc, 0x00, 0x3f, 0xff, 0xff, 0xf6, 0x00, 0x00, 0x00,
  0x09, 0xff, 0xff, 0xf8, 0x00, 0x0f, 0xff, 0xff, 0xf2, 0x00, 0x00, 0x00, 0x05, 0xff, 0xff, 0xf4, 0x00, 0x0c, 0xff, 0xff, 0xe0, 0x00, 0x00, 0x00,
  0x01, 0xff, 0xff, 0xf1, 0x00, 0x08, 0xff, 0xff, 0xa0, 0x00, 0x00, 0x8f, 0xff, 0xf7, 0x00, 0x01, 0xff, 0xff, 0xb0, 0x0d, 0xff, 0xff, 0x20, 0x09,
  0xff, 0xff, 0x20, 0x03, 0xff, 0xff, 0xc0, 0x2f, 0xff, 0xf6, 0x00, 0x00, 0x8f, 0xff, 0xf7, 0xbf, 0xff, 0xc0, 0x00, 0x00, 0x0d, 0xff, 0xff, 0xff,
  0xff, 0x20, 0x00, 0x00, 0x03, 0xff, 0xff, 0xff, 0xf8, 0x00, 0x00, 0x00, 0x00, 0x8f, 0xff, 0xff, 0xd0, 0x00, 0x00, 0x00, 0x00, 0x2f, 0xff, 0xff,
  0x50, 0x00, 0x00, 0x00, 0x00, 0xaf, 0xff, 0xff, 0xc0, 0x00, 0x00, 0x00, 0x04, 0xff, 0xff, 0xff, 0xf7, 0x00, 0x00, 0x00, 0x0e, 0xff, 0xff, 0xff,
  0xff, 0x30, 0x00, 0x00, 0x8f, 0xff, 0xf4, 0xff, 0xff, 0xd0, 0x00, 0x03, 0xff, 0xff, 0x70, 0x7f, 0xff, 0xf8, 0x00, 0x0c, 0xff, 0xfd, 0x00, 0x0c,
  0xff, 0xff, 0x30, 0x6f, 0xff, 0xf5, 0x00, 0x02, 0xff, 0xff, 0xd0, 0x0d, 0xff, 0xff, 0x10, 0x00, 0x00, 0x8f, 0xff, 0xf3, 0x06, 0xff, 0xff, 0x70,
  0x00, 0x00, 0xef, 0xff, 0xd0, 0x00, 0xff, 0xff, 0xd0, 0x00, 0x04, 0xff, 0xff, 0x60, 0x00, 0x9f, 0xff, 0xf3, 0x00, 0x0a, 0xff, 0xff, 0x00, 0x00,
  0x3f, 0xff, 0xf8, 0x00, 0x0f, 0xff, 0xf9, 0x00, 0x00, 0x0c, 0xff, 0xfe, 0x00, 0x5f, 0xff, 0xf2, 0x00, 0x00, 0x05, 0xff, 0xff, 0x40, 0xbf, 0xff,
  0xb0, 0x00, 0x00, 0x00, 0xef, 0xff, 0xa1, 0xff, 0xff, 0x50, 0x00, 0x00, 0x00, 0x8f, 0xff, 0xf7, 0xff, 0xfe, 0x00, 0x00, 0x00, 0x00, 0x2f, 0xff,
  0xff, 0xff, 0xf8, 0x00, 0x00, 0x00, 0x00, 0x0b, 0xff, 0xff, 0xff, 0xf1, 0x00, 0x00, 0x00, 0x00, 0x05, 0xff, 0xff, 0xff, 0xa0, 0x00, 0x00, 0x00,
  0x00, 0x00, 0xef, 0xff, 0xff, 0x40, 0x00, 0x00, 0x00, 0x00, 0x00, 0x7f, 0xff, 0xfd, 0x00, 0x00, 0x00, 0x00, 0x00, 0x00, 0x3f, 0xff, 0xf6, 0x00,
  0x00, 0x00, 0x00, 0x00, 0x00, 0x9f, 0xff, 0xf0, 0x00, 0x00, 0x00, 0x00, 0x00, 0x01, 0xff, 0xff, 0x90, 0x00, 0x00, 0x00, 0x00, 0x00, 0x07, 0xff,
  0xff, 0x30, 0x00, 0x00, 0x00, 0x00, 0x00, 0x0e, 0xff, 0xfc, 0x00, 0x00, 0x00, 0x00, 0x00, 0x00, 0x5f, 0xff, 0xf5, 0x00, 0x00, 0x00, 0x00, 0x00,
  0x00, 0xcf, 0xff, 0xe0, 0x00, 0x00, 0x00, 0x00, 0x00, 0x03, 0xff, 0xff, 0x80, 0x00, 0x00, 0x00, 0x00, 0x0f, 0xff, 0xff, 0xff, 0xff, 0xff, 0x00,
  0x0f, 0xff, 0xff, 0xff, 0xff, 0xff, 0x00, 0x0f, 0xff, 0xff, 0xff, 0xff, 0xff, 0x00, 0x0e, 0xee, 0xee, 0xef, 0xff, 0xff, 0x00, 0x00, 0x00, 0x00,
  0x9f, 0xff, 0xf6, 0x00, 0x00, 0x00, 0x06, 0xff, 0xff, 0x80, 0x00, 0x00, 0x00, 0x3f, 0xff, 0xfb, 0x00, 0x00, 0x00, 0x01, 0xef, 0xff, 0xd0, 0x00,
  0x00, 0x00, 0x0c, 0xff, 0xfe, 0x10, 0x00, 0x00, 0x00, 0x9f, 0xff, 0xf3, 0x00, 0x00, 0x00, 0x06, 0xff, 0xff, 0x50, 0x00, 0x00, 0x00, 0x0f, 0xff,
  0xff, 0xee, 0xee, 0xee, 0x00, 0x0f, 0xff, 0xff, 0xff, 0xff, 0xff, 0x00, 0x0f, 0xff, 0xff, 0xff, 0xff, 0xff, 0x00, 0x0f, 0xff, 0xff, 0xff, 0xff,
  0xff, 0x00, 0x00, 0x00, 0x00, 0x6b, 0xee, 0xe0, 0x00, 0x00, 0x00, 0x0b, 0xff, 0xff, 0xf0, 0x00, 0x00, 0x00, 0x7f, 0xff, 0xff, 0xf0, 0x00, 0x00,
  0x00, 0xdf, 0xff, 0xff, 0xf0, 0x00, 0x00, 0x00, 0xff, 0xff, 0xd1, 0x00, 0x00, 0x00, 0x00, 0xff, 0xff, 0x80, 0x00, 0x00, 0x00, 0x00, 0xef, 0xff,
  0x90, 0x00, 0x00, 0x00, 0x00, 0xdf, 0xff, 0xa0, 0x00, 0x00, 0x00, 0x00, 0xbf, 0xff, 0xc0, 0x00, 0x00, 0x00, 0x00, 0xaf, 0xff, 0xe0, 0x00, 0x00,
  0x00, 0x00, 0x8f, 0xff, 0xf0, 0x00, 0x00, 0x00, 0x00, 0x9f, 0xff, 0xf0, 0x00, 0x00, 0x00, 0x04, 0xff, 0xff, 0xd0, 0x00, 0x00, 0x00, 0xff, 0xff,
  0xff, 0x60, 0x00, 0x00, 0x00, 0xff, 0xff, 0xd6, 0x00, 0x00, 0x00, 0x00, 0xff, 0xff, 0xb4, 0x00, 0x00, 0x00, 0x00, 0xff, 0xff, 0xff, 0x50, 0x00,
  0x00, 0x00, 0x15, 0xff, 0xff, 0xc0, 0x00, 0x00, 0x00, 0x00, 0xaf, 0xff, 0xf0, 0x00, 0x00, 0x00, 0x00, 0x8f, 0xff, 0xf0, 0x00, 0x00, 0x00, 0x00,
  0xaf, 0xff, 0xe0, 0x00, 0x00, 0x00, 0x00, 0xbf, 0xff, 0xc0, 0x00, 0x00, 0x00, 0x00, 0xdf, 0xff, 0xb0, 0x00, 0x00, 0x00, 0x00, 0xef, 0xff, 0x90,
  0x00, 0x00, 0x00, 0x00, 0xff, 0xff, 0x80, 0x00, 0x00, 0x00, 0x00, 0xff, 0xff, 0xc0, 0x00, 0x00, 0x00, 0x00, 0xdf, 0xff, 0xff, 0xe0, 0x00, 0x00,
  0x00, 0x8f, 0xff, 0xff, 0xf0, 0x00, 0x00, 0x00, 0x0c, 0xff, 0xff, 0xf0, 0x00, 0x00, 0x00, 0x00, 0x7c, 0xff, 0xf0, 0x00, 0x00, 0xff, 0xff, 0x80,
  0x00, 0xff, 0xff, 0x80, 0x00, 0xff, 0xff, 0x80, 0x00, 0xff, 0xff, 0x80, 0x00, 0xff, 0xff, 0x80, 0x00, 0xff, 0xff, 0x80, 0x00, 0xff, 0xff, 0x80,
  0x00, 0xff, 0xff, 0x80, 0x00, 0xff, 0xff, 0x80, 0x00, 0xff, 0xff, 0x80, 0x00, 0xff, 0xff, 0x80, 0x00, 0xff, 0xff, 0x80, 0x00, 0xff, 0xff, 0x80,
  0x00, 0xff, 0xff, 0x80, 0x00, 0xff, 0xff, 0x80, 0x00, 0xff, 0xff, 0x80, 0x00, 0xff, 0xff, 0x80, 0x00, 0xff, 0xff, 0x80, 0x00, 0xff, 0xff, 0x80,
  0x00, 0xff, 0xff, 0x80, 0x00, 0xff, 0xff, 0x80, 0x00, 0xff, 0xff, 0x80, 0x00, 0xff, 0xff, 0x80, 0x00, 0xff, 0xff, 0x80, 0x00, 0xff, 0xff, 0x80,
  0x00, 0xee, 0xeb, 0x50, 0x00, 0x00, 0x00, 0x00, 0xff, 0xff, 0xfb, 0x00, 0x00, 0x00, 0x00, 0xff, 0xff, 0xff, 0x70, 0x00, 0x00, 0x00, 0xff, 0xff,
  0xff, 0xd0, 0x00, 0x00, 0x00, 0x01, 0xdf, 0xff, 0xf0, 0x00, 0x00, 0x00, 0x00, 0x8f, 0xff, 0xf0, 0x00, 0x00, 0x00, 0x00, 0x9f, 0xff, 0xe0, 0x00,
  0x00, 0x00, 0x00, 0xbf, 0xff, 0xd0, 0x00, 0x00, 0x00, 0x00, 0xcf, 0xff, 0xb0, 0x00, 0x00, 0x00, 0x00, 0xef, 0xff, 0xa0, 0x00, 0x00, 0x00, 0x00,
  0xff, 0xff, 0x80, 0x00, 0x00, 0x00, 0x00, 0xff, 0xff, 0x90, 0x00, 0x00, 0x00, 0x00, 0xdf, 0xff, 0xe2, 0x00, 0x00, 0x00, 0x00, 0x6f, 0xff, 0xff,
  0x70, 0x00, 0x00, 0x00, 0x06, 0xdf, 0xff, 0x80, 0x00, 0x00, 0x00, 0x05, 0xcf, 0xff, 0x80, 0x00, 0x00, 0x00, 0x5f, 0xff, 0xff, 0x80, 0x00, 0x00,
  0x00, 0xdf, 0xff, 0xf4, 0x00, 0x00, 0x00, 0x00, 0xff, 0xff, 0x90, 0x00, 0x00, 0x00, 0x00, 0xff, 0xff, 0x80, 0x00, 0x00, 0x00, 0x00, 0xef, 0xff,
  0x90, 0x00, 0x00, 0x00, 0x00, 0xcf, 0xff, 0xb0, 0x00, 0x00, 0x00, 0x00, 0xbf, 0xff, 0xd0, 0x00, 0x00, 0x00, 0x00, 0x9f, 0xff, 0xe0, 0x00, 0x00,
  0x00, 0x00, 0x8f, 0xff, 0xf0, 0x00, 0x00, 0x00, 0x00, 0xcf, 0xff, 0xf0, 0x00, 0x00, 0x00, 0xef, 0xff, 0xff, 0xd0, 0x00, 0x00, 0x00, 0xff, 0xff,
  0xff, 0x80, 0x00, 0x00, 0x00, 0xff, 0xff, 0xfc, 0x00, 0x00, 0x00, 0x00, 0xff, 0xfc, 0x70, 0x00, 0x00, 0x00, 0x00, 0x03, 0xbe, 0xd8, 0x10, 0x00,
  0x8e, 0xea, 0x00, 0x00, 0x6f, 0xff, 0xff, 0xe6, 0x01, 0xef, 0xf8, 0x00, 0x02, 0xff, 0xff, 0xff, 0xff, 0xff, 0xff, 0xf3, 0x00, 0x09, 0xff, 0xff,
  0xff, 0xff, 0xff, 0xff, 0xb0, 0x00, 0x0e, 0xff, 0x90, 0x3c, 0xff, 0xff, 0xfe, 0x10, 0x00, 0x2f, 0xff, 0x10, 0x00, 0x5d, 0xfe, 0x91, 0x00, 0x00,
  0x00, 0x00, 0x00, 0x00, 0x00, 0x00, 0x00, 0x00, 0x00, 0x00, 0x00, 0x00, 0x00, 0x00, 0x00, 0x00, 0x00, 0x00, 0x00, 0x00, 0x00, 0x00, 0x00, 0x00,
  0x00, 0x00, 0x00, 0x00, 0x00, 0x00, 0x00, 0x00, 0x00, 0x00, 0x00, 0x00, 0x00, 0x00, 0x00, 0x00, 0x00, 0x00, 0x00, 0x00, 0x00, 0x00, 0x00, 0x00,
  0x00, 0x00, 0x00, 0x00, 0x00, 0x00, 0x00, 0x00, 0x17, 0xce, 0xfe, 0xb5, 0x00, 0x00, 0x00, 0x05, 0xff, 0xff, 0xff, 0xff, 0xc1, 0x00, 0x00, 0x5f,
  0xff, 0xff, 0xff, 0xff, 0xfd, 0x00, 0x01, 0xff, 0xff, 0xff, 0xff, 0xff, 0xff, 0x80, 0x07, 0xff, 0xff, 0xa1, 0x03, 0xef, 0xff, 0xf0, 0x0c, 0xff,
  0xfe, 0x00, 0x00, 0x38, 0x88, 0x81, 0x0e, 0xff, 0xfa, 0x00, 0x00, 0x00, 0x00, 0x00, 0x0f, 0xff, 0xf8, 0x00, 0x00, 0x00, 0x00, 0x00, 0x0e, 0xff,
  0xfa, 0x00, 0x00, 0x00, 0x00, 0x00, 0x0c, 0xff, 0xfe, 0x00, 0x00, 0x49, 0x99, 0x91, 0x07, 0xff, 0xff, 0xb2, 0x04, 0xef, 0xff, 0xe0, 0x00, 0xef,
  0xff, 0xff, 0xff, 0xff, 0xff, 0x70, 0x00, 0x4f, 0xff, 0xff, 0xff, 0xff, 0xfc, 0x00, 0x00, 0x04, 0xef, 0xff, 0xff, 0xff, 0xb1, 0x00, 0x00, 0x00,
  0x05, 0xaf, 0xff, 0x94, 0x00, 0x00, 0x00, 0x00, 0x00, 0x0f, 0xfe, 0x20, 0x00, 0x00, 0x00, 0x00, 0x00, 0x0f, 0xff, 0xfc, 0x10, 0x00, 0x00, 0x00,
  0x00, 0x0f, 0xff, 0xff, 0xb0, 0x00, 0x00, 0x00, 0x00, 0x00, 0x02, 0xff, 0xe0, 0x00, 0x00, 0x00, 0x05, 0x88, 0x8a, 0xff, 0xe0, 0x00, 0x00, 0x00,
  0x0a, 0xff, 0xff, 0xff, 0x80, 0x00, 0x00, 0x00, 0x0a, 0xff, 0xff, 0xd6, 0x00, 0x00, 0x00, 0x00, 0x2e, 0xe1, 0x00, 0x03, 0xee, 0x00, 0x00, 0x00,
  0x00, 0x1f, 0xf9, 0x00, 0x1b, 0xff, 0x00, 0x00, 0x00, 0x00, 0x0e, 0xff, 0xff, 0xff, 0xfc, 0x00, 0x00, 0x00, 0x00, 0x09, 0xff, 0xff, 0xff, 0xf7,
  0x00, 0x00, 0x00, 0x00, 0x01, 0xdf, 0xff, 0xff, 0xc0, 0x00, 0x00, 0x00, 0x00, 0x00, 0x19, 0xef, 0xd8, 0x00, 0x00, 0x00, 0x00, 0x00, 0x00, 0x00,
  0x00, 0x00, 0x00, 0x00, 0x00, 0x00, 0x00, 0x3a, 0xdf, 0xea, 0x30, 0xff, 0xff, 0x80, 0x00, 0x08, 0xff, 0xff, 0xff, 0xf6, 0xff, 0xff, 0x80, 0x00,
  0x7f, 0xff, 0xff, 0xff, 0xff, 0xff, 0xff, 0x80, 0x02, 0xff, 0xff, 0xff, 0xff, 0xff, 0xff, 0xff, 0x80, 0x07, 0xff, 0xff, 0xd3, 0x01, 0x7f, 0xff,
  0xff, 0x80, 0x0c, 0xff, 0xff, 0x10, 0x00, 0x08, 0xff, 0xff, 0x80, 0x0e, 0xff, 0xfa, 0x00, 0x00, 0x02, 0xff, 0xff, 0x80, 0x0f, 0xff, 0xf9, 0x00,
  0x00, 0x00, 0xff, 0xff, 0x80, 0x0e, 0xff, 0xfb, 0x00, 0x00, 0x02, 0xff, 0xff, 0x80, 0x0c, 0xff, 0xff, 0x20, 0x00, 0x08, 0xff, 0xff, 0x80, 0x07,
  0xff, 0xff, 0xd3, 0x01, 0x7f, 0xff, 0xff, 0x80, 0x01, 0xff, 0xff, 0xff, 0xff, 0xff, 0xff, 0xff, 0x80, 0x00, 0x7f, 0xff, 0xff, 0xff, 0xff, 0xff,
  0xff, 0x80, 0x00, 0x08, 0xff, 0xff, 0xff, 0xf4, 0xff, 0xff, 0x80, 0x00, 0x00, 0x3a, 0xdf, 0xea, 0x20, 0xff, 0xff, 0x80, 0x00, 0x00, 0x00, 0x00,
  0x00, 0x01, 0xff, 0xff, 0x70, 0x04, 0xbb, 0xbb, 0x10, 0x00, 0x05, 0xff, 0xff, 0x50, 0x02, 0xff, 0xff, 0xc2, 0x00, 0x5e, 0xff, 0xff, 0x00, 0x00,
  0xcf, 0xff, 0xff, 0xff, 0xff, 0xff, 0xfa, 0x00, 0x00, 0x2f, 0xff, 0xff, 0xff, 0xff, 0xff, 0xe1, 0x00, 0x00, 0x02, 0xdf, 0xff, 0xff, 0xff, 0xfc,
  0x20, 0x00, 0x00, 0x00, 0x05, 0xad, 0xff, 0xdb, 0x50, 0x00, 0x00, 0x00, 0xff, 0xff, 0x80, 0x00, 0xff, 0xff, 0x80, 0x00, 0xff, 0xff, 0x80, 0x00,
  0xff, 0xff, 0x80, 0x00, 0xff, 0xff, 0x80, 0x00, 0xff, 0xff, 0x80, 0x00, 0xff, 0xff, 0x80, 0x00, 0xff, 0xff, 0x80, 0x00, 0xff, 0xff, 0x80, 0x00,
  0xff, 0xff, 0x80, 0x00, 0xff, 0xff, 0x80, 0x00, 0xff, 0xff, 0x80, 0x00, 0xff, 0xff, 0x80, 0x00, 0xff, 0xff, 0x80, 0x00, 0xff, 0xff, 0x80, 0x00,
  0x00, 0x4d, 0xd4, 0x04, 0xdd, 0x40, 0x00, 0x00, 0x00, 0x00, 0xef, 0xfe, 0x0e, 0xff, 0xe0, 0x00, 0x00, 0x00, 0x00, 0xef, 0xfe, 0x0e, 0xff, 0xe0,
  0x00, 0x00, 0x00, 0x00, 0x5e, 0xe4, 0x05, 0xee, 0x40, 0x00, 0x00, 0x00, 0x00, 0x00, 0x00, 0x00, 0x00, 0x00, 0x00, 0x00, 0x00, 0x00, 0x00, 0x00,
  0x00, 0x00, 0x00, 0x00, 0x00, 0x00, 0x00, 0x06, 0xbe, 0xfe, 0xb6, 0x00, 0x00, 0x00, 0x00, 0x03, 0xef, 0xff, 0xff, 0xff, 0xe3, 0x00, 0x00, 0x00,
  0x3f, 0xff, 0xff, 0xff, 0xff, 0xff, 0x30, 0x00, 0x00, 0xef, 0xff, 0xff, 0xff, 0xff, 0xff, 0xe0, 0x00, 0x06, 0xff, 0xff, 0xc2, 0x02, 0xcf, 0xff,
  0xf6, 0x00, 0x0b, 0xff, 0xfe, 0x10, 0x00, 0x1e, 0xff, 0xfb, 0x00, 0x0e, 0xff, 0xfa, 0x00, 0x00, 0x0a, 0xff, 0xfe, 0x00, 0x0f, 0xff, 0xf9, 0x00,
  0x00, 0x09, 0xff, 0xff, 0x00, 0x0e, 0xff, 0xfa, 0x00, 0x00, 0x0a, 0xff, 0xfe, 0x00, 0x0c, 0xff, 0xfe, 0x10, 0x00, 0x1f, 0xff, 0xfb, 0x00, 0x06,
  0xff, 0xff, 0xb2, 0x02, 0xcf, 0xff, 0xf6, 0x00, 0x01, 0xef, 0xff, 0xff, 0xff, 0xff, 0xff, 0xe0, 0x00, 0x00, 0x4f, 0xff, 0xff, 0xff, 0xff, 0xff,
  0x30, 0x00, 0x00, 0x04, 0xef, 0xff, 0xff, 0xff, 0xe3, 0x00, 0x00, 0x00, 0x00, 0x16, 0xce, 0xfe, 0xb6, 0x00, 0x00, 0x00, 0x00, 0x02, 0x8d, 0xff,
  0xda, 0x30, 0x00, 0x00, 0x00, 0x6f, 0xff, 0xff, 0xff, 0xf7, 0x00, 0x00, 0x04, 0xff, 0xff, 0xff, 0xff, 0xff, 0x50, 0x00, 0x0b, 0xff, 0xff, 0xff,
  0xff, 0xff, 0xe0, 0x00, 0x0e, 0xff, 0xfc, 0x00, 0x9f, 0xff, 0xf3, 0x00, 0x0f, 0xff, 0xfb, 0x00, 0x0a, 0xbb, 0xb4, 0x00, 0x0c, 0xff, 0xff, 0xd7,
  0x30, 0x00, 0x00, 0x00, 0x04, 0xff, 0xff, 0xff, 0xfe, 0x92, 0x00, 0x00, 0x00, 0x5f, 0xff, 0xff, 0xff, 0xff, 0x50, 0x00, 0x00, 0x01, 0x6b, 0xff,
  0xff, 0xff, 0xf1, 0x00, 0x00, 0x00, 0x00, 0x05, 0xcf, 0xff, 0xf6, 0x00, 0x6d, 0xdd, 0xd5, 0x00, 0x1f, 0xff, 0xf8, 0x00, 0x4f, 0xff, 0xfd, 0x30,
  0x6f, 0xff, 0xf6, 0x00, 0x0b, 0xff, 0xff, 0xff, 0xff, 0xff, 0xe1, 0x00, 0x01, 0xbf, 0xff, 0xff, 0xff, 0xfe, 0x30, 0x00, 0x00, 0x05, 0xbe, 0xff,
  0xfc, 0x81, 0x00, 0x00, 0x00, 0x00, 0x00, 0xff, 0xd0, 0x00, 0x00, 0x00, 0x00, 0x00, 0x00, 0xff, 0xff, 0xa1, 0x00, 0x00, 0x00, 0x00, 0x00, 0xff,
  0xff, 0xfb, 0x00, 0x00, 0x00, 0x00, 0x00, 0x00, 0x3f, 0xff, 0x00, 0x00, 0x00, 0x00, 0x4f, 0xff, 0xff, 0xfd, 0x00, 0x00, 0x00, 0x00, 0x4f, 0xff,
  0xff, 0xf4, 0x00, 0x00, 0x00, 0x00, 0x28, 0x88, 0x75, 0x10, 0x00, 0x00, 0x00, 0x00, 0x4e, 0xe4, 0x04, 0xee, 0x40, 0x00, 0x00, 0x00, 0x00, 0xef,
  0xfe, 0x0e, 0xff, 0xe0, 0x00, 0x00, 0x00, 0x00, 0xef, 0xfe, 0x0e, 0xff, 0xe0, 0x00, 0x00, 0x00, 0x00, 0x4d, 0xd3, 0x04, 0xdd, 0x40, 0x00, 0x00,
  0x00, 0x00, 0x00, 0x00, 0x00, 0x00, 0x00, 0x00, 0x00, 0x0f, 0xff, 0xf8, 0x00, 0x00, 0x0f, 0xff, 0xf8, 0x00, 0x0f, 0xff, 0xf8, 0x00, 0x00, 0x0f,
  0xff, 0xf8, 0x00, 0x0f, 0xff, 0xf8, 0x00, 0x00, 0x0f, 0xff, 0xf8, 0x00, 0x0f, 0xff, 0xf8, 0x00, 0x00, 0x0f, 0xff, 0xf8, 0x00, 0x0f, 0xff, 0xf8,
  0x00, 0x00, 0x0f, 0xff, 0xf8, 0x00, 0x0f, 0xff, 0xf8, 0x00, 0x00, 0x0f, 0xff, 0xf8, 0x00, 0x0f, 0xff, 0xf8, 0x00, 0x00, 0x0f, 0xff, 0xf8, 0x00,
  0x0f, 0xff, 0xf8, 0x00, 0x00, 0x0f, 0xff, 0xf8, 0x00, 0x0f, 0xff, 0xf9, 0x00, 0x00, 0x1f, 0xff, 0xf8, 0x00, 0x0e, 0xff, 0xfd, 0x00, 0x00, 0x5f,
  0xff, 0xf8, 0x00, 0x0c, 0xff, 0xff, 0x91, 0x03, 0xef, 0xff, 0xf8, 0x00, 0x07, 0xff, 0xff, 0xff, 0xff, 0xff, 0xff, 0xf8, 0x00, 0x01, 0xef, 0xff,
  0xff, 0xff, 0xff, 0xff, 0xf8, 0x00, 0x00, 0x4f, 0xff, 0xff, 0xff, 0x6f, 0xff, 0xf8, 0x00, 0x00, 0x02, 0x9d, 0xfe, 0xa3, 0x0f, 0xff, 0xf8, 0x00,
  0x00, 0x00, 0x00, 0x4a, 0xdf, 0xfe, 0xb7, 0x10, 0x00, 0x00, 0x00, 0x00, 0x2c, 0xff, 0xff, 0xff, 0xff, 0xf7, 0x00, 0x00, 0x00, 0x04, 0xef, 0xff,
  0xff, 0xff, 0xff, 0xff, 0xa0, 0x00, 0x00, 0x1e, 0xff, 0xff, 0xff, 0xff, 0xff, 0xff, 0xf8, 0x00, 0x00, 0xbf, 0xff, 0xfc, 0x40, 0x02, 0x9f, 0xff,
  0xff, 0x20, 0x03, 0xff, 0xff, 0xc0, 0x00, 0x00, 0x08, 0xff, 0xff, 0x90, 0x09, 0xff, 0xff, 0x20, 0x00, 0x00, 0x00, 0x56, 0x66, 0x40, 0x0d, 0xff,
  0xfc, 0x00, 0x00, 0x00, 0x00, 0x00, 0x00, 0x00, 0x0f, 0xff, 0xf9, 0x00, 0x00, 0x00, 0x00, 0x00, 0x00, 0x00, 0x0f, 0xff, 0xf8, 0x00, 0x00, 0x00,
  0x00, 0x00, 0x00, 0x00, 0x0e, 0xff, 0xf9, 0x00, 0x00, 0x00, 0x00, 0x00, 0x00, 0x00, 0x0c, 0xff, 0xfc, 0x00, 0x00, 0x00, 0x00, 0x00, 0x00, 0x00,
  0x08, 0xff, 0xff, 0x30, 0x00, 0x00, 0x00, 0x77, 0x77, 0x50, 0x03, 0xff, 0xff, 0xd1, 0x00, 0x00, 0x09, 0xff, 0xff, 0x80, 0x00, 0xbf, 0xff, 0xfd,
  0x51, 0x03, 0xaf, 0xff, 0xff, 0x20, 0x00, 0x1f, 0xff, 0xff, 0xff, 0xff, 0xff, 0xff, 0xf8, 0x00, 0x00, 0x03, 0xef, 0xff, 0xff, 0xff, 0xff, 0xff,
  0xa0, 0x00, 0x00, 0x00, 0x2b, 0xff, 0xff, 0xff, 0xff, 0xf7, 0x00, 0x00, 0x00, 0x00, 0x00, 0x38, 0xbf, 0xff, 0xb7, 0x10, 0x00, 0x00, 0x00, 0x00,
  0x00, 0x00, 0x0f, 0xfd, 0x00, 0x00, 0x00, 0x00, 0x00, 0x00, 0x00, 0x00, 0x0f, 0xff, 0xfb, 0x10, 0x00, 0x00, 0x00, 0x00, 0x00, 0x00, 0x0f, 0xff,
  0xff, 0xa0, 0x00, 0x00, 0x00, 0x00, 0x00, 0x00, 0x00, 0x02, 0xff, 0xe0, 0x00, 0x00, 0x00, 0x00, 0x00, 0x04, 0x88, 0x8a, 0xff, 0xe0, 0x00, 0x00,
  0x00, 0x00, 0x00, 0x09, 0xff, 0xff, 0xff, 0x80, 0x00, 0x00, 0x00, 0x00, 0x00, 0x09, 0xff, 0xff, 0xd7, 0x00, 0x00, 0x00, 0x00, 0x00, 0x02, 0xff,
  0x40, 0x04, 0xff, 0x20, 0x00, 0x00, 0x00, 0x00, 0x01, 0xff, 0xff, 0xff, 0xff, 0x10, 0x00, 0x00, 0x00, 0x00, 0x00, 0xcf, 0xff, 0xff, 0xfc, 0x00,
  0x00, 0x00, 0x00, 0x00, 0x00, 0x4f, 0xff, 0xff, 0xf4, 0x00, 0x00, 0x00, 0x00, 0x00, 0x00, 0x03, 0xcf, 0xfb, 0x30, 0x00, 0x00, 0x00, 0x00, 0x00,
  0x00, 0x00, 0x00, 0x00, 0x00, 0x00, 0x00, 0x00, 0x00, 0x00, 0x00, 0x4a, 0xdf, 0xfe, 0xb7, 0x10, 0x00, 0x00, 0x00, 0x00, 0x2c, 0xff, 0xff, 0xff,
  0xff, 0xf8, 0x00, 0x00, 0x00, 0x04, 0xef, 0xff, 0xff, 0xff, 0xff, 0xff, 0xb0, 0x00, 0x00, 0x1e, 0xff, 0xff, 0xff, 0xff, 0xff, 0xff, 0xf8, 0x00,
  0x00, 0xbf, 0xff, 0xfc, 0x30, 0x03, 0xbf, 0xff, 0xff, 0x20, 0x03, 0xff, 0xff, 0xb0, 0x00, 0x00, 0x0c, 0xff, 0xff, 0x70, 0x09, 0xff, 0xff, 0x20,
  0x00, 0x00, 0x00, 0x00, 0x00, 0x00, 0x0d, 0xff, 0xfc, 0x00, 0x00, 0x00, 0x00, 0x00, 0x00, 0x00, 0x0f, 0xff, 0xf9, 0x00, 0x0e, 0xee, 0xee, 0xee,
  0xee, 0xe0, 0x0f, 0xff, 0xf8, 0x00, 0x0f, 0xff, 0xff, 0xff, 0xff, 0xf0, 0x0f, 0xff, 0xf9, 0x00, 0x0f, 0xff, 0xff, 0xff, 0xff, 0xf0, 0x0d, 0xff,
  0xfc, 0x00, 0x0f, 0xff, 0xff, 0xff, 0xff, 0xf0, 0x09, 0xff, 0xff, 0x20, 0x00, 0x00, 0x00, 0x7f, 0xff, 0xf0, 0x04, 0xff, 0xff, 0xc0, 0x00, 0x00,
  0x02, 0xef, 0xff, 0xb0, 0x00, 0xcf, 0xff, 0xfc, 0x40, 0x00, 0x6e, 0xff, 0xff, 0x30, 0x00, 0x1e, 0xff, 0xff, 0xff, 0xff, 0xff, 0xff, 0xf9, 0x00,
  0x00, 0x04, 0xef, 0xff, 0xff, 0xff, 0xff, 0xff, 0xa0, 0x00, 0x00, 0x00, 0x2c, 0xff, 0xff, 0xff, 0xff, 0xf6, 0x00, 0x00, 0x00, 0x00, 0x00, 0x49,
  0xdf, 0xfe, 0xb6, 0x10, 0x00, 0x00, 0x00, 0x4e, 0xe4, 0x00, 0x00, 0xef, 0xfe, 0x00, 0x00, 0xef, 0xfe, 0x00, 0x00, 0x4d, 0xd3, 0x00, 0x00, 0x00,
  0x00, 0x00, 0x00, 0xff, 0xff, 0x80, 0x00, 0xff, 0xff, 0x80, 0x00, 0xff, 0xff, 0x80, 0x00, 0xff, 0xff, 0x80, 0x00, 0xff, 0xff, 0x80, 0x00, 0xff,
  0xff, 0x80, 0x00, 0xff, 0xff, 0x80, 0x00, 0xff, 0xff, 0x80, 0x00, 0xff, 0xff, 0x80, 0x00, 0xff, 0xff, 0x80, 0x00, 0xff, 0xff, 0x80, 0x00, 0xff,
  0xff, 0x80, 0x00, 0xff, 0xff, 0x80, 0x00, 0xff, 0xff, 0x80, 0x00, 0xff, 0xff, 0x80, 0x00, 0xff, 0xff, 0x80, 0x00, 0xff, 0xff, 0x80, 0x00, 0xff,
  0xff, 0x80, 0x00, 0xff, 0xff, 0x80, 0x00, 0x00, 0x00, 0x4e, 0xe4, 0x04, 0xee, 0x50, 0x00, 0x00, 0x00, 0x00, 0x00, 0xef, 0xfe, 0x0e, 0xff, 0xe0,
  0x00, 0x00, 0x00, 0x00, 0x00, 0xef, 0xfe, 0x0e, 0xff, 0xe0, 0x00, 0x00, 0x00, 0x00, 0x00, 0x4d, 0xd3, 0x04, 0xdd, 0x40, 0x00, 0x00, 0x00, 0x00,
  0x00, 0x00, 0x00, 0x00, 0x00, 0x00, 0x00, 0x00, 0x00, 0x00, 0x00, 0x39, 0xdf, 0xfe, 0xb6, 0x00, 0x00, 0x00, 0x00, 0x00, 0x1a, 0xff, 0xff, 0xff,
  0xff, 0xf5, 0x00, 0x00, 0x00, 0x02, 0xdf, 0xff, 0xff, 0xff, 0xff, 0xff, 0x90, 0x00, 0x00, 0x0d, 0xff, 0xff, 0xff, 0xff, 0xff, 0xff, 0xf7, 0x00,
  0x00, 0xaf, 0xff, 0xfc, 0x40, 0x01, 0x7f, 0xff, 0xff, 0x30, 0x03, 0xff, 0xff, 0xc0, 0x00, 0x00, 0x04, 0xff, 0xff, 0xb0, 0x08, 0xff, 0xff, 0x20,
  0x00, 0x00, 0x00, 0xaf, 0xff, 0xf1, 0x0c, 0xff, 0xfc, 0x00, 0x00, 0x00, 0x00, 0x4f, 0xff, 0xf5, 0x0f, 0xff, 0xf9, 0x00, 0x00, 0x00, 0x00, 0x1f,
  0xff, 0xf7, 0x0f, 0xff, 0xf8, 0x00, 0x00, 0x00, 0x00, 0x0f, 0xff, 0xf8, 0x0f, 0xff, 0xf9, 0x00, 0x00, 0x00, 0x00, 0x1f, 0xff, 0xf7, 0x0c, 0xff,
  0xfc, 0x00, 0x00, 0x00, 0x00, 0x4f, 0xff, 0xf5, 0x08, 0xff, 0xff, 0x20, 0x00, 0x00, 0x00, 0xaf, 0xff, 0xf1, 0x03, 0xff, 0xff, 0xc0, 0x00, 0x00,
  0x04, 0xff, 0xff, 0xb0, 0x00, 0xaf, 0xff, 0xfc, 0x40, 0x01, 0x7f, 0xff, 0xff, 0x30, 0x00, 0x0d, 0xff, 0xff, 0xff, 0xff, 0xff, 0xff, 0xf7, 0x00,
  0x00, 0x02, 0xdf, 0xff, 0xff, 0xff, 0xff, 0xff, 0x90, 0x00, 0x00, 0x00, 0x1a, 0xff, 0xff, 0xff, 0xff, 0xe5, 0x00, 0x00, 0x00, 0x00, 0x00, 0x39,
  0xdf, 0xfe, 0xb6, 0x00, 0x00, 0x00, 0x00, 0x00, 0x6b, 0xef, 0xfd, 0x92, 0x00, 0x00, 0x00, 0x2d, 0xff, 0xff, 0xff, 0xff, 0x80, 0x00, 0x01, 0xef,
  0xff, 0xff, 0xff, 0xff, 0xf7, 0x00, 0x09, 0xff, 0xff, 0xff, 0xff, 0xff, 0xff, 0x10, 0x0d, 0xff, 0xfe, 0x20, 0x1a, 0xff, 0xff, 0x50, 0x0f, 0xff,
  0xf9, 0x00, 0x01, 0xee, 0xee, 0x70, 0x0e, 0xff, 0xfc, 0x00, 0x00, 0x00, 0x00, 0x00, 0x0b, 0xff, 0xff, 0xd5, 0x00, 0x00, 0x00, 0x00, 0x04, 0xff,
  0xff, 0xff, 0xe9, 0x30, 0x00, 0x00, 0x00, 0x7f, 0xff, 0xff, 0xff, 0xfb, 0x20, 0x00, 0x00, 0x03, 0xbf, 0xff, 0xff, 0xff, 0xf3, 0x00, 0x00, 0x00,
  0x02, 0x8d, 0xff, 0xff, 0xfe, 0x00, 0x00, 0x00, 0x00, 0x00, 0x4e, 0xff, 0xff, 0x50, 0x02, 0x22, 0x21, 0x00, 0x02, 0xff, 0xff, 0x70, 0x0f, 0xff,
  0xfa, 0x00, 0x01, 0xff, 0xff, 0x70, 0x0b, 0xff, 0xff, 0x60, 0x1a, 0xff, 0xff, 0x40, 0x05, 0xff, 0xff, 0xff, 0xff, 0xff, 0xfe, 0x00, 0x00, 0x9f,
  0xff, 0xff, 0xff, 0xff, 0xf5, 0x00, 0x00, 0x06, 0xef, 0xff, 0xff, 0xff, 0x60, 0x00, 0x00, 0x00, 0x04, 0x8f, 0xff, 0x71, 0x00, 0x00, 0x00, 0x00,
  0x00, 0x0f, 0xfe, 0x30, 0x00, 0x00, 0x00, 0x00, 0x00, 0x0f, 0xff, 0xfd, 0x20, 0x00, 0x00, 0x00, 0x00, 0x0f, 0xff, 0xff, 0xc0, 0x00, 0x00, 0x00,
  0x00, 0x00, 0x03, 0xff, 0xf0, 0x00, 0x00, 0x00, 0x0f, 0xff, 0xff, 0xff, 0xd0, 0x00, 0x00, 0x00, 0x0f, 0xff, 0xff, 0xfe, 0x30, 0x00, 0x00, 0x00,
  0x08, 0x88, 0x87, 0x50, 0x00, 0x00, 0x00, 0x00, 0x04, 0xee, 0x50, 0x4e, 0xe4, 0x00, 0x00, 0x00, 0x00, 0x0e, 0xff, 0xe0, 0xef, 0xfe, 0x00, 0x00,
  0x00, 0x00, 0x0e, 0xff, 0xe0, 0xef, 0xfe, 0x00, 0x00, 0x00, 0x00, 0x04, 0xdd, 0x40, 0x4d, 0xd4, 0x00, 0x00, 0x00, 0x00, 0x00, 0x00, 0x00, 0x00,
  0x00, 0x00, 0x00, 0x00, 0xff, 0xff, 0x80, 0x00, 0x00, 0x0f, 0xff, 0xf8, 0x00, 0xff, 0xff, 0x80, 0x00, 0x00, 0x0f, 0xff, 0xf8, 0x00, 0xff, 0xff,
  0x80, 0x00, 0x00, 0x0f, 0xff, 0xf8, 0x00, 0xff, 0xff, 0x80, 0x00, 0x00, 0x0f, 0xff, 0xf8, 0x00, 0xff, 0xff, 0x80, 0x00, 0x00, 0x0f, 0xff, 0xf8,
  0x00, 0xff, 0xff, 0x80, 0x00, 0x00, 0x0f, 0xff, 0xf8, 0x00, 0xff, 0xff, 0x80, 0x00, 0x00, 0x0f, 0xff, 0xf8, 0x00, 0xff, 0xff, 0x80, 0x00, 0x00,
  0x0f, 0xff, 0xf8, 0x00, 0xff, 0xff, 0x80, 0x00, 0x00, 0x0f, 0xff, 0xf8, 0x00, 0xff, 0xff, 0x80, 0x00, 0x00, 0x0f, 0xff, 0xf8, 0x00, 0xff, 0xff,
  0x80, 0x00, 0x00, 0x0f, 0xff, 0xf8, 0x00, 0xff, 0xff, 0x80, 0x00, 0x00, 0x0f, 0xff, 0xf8, 0x00, 0xdf, 0xff, 0xa0, 0x00, 0x00, 0x2f, 0xff, 0xf7,
  0x00, 0xbf, 0xff, 0xe0, 0x00, 0x00, 0x7f, 0xff, 0xf4, 0x00, 0x6f, 0xff, 0xfb, 0x20, 0x06, 0xff, 0xff, 0xe0, 0x00, 0x0e, 0xff, 0xff, 0xff, 0xff,
  0xff, 0xff, 0x60, 0x00, 0x03, 0xff, 0xff, 0xff, 0xff, 0xff, 0xfa, 0x00, 0x00, 0x00, 0x4e, 0xff, 0xff, 0xff, 0xff, 0x80, 0x00, 0x00, 0x00, 0x01,
  0x6b, 0xef, 0xec, 0x82, 0x00, 0x00, 0x00, 0x00, 0x01, 0x21, 0x00, 0x00, 0x00, 0x08, 0xef, 0xff, 0xe8, 0x00, 0x01, 0xdf, 0xff, 0xff, 0xff, 0xd1,
  0x09, 0xff, 0xd3, 0x03, 0xdf, 0xf9, 0x0e, 0xff, 0x30, 0x00, 0x3f, 0xfe, 0x0f, 0xff, 0x00, 0x00, 0x0f, 0xff, 0x0d, 0xff, 0x40, 0x00, 0x4f, 0xfd,
  0x07, 0xff, 0xe6, 0x35, 0xef, 0xf7, 0x00, 0xaf, 0xff, 0xff, 0xff, 0xb0, 0x00, 0x05, 0xbe, 0xfe, 0xb5, 0x00, 0x00, 0x00, 0x00, 0x00, 0x00, 0x00,
  0x00, 0x00, 0x00, 0x00, 0x00, 0x00, 0x00, 0x00, 0x00, 0x00, 0x00, 0x00, 0x00, 0x00, 0x00, 0x00, 0x00, 0x00, 0x00, 0x00, 0x00, 0x00, 0x00, 0x00,
  0x00, 0x00, 0x00, 0x00, 0x00, 0x00, 0x00, 0x00, 0x00, 0x00, 0x00, 0x00, 0x00, 0x00, 0x00, 0x00, 0x00, 0x00, 0x00, 0x00, 0x00, 0x00, 0x00, 0x00,
  0x02, 0xbf, 0xc2, 0x00, 0x0b, 0xff, 0xfb, 0x00, 0x0f, 0xff, 0xff, 0x00, 0x0c, 0xff, 0xfc, 0x00, 0x02, 0xcf, 0xc2, 0x00, 0x00, 0x00, 0x00, 0x00,
  0x00, 0x00, 0x00, 0x00, 0x00, 0x00, 0x00, 0x00, 0x00, 0x00, 0x00, 0x00, 0x00, 0x00, 0x00, 0x00, 0x00, 0x00, 0x00, 0x00, 0x02, 0xcf, 0xc2, 0x02,
  0xbf, 0xc2, 0x02, 0xbf, 0xc2, 0x00, 0x0c, 0xff, 0xfb, 0x0b, 0xff, 0xfb, 0x0b, 0xff, 0xfb, 0x00, 0x0f, 0xff, 0xff, 0x0f, 0xff, 0xff, 0x0f, 0xff,
  0xff, 0x00, 0x0c, 0xff, 0xfc, 0x0c, 0xff, 0xfc, 0x0c, 0xff, 0xfc, 0x00, 0x02, 0xcf, 0xc2, 0x02, 0xcf, 0xc2, 0x02, 0xcf, 0xc2, 0x00, 0x00, 0xee,
  0xee, 0xee, 0xee, 0xee, 0xee, 0xee, 0x00, 0x00, 0xff, 0xff, 0xff, 0xff, 0xff, 0xff, 0xff, 0x00, 0x00, 0xff, 0xff, 0xff, 0xff, 0xff, 0xff, 0xff,
  0x00, 0x00, 0xff, 0xff, 0xff, 0xff, 0xff, 0xff, 0xff, 0x00, 0x00, 0x00, 0x00, 0x00, 0x00, 0x00, 0x00, 0x00, 0x00, 0x00, 0x00, 0x00, 0x00, 0x00,
  0x00, 0x00, 0x00, 0x00, 0x00, 0x00, 0x00, 0x00, 0x00, 0x00, 0x00, 0x00, 0x00, 0x00, 0x00, 0x00, 0x00, 0x00, 0x00, 0x00, 0x00, 0x00, 0x00, 0x00,
  0x00, 0x00, 0x00, 0x00, 0x00, 0x00, 0x00, 0x00, 0x00, 0x00, 0x00, 0x00, 0x00, 0x00, 0x00, 0x00, 0x00, 0x00, 0x00, 0x00, 0x00, 0x00, 0x00, 0x00,
  0x00,
};
STATIC CONST GLYPH mFontLogoGlyphs[] = {
  { 0x0020, 0, 0, 0, 0, 6, 0 },
  { 0x0021, 10, 20, 0, 8, 10, 0 },
  { 0x0022, 11, 21, 0, 7, 11, 100 },
  { 0x0023, 24, 20, 0, 8, 24, 226 },
  { 0x0024, 17, 23, 0, 7, 17, 466 },
  { 0x0025, 23, 19, 0, 9, 23, 673 },
  { 0x0026, 22, 19, 0, 9, 21, 901 },
  { 0x0027, 6, 21, 0, 7, 6, 1110 },
  { 0x0028, 12, 30, 0, 4, 12, 1173 },
  { 0x0029, 12, 30, 0, 4, 12, 1353 },
  { 0x002a, 14, 20, 0, 8, 14, 1533 },
  { 0x002b, 16, 17, 0, 11, 16, 1673 },
  { 0x002c, 7, 8, 0, 23, 7, 1809 },
  { 0x002d, 15, 11, 0, 17, 15, 1841 },
  { 0x002e, 7, 5, 0, 23, 7, 1929 },
  { 0x002f, 12, 30, 0, 3, 12, 1949 },
  { 0x0030, 17, 20, 0, 8, 17, 2129 },
  { 0x0031, 10, 19, 0, 9, 10, 2309 },
  { 0x0032, 15, 20, 0, 8, 15, 2404 },
  { 0x0033, 16, 20, 0, 8, 16, 2564 },
  { 0x0034, 18, 19, 0, 9, 18, 2724 },
  { 0x0035, 17, 19, 0, 9, 17, 2895 },
  { 0x0036, 17, 20, 0, 8, 17, 3066 },
  { 0x0037, 14, 19, 0, 9, 14, 3246 },
  { 0x0038, 17, 20, 0, 8, 17, 3379 },
  { 0x0039, 16, 20, 0, 8, 16, 3559 },
  { 0x003a, 7, 16, 0, 12, 7, 3719 },
  { 0x003b, 9, 19, 0, 13, 9, 3783 },
  { 0x003c, 14, 15, 0, 13, 14, 3878 },
  { 0x003d, 18, 15, 0, 13, 18, 3983 },
  { 0x003e, 14, 15, 0, 13, 14, 4118 },
  { 0x003f, 14, 20, 0, 8, 14, 4223 },
  { 0x0040, 28, 24, 0, 10, 28, 4363 },
  { 0x0041, 19, 19, 0, 9, 19, 4699 },
  { 0x0042, 17, 19, 0, 9, 17, 4889 },
  { 0x0043, 20, 19, 0, 9, 20, 5060 },
  { 0x0044, 19, 19, 0, 9, 19, 5250 },
  { 0x0045, 14, 19, 0, 9, 14, 5440 },
  { 0x0046, 14, 19, 0, 9, 14, 5573 },
  { 0x0047, 20, 19, 0, 9, 20, 5706 },
  { 0x0048, 19, 19, 0, 9, 19, 5896 },
  { 0x0049, 8, 19, 0, 9, 8, 6086 },
  { 0x004a, 15, 19, 0, 9, 15, 6162 },
  { 0x004b, 19, 19, 0, 9, 18, 6314 },
  { 0x004c, 13, 19, 0, 9, 12, 6504 },
  { 0x004d, 24, 19, 0, 9, 24, 6637 },
  { 0x004e, 20, 19, 0, 9, 20, 6865 },
  { 0x004f, 20, 19, 0, 9, 20, 7055 },
  { 0x0050, 16, 19, 0, 9, 16, 7245 },
  { 0x0051, 20, 22, 0, 9, 20, 7397 },
  { 0x0052, 17, 19, 0, 9, 17, 7617 },
  { 0x0053, 16, 19, 0, 9, 16, 7788 },
  { 0x0054, 15, 19, 0, 9, 15, 7940 },
  { 0x0055, 18, 19, 0, 9, 18, 8092 },
  { 0x0056, 19, 19, 0, 9, 19, 8263 },
  { 0x0057, 27, 19, 0, 9, 27, 8453 },
  { 0x0058, 19, 19, 0, 9, 19, 8719 },
  { 0x0059, 18, 19, -1, 9, 17, 8909 },
  { 0x005a, 16, 19, 0, 9, 16, 9080 },
  { 0x005b, 13, 30, 0, 4, 13, 9232 },
  { 0x005c, 21, 30, 0, 3, 21, 9442 },
  { 0x005d, 13, 30, 0, 4, 13, 9772 },
  { 0x005e, 18, 19, 0, 9, 18, 9982 },
  { 0x005f, 20, 5, 0, 28, 20, 10153 },
  { 0x0060, 8, 22, 0, 6, 8, 10203 },
  { 0x0061, 18, 15, 0, 13, 18, 10291 },
  { 0x0062, 18, 20, 0, 8, 18, 10426 },
  { 0x0063, 16, 15, 0, 13, 16, 10606 },
  { 0x0064, 18, 20, 0, 8, 18, 10726 },
  { 0x0065, 16, 15, 0, 13, 16, 10906 },
  { 0x0066, 9, 21, 0, 7, 9, 11026 },
  { 0x0067, 18, 22, 0, 13, 18, 11131 },
  { 0x0068, 18, 20, 0, 8, 18, 11329 },
  { 0x0069, 8, 21, 0, 7, 8, 11509 },
  { 0x006a, 9, 28, -1, 7, 8, 11593 },
  { 0x006b, 17, 20, 0, 8, 16, 11733 },
  { 0x006c, 8, 20, 0, 8, 8, 11913 },
  { 0x006d, 28, 15, 0, 13, 28, 11993 },
  { 0x006e, 18, 15, 0, 13, 18, 12203 },
  { 0x006f, 17, 15, 0, 13, 17, 12338 },
  { 0x0070, 18, 22, 0, 13, 18, 12473 },
  { 0x0071, 18, 22, 0, 13, 18, 12671 },
  { 0x0072, 11, 15, 0, 13, 11, 12869 },
  { 0x0073, 15, 15, 0, 13, 15, 12959 },
  { 0x0074, 11, 19, 0, 9, 11, 13079 },
  { 0x0075, 18, 15, 0, 13, 18, 13193 },
  { 0x0076, 17, 15, 0, 13, 16, 13328 },
  { 0x0077, 23, 15, 0, 13, 23, 13463 },
  { 0x0078, 16, 15, 0, 13, 15, 13643 },
  { 0x0079, 18, 22, -1, 13, 16, 13763 },
  { 0x007a, 13, 15, 0, 13, 13, 13961 },
  { 0x007b, 13, 30, 0, 4, 13, 14066 },
  { 0x007c, 8, 25, 0, 6, 8, 14276 },
  { 0x007d, 13, 30, 0, 4, 13, 14376 },
  { 0x007e, 17, 12, 0, 16, 17, 14586 },
  { 0x00e7, 16, 22, 0, 13, 16, 14694 },
  { 0x011f, 18, 29, 0, 6, 18, 14870 },
  { 0x0131, 8, 15, 0, 13, 8, 15131 },
  { 0x00f6, 17, 21, 0, 7, 17, 15191 },
  { 0x015f, 15, 23, 0, 13, 15, 15380 },
  { 0x00fc, 18, 20, 0, 8, 18, 15564 },
  { 0x00c7, 20, 26, 0, 9, 20, 15744 },
  { 0x011e, 20, 25, 0, 3, 20, 16004 },
  { 0x0130, 8, 24, 0, 4, 8, 16254 },
  { 0x00d6, 20, 24, 0, 4, 20, 16350 },
  { 0x015e, 16, 27, 0, 9, 16, 16590 },
  { 0x00dc, 18, 24, 0, 4, 18, 16806 },
  { 0x00b0, 12, 19, 0, 9, 12, 17022 },
  { 0x00b7, 8, 11, 0, 17, 8, 17136 },
  { 0x2026, 20, 5, 0, 23, 20, 17180 },
  { 0x2013, 18, 11, 0, 17, 18, 17230 },
};
STATIC CONST FONT mFontLogo = { 38, 28, 111, mFontLogoGlyphs, mFontLogoData };
STATIC CONST UINT8 mFontChipData[] = {
  0x00, 0xcf, 0xf0, 0x00, 0xcf, 0xf0, 0x00, 0xcf, 0xf0, 0x00, 0xcf, 0xf0, 0x00, 0xcf, 0xf0, 0x00, 0xcf, 0xf0, 0x00, 0xcf, 0xf0, 0x00, 0xcf, 0xf0,
  0x00, 0x00, 0x00, 0x00, 0x15, 0x10, 0x00, 0xef, 0xe0, 0x00, 0xaf, 0xa0, 0x0f, 0xf0, 0xff, 0x00, 0x0f, 0xf0, 0xff, 0x00, 0x0f, 0xf0, 0xff, 0x00,
  0x0f, 0xf0, 0xff, 0x00, 0x00, 0x00, 0x00, 0x00, 0x00, 0x00, 0x00, 0x00, 0x00, 0x00, 0x00, 0x00, 0x00, 0x00, 0x00, 0x00, 0x00, 0x00, 0x00, 0x00,
  0x00, 0x00, 0x00, 0x00, 0x00, 0x00, 0x00, 0x00, 0x00, 0x00, 0x00, 0x00, 0x00, 0x00, 0x00, 0x00, 0x00, 0x00, 0x0a, 0xff, 0x00, 0x3f, 0xf6, 0x00,
  0x00, 0x00, 0x0d, 0xfc, 0x00, 0x7f, 0xf3, 0x00, 0x00, 0x77, 0x7f, 0xfc, 0x77, 0xcf, 0xf7, 0x70, 0x00, 0xff, 0xff, 0xff, 0xff, 0xff, 0xff, 0xf0,
  0x00, 0xff, 0xff, 0xff, 0xff, 0xff, 0xff, 0xf0, 0x00, 0x00, 0xbf, 0xe0, 0x04, 0xff, 0x50, 0x00, 0x00, 0x00, 0xff, 0xb0, 0x08, 0xff, 0x20, 0x00,
  0x0f, 0xff, 0xff, 0xff, 0xff, 0xff, 0xff, 0x00, 0x0f, 0xff, 0xff, 0xff, 0xff, 0xff, 0xff, 0x00, 0x05, 0x5c, 0xff, 0x55, 0x8f, 0xf9, 0x55, 0x00,
  0x00, 0x0d, 0xfc, 0x00, 0x6f, 0xf3, 0x00, 0x00, 0x00, 0x0f, 0xf9, 0x00, 0xaf, 0xf0, 0x00, 0x00, 0x00, 0x00, 0x1e, 0x00, 0x00, 0x00, 0x00, 0x00,
  0x1e, 0x00, 0x00, 0x00, 0x00, 0x5c, 0xff, 0xfb, 0x20, 0x00, 0x07, 0xff, 0xff, 0xff, 0xe1, 0x00, 0x0e, 0xfe, 0x4e, 0x9f, 0xf7, 0x00, 0x0f, 0xfe,
  0x3e, 0x02, 0x21, 0x00, 0x0a, 0xff, 0xff, 0x51, 0x00, 0x00, 0x00, 0xaf, 0xff, 0xff, 0x90, 0x00, 0x00, 0x01, 0x6f, 0xff, 0xf7, 0x00, 0x04, 0x43,
  0x1e, 0x2f, 0xfb, 0x00, 0x0e, 0xff, 0x6e, 0x5f, 0xfa, 0x00, 0x06, 0xff, 0xff, 0xff, 0xf3, 0x00, 0x00, 0x4b, 0xef, 0xfb, 0x30, 0x00, 0x00, 0x00,
  0x1e, 0x00, 0x00, 0x00, 0x02, 0xcf, 0xc2, 0x00, 0x0b, 0xf9, 0x00, 0x0c, 0xfe, 0xfc, 0x00, 0x4f, 0xe1, 0x00, 0x0f, 0xf0, 0xff, 0x00, 0xdf, 0x60,
  0x00, 0x0c, 0xfe, 0xfc, 0x07, 0xfc, 0x00, 0x00, 0x02, 0xcf, 0xc2, 0x1f, 0xf3, 0x00, 0x00, 0x00, 0x00, 0x00, 0xaf, 0x90, 0x00, 0x00, 0x00, 0x00,
  0x04, 0xff, 0x12, 0xcf, 0xb1, 0x00, 0x00, 0x0d, 0xf7, 0x0c, 0xfb, 0xfa, 0x00, 0x00, 0x7f, 0xd0, 0x0f, 0xe0, 0xfd, 0x00, 0x01, 0xff, 0x40, 0x0c,
  0xf5, 0xfa, 0x00, 0x0a, 0xfa, 0x00, 0x03, 0xcf, 0xc2, 0x00, 0x06, 0xcf, 0xea, 0x20, 0x00, 0x00, 0x00, 0x6f, 0xff, 0xff, 0xe1, 0x00, 0x00, 0x00,
  0xbf, 0xf8, 0xaf, 0xf6, 0x00, 0x00, 0x00, 0x8f, 0xf4, 0x04, 0x41, 0x00, 0x00, 0x00, 0x1e, 0xff, 0x50, 0x00, 0x00, 0x00, 0x02, 0xef, 0xef, 0xf9,
  0x0b, 0xff, 0x10, 0x0b, 0xff, 0x16, 0xff, 0xdf, 0xf7, 0x00, 0x0f, 0xfd, 0x00, 0x5f, 0xff, 0xe0, 0x00, 0x0d, 0xff, 0xa6, 0x9f, 0xff, 0xe1, 0x00,
  0x06, 0xff, 0xff, 0xff, 0xff, 0xfd, 0x10, 0x00, 0x4b, 0xef, 0xe9, 0x25, 0xff, 0xc0, 0x0f, 0xf0, 0x0f, 0xf0, 0x0f, 0xf0, 0x0f, 0xf0, 0x00, 0x00,
  0x00, 0x00, 0x00, 0x00, 0x00, 0x00, 0x00, 0x00, 0x00, 0x00, 0x00, 0x00, 0x00, 0x00, 0x00, 0x00, 0x00, 0x01, 0xdf, 0xc0, 0x00, 0x0b, 0xff, 0x20,
  0x00, 0x5f, 0xf7, 0x00, 0x00, 0xdf, 0xe0, 0x00, 0x03, 0xff, 0x90, 0x00, 0x08, 0xff, 0x40, 0x00, 0x0c, 0xff, 0x00, 0x00, 0x0d, 0xfe, 0x00, 0x00,
  0x0f, 0xfd, 0x00, 0x00, 0x0f, 0xfd, 0x00, 0x00, 0x0e, 0xfe, 0x00, 0x00, 0x0c, 0xff, 0x00, 0x00, 0x08, 0xff, 0x40, 0x00, 0x04, 0xff, 0x80, 0x00,
  0x00, 0xef, 0xe0, 0x00, 0x00, 0x6f, 0xf6, 0x00, 0x00, 0x0c, 0xfe, 0x20, 0x00, 0x01, 0xef, 0xc0, 0x4f, 0xf9, 0x00, 0x00, 0x07, 0xff, 0x70, 0x00,
  0x00, 0xcf, 0xf2, 0x00, 0x00, 0x4f, 0xfa, 0x00, 0x00, 0x0d, 0xff, 0x00, 0x00, 0x08, 0xff, 0x40, 0x00, 0x04, 0xff, 0x80, 0x00, 0x02, 0xff, 0xa0,
  0x00, 0x00, 0xff, 0xb0, 0x00, 0x00, 0xff, 0xb0, 0x00, 0x02, 0xff, 0xa0, 0x00, 0x04, 0xff, 0x80, 0x00, 0x08, 0xff, 0x50, 0x00, 0x0d, 0xff, 0x10,
  0x00, 0x4f, 0xfb, 0x00, 0x00, 0xcf, 0xf2, 0x00, 0x07, 0xff, 0x90, 0x00, 0x4f, 0xfb, 0x00, 0x00, 0x00, 0x18, 0xf2, 0x10, 0x00, 0x05, 0xe8, 0xf7,
  0xe0, 0x00, 0x05, 0xcf, 0xff, 0xa2, 0x00, 0x05, 0xcf, 0xff, 0xa2, 0x00, 0x05, 0xe9, 0xf8, 0xe0, 0x00, 0x00, 0x18, 0xf2, 0x10, 0x00, 0x00, 0x00,
  0x00, 0x00, 0x00, 0x00, 0x00, 0x00, 0x00, 0x00, 0x00, 0x00, 0x00, 0x00, 0x00, 0x00, 0x00, 0x00, 0x00, 0x00, 0x00, 0x00, 0x00, 0x00, 0x00, 0x00,
  0x00, 0x00, 0x00, 0x00, 0x00, 0x00, 0xff, 0xc0, 0x00, 0x00, 0x00, 0xff, 0xc0, 0x00, 0x05, 0x55, 0xff, 0xd5, 0x50, 0x0f, 0xff, 0xff, 0xff, 0xf0,
  0x0f, 0xff, 0xff, 0xff, 0xf0, 0x00, 0x00, 0xff, 0xc0, 0x00, 0x00, 0x00, 0xff, 0xc0, 0x00, 0x00, 0x00, 0xff, 0xc0, 0x00, 0x00, 0x00, 0x00, 0x00,
  0x00, 0x00, 0x00, 0x00, 0x00, 0x00, 0x0c, 0xfc, 0x00, 0x0e, 0xf6, 0x00, 0x1f, 0xf1, 0x00, 0x4f, 0xb0, 0x00, 0x7f, 0x50, 0x00, 0x05, 0x55, 0x55,
  0x55, 0x00, 0x0f, 0xff, 0xff, 0xff, 0x00, 0x0f, 0xff, 0xff, 0xff, 0x00, 0x00, 0x00, 0x00, 0x00, 0x00, 0x00, 0x00, 0x00, 0x00, 0x00, 0x00, 0x00,
  0x00, 0x00, 0x00, 0x00, 0x00, 0x00, 0x00, 0x00, 0x01, 0x50, 0x00, 0x0e, 0xfa, 0x00, 0x0a, 0xf7, 0x00, 0x00, 0x00, 0xaf, 0xf0, 0x00, 0x00, 0xef,
  0xb0, 0x00, 0x02, 0xff, 0x70, 0x00, 0x06, 0xff, 0x40, 0x00, 0x09, 0xff, 0x00, 0x00, 0x0d, 0xfc, 0x00, 0x00, 0x1f, 0xf8, 0x00, 0x00, 0x5f, 0xf4,
  0x00, 0x00, 0x9f, 0xf1, 0x00, 0x00, 0xdf, 0xd0, 0x00, 0x01, 0xff, 0x90, 0x00, 0x04, 0xff, 0x50, 0x00, 0x08, 0xff, 0x10, 0x00, 0x0c, 0xfd, 0x00,
  0x00, 0x0f, 0xfa, 0x00, 0x00, 0x3f, 0xf6, 0x00, 0x00, 0x7f, 0xf2, 0x00, 0x00, 0xbf, 0xe0, 0x00, 0x00, 0x00, 0x19, 0xef, 0xe9, 0x10, 0x00, 0xcf,
  0xff, 0xff, 0xc0, 0x06, 0xff, 0xc6, 0xcf, 0xf5, 0x0b, 0xff, 0x10, 0x1f, 0xfb, 0x0e, 0xfe, 0x00, 0x0e, 0xfe, 0x0f, 0xfc, 0x00, 0x0c, 0xff, 0x0f,
  0xfc, 0x00, 0x0c, 0xff, 0x0e, 0xfd, 0x00, 0x0d, 0xfe, 0x0b, 0xff, 0x10, 0x1f, 0xfb, 0x06, 0xff, 0xc6, 0xcf, 0xf6, 0x00, 0xcf, 0xff, 0xff, 0xc0,
  0x00, 0x19, 0xef, 0xe9, 0x10, 0x25, 0x55, 0x40, 0x8f, 0xff, 0xc0, 0x8f, 0xff, 0xc0, 0x00, 0xff, 0xc0, 0x00, 0xff, 0xc0, 0x00, 0xff, 0xc0, 0x00,
  0xff, 0xc0, 0x00, 0xff, 0xc0, 0x00, 0xff, 0xc0, 0x00, 0xff, 0xc0, 0x00, 0xff, 0xc0, 0x00, 0xff, 0xc0, 0x00, 0x3b, 0xff, 0xc5, 0x00, 0x03, 0xff,
  0xff, 0xff, 0x50, 0x0b, 0xff, 0x98, 0xff, 0xd0, 0x0e, 0xfd, 0x00, 0xdf, 0xf0, 0x01, 0x11, 0x00, 0xef, 0xe0, 0x00, 0x00, 0x06, 0xff, 0x90, 0x00,
  0x00, 0x3f, 0xfe, 0x10, 0x00, 0x04, 0xff, 0xf3, 0x00, 0x00, 0x6f, 0xfe, 0x30, 0x00, 0x08, 0xff, 0xf8, 0x55, 0x50, 0x0f, 0xff, 0xff, 0xff, 0xf0,
  0x0f, 0xff, 0xff, 0xff, 0xf0, 0x00, 0x4c, 0xef, 0xc6, 0x00, 0x06, 0xff, 0xff, 0xff, 0x70, 0x0d, 0xff, 0x97, 0xff, 0xe0, 0x08, 0x88, 0x00, 0xdf,
  0xe0, 0x00, 0x00, 0x58, 0xff, 0x90, 0x00, 0x00, 0xff, 0xf8, 0x00, 0x00, 0x00, 0xff, 0xfe, 0x30, 0x00, 0x00, 0x03, 0xff, 0xc0, 0x0b, 0xca, 0x00,
  0xdf, 0xf0, 0x0d, 0xff, 0x66, 0xff, 0xd0, 0x05, 0xff, 0xff, 0xff, 0x60, 0x00, 0x4b, 0xef, 0xc5, 0x00, 0x00, 0x00, 0x07, 0xff, 0xf0, 0x00, 0x00,
  0x00, 0x3f, 0xff, 0xf0, 0x00, 0x00, 0x00, 0xdf, 0xff, 0xf0, 0x00, 0x00, 0x09, 0xfc, 0xcf, 0xf0, 0x00, 0x00, 0x5f, 0xf2, 0xcf, 0xf0, 0x00, 0x01,
  0xff, 0x80, 0xcf, 0xf0, 0x00, 0x0c, 0xff, 0x65, 0xdf, 0xf5, 0x00, 0x0f, 0xff, 0xff, 0xff, 0xff, 0x00, 0x0f, 0xff, 0xff, 0xff, 0xff, 0x00, 0x00,
  0x00, 0x00, 0xcf, 0xf0, 0x00, 0x00, 0x00, 0x00, 0xcf, 0xf0, 0x00, 0x05, 0x55, 0x55, 0x55, 0x10, 0x0f, 0xff, 0xff, 0xff, 0x40, 0x0f, 0xff, 0xff,
  0xff, 0x40, 0x0f, 0xfc, 0x00, 0x00, 0x00, 0x0f, 0xfd, 0xae, 0xe7, 0x00, 0x0f, 0xff, 0xff, 0xff, 0x60, 0x0f, 0xff, 0x98, 0xff, 0xc0, 0x04, 0x44,
  0x00, 0xdf, 0xf0, 0x07, 0x77, 0x00, 0xdf, 0xf0, 0x0d, 0xff, 0x88, 0xff, 0xb0, 0x05, 0xff, 0xff, 0xff, 0x40, 0x00, 0x4c, 0xff, 0xc4, 0x00, 0x00,
  0x19, 0xef, 0xe8, 0x00, 0x00, 0xdf, 0xff, 0xff, 0xb0, 0x07, 0xff, 0xb6, 0xdf, 0xf3, 0x0b, 0xff, 0x00, 0x14, 0x41, 0x0e, 0xfd, 0x6d, 0xfc, 0x30,
  0x0f, 0xff, 0xff, 0xff, 0xf1, 0x0f, 0xff, 0xa6, 0xcf, 0xf8, 0x0e, 0xfe, 0x00, 0x1f, 0xfb, 0x0b, 0xfe, 0x00, 0x1f, 0xfb, 0x07, 0xff, 0xa6, 0xcf,
  0xf7, 0x00, 0xdf, 0xff, 0xff, 0xe1, 0x00, 0x19, 0xef, 0xe9, 0x10, 0x05, 0x55, 0x55, 0x55, 0x50, 0x0f, 0xff, 0xff, 0xff, 0xf0, 0x0f, 0xff, 0xff,
  0xff, 0xf0, 0x00, 0x00, 0x01, 0xff, 0xa0, 0x00, 0x00, 0x08, 0xff, 0x30, 0x00, 0x00, 0x1f, 0xfb, 0x00, 0x00, 0x00, 0x7f, 0xf4, 0x00, 0x00, 0x00,
  0xef, 0xd0, 0x00, 0x00, 0x06, 0xff, 0x60, 0x00, 0x00, 0x0e, 0xfe, 0x00, 0x00, 0x00, 0x5f, 0xf8, 0x00, 0x00, 0x00, 0xdf, 0xf1, 0x00, 0x00, 0x00,
  0x3a, 0xef, 0xea, 0x30, 0x03, 0xff, 0xff, 0xff, 0xf3, 0x0a, 0xff, 0xa6, 0xaf, 0xfa, 0x0b, 0xff, 0x00, 0x0f, 0xfb, 0x05, 0xff, 0xa6, 0xaf, 0xf4,
  0x00, 0x8f, 0xff, 0xff, 0x60, 0x05, 0xff, 0xff, 0xff, 0xf2, 0x0d, 0xff, 0x30, 0x6f, 0xfa, 0x0f, 0xfd, 0x00, 0x1f, 0xfb, 0x0c, 0xff, 0x96, 0xbf,
  0xf9, 0x04, 0xff, 0xff, 0xff, 0xe1, 0x00, 0x3a, 0xef, 0xe9, 0x10, 0x00, 0x2a, 0xef, 0xd8, 0x00, 0x02, 0xff, 0xff, 0xff, 0xb0, 0x0b, 0xff, 0xa6,
  0xcf, 0xf4, 0x0e, 0xfe, 0x00, 0x1f, 0xf8, 0x0f, 0xfd, 0x00, 0x1f, 0xfb, 0x0c, 0xff, 0xa6, 0xcf, 0xfc, 0x05, 0xff, 0xff, 0xff, 0xfb, 0x00, 0x5d,
  0xfd, 0x6f, 0xfa, 0x03, 0x55, 0x00, 0x3f, 0xf8, 0x07, 0xff, 0xb6, 0xcf, 0xf4, 0x01, 0xef, 0xff, 0xff, 0xb0, 0x00, 0x19, 0xef, 0xe8, 0x00, 0x0a,
  0xf7, 0x00, 0x0e, 0xfa, 0x00, 0x01, 0x50, 0x00, 0x00, 0x00, 0x00, 0x00, 0x00, 0x00, 0x00, 0x00, 0x00, 0x01, 0x50, 0x00, 0x0e, 0xfa, 0x00, 0x0a,
  0xf7, 0x00, 0x0a, 0xf7, 0x00, 0x0e, 0xfa, 0x00, 0x01, 0x50, 0x00, 0x00, 0x00, 0x00, 0x00, 0x00, 0x00, 0x00, 0x00, 0x00, 0x08, 0xf9, 0x00, 0x0b,
  0xf4, 0x00, 0x0e, 0xf0, 0x00, 0x0f, 0xb0, 0x00, 0x3f, 0x60, 0x00, 0x00, 0x05, 0xff, 0xf3, 0x00, 0x00, 0x4f, 0xff, 0x30, 0x00, 0x03, 0xff, 0xf4,
  0x00, 0x00, 0x0d, 0xff, 0x90, 0x00, 0x00, 0x03, 0xff, 0xf4, 0x00, 0x00, 0x00, 0x4f, 0xff, 0x30, 0x00, 0x00, 0x05, 0xff, 0xf3, 0x00, 0x00, 0x00,
  0x00, 0x00, 0x00, 0x00, 0x00, 0x00, 0x00, 0x00, 0x0f, 0xff, 0xff, 0xff, 0xff, 0x00, 0x0f, 0xff, 0xff, 0xff, 0xff, 0x00, 0x05, 0x55, 0x55, 0x55,
  0x55, 0x00, 0x00, 0x00, 0x00, 0x00, 0x00, 0x00, 0x0f, 0xff, 0xff, 0xff, 0xff, 0x00, 0x0f, 0xff, 0xff, 0xff, 0xff, 0x00, 0x05, 0x55, 0x55, 0x55,
  0x55, 0x00, 0x00, 0x00, 0x00, 0x00, 0x00, 0x00, 0x00, 0x00, 0x00, 0x00, 0x00, 0x00, 0x08, 0xff, 0xd1, 0x00, 0x00, 0x00, 0x9f, 0xfc, 0x00, 0x00,
  0x00, 0x0a, 0xff, 0xb0, 0x00, 0x00, 0x00, 0xef, 0xf7, 0x00, 0x00, 0x0a, 0xff, 0xb0, 0x00, 0x00, 0x9f, 0xfc, 0x00, 0x00, 0x08, 0xff, 0xd1, 0x00,
  0x00, 0x00, 0x00, 0x00, 0x00, 0x00, 0x00, 0x00, 0x00, 0x00, 0x00, 0x00, 0x5c, 0xfe, 0xb3, 0x00, 0x05, 0xff, 0xff, 0xff, 0x40, 0x0d, 0xfe, 0x6a,
  0xff, 0xa0, 0x08, 0x94, 0x00, 0xff, 0xc0, 0x00, 0x00, 0x18, 0xff, 0x80, 0x00, 0xcf, 0xff, 0xfb, 0x00, 0x00, 0xcf, 0xf5, 0x20, 0x00, 0x00, 0x45,
  0x50, 0x00, 0x00, 0x00, 0x00, 0x00, 0x00, 0x00, 0x00, 0x15, 0x10, 0x00, 0x00, 0x00, 0xef, 0xe0, 0x00, 0x00, 0x00, 0xaf, 0xa0, 0x00, 0x00, 0x00,
  0x00, 0x00, 0x6b, 0xef, 0xec, 0x71, 0x00, 0x00, 0x00, 0x00, 0x3d, 0xff, 0xff, 0xff, 0xfe, 0x30, 0x00, 0x00, 0x05, 0xff, 0xfb, 0x76, 0x8b, 0xff,
  0xe1, 0x00, 0x00, 0x2f, 0xfc, 0x24, 0x51, 0x45, 0x6e, 0xf8, 0x00, 0x00, 0xdf, 0xb3, 0xdf, 0xfe, 0xdf, 0x56, 0xfd, 0x00, 0x04, 0xfe, 0x2e, 0xff,
  0xff, 0xff, 0x22, 0xff, 0x00, 0x0a, 0xf8, 0x7f, 0xfa, 0x08, 0xff, 0x01, 0xff, 0x00, 0x0d, 0xf3, 0xbf, 0xf1, 0x05, 0xfd, 0x04, 0xfc, 0x00, 0x0f,
  0xf1, 0xbf, 0xf1, 0x0b, 0xfc, 0x0a, 0xf7, 0x00, 0x0f, 0xf1, 0x8f, 0xfe, 0xdf, 0xff, 0xdf, 0xd0, 0x00, 0x0d, 0xf5, 0x09, 0xef, 0xa2, 0x8f, 0xea,
  0x10, 0x00, 0x09, 0xfd, 0x00, 0x00, 0x00, 0x00, 0x00, 0x00, 0x00, 0x03, 0xff, 0xd5, 0x10, 0x16, 0x30, 0x00, 0x00, 0x00, 0x00, 0x7f, 0xff, 0xff,
  0xff, 0x80, 0x00, 0x00, 0x00, 0x00, 0x04, 0xdf, 0xff, 0xfe, 0x60, 0x00, 0x00, 0x00, 0x00, 0x00, 0x02, 0x45, 0x30, 0x00, 0x00, 0x00, 0x00, 0x00,
  0x00, 0xdf, 0xfa, 0x00, 0x00, 0x00, 0x03, 0xff, 0xff, 0x10, 0x00, 0x00, 0x09, 0xff, 0xff, 0x60, 0x00, 0x00, 0x0f, 0xfb, 0xef, 0xc0, 0x00, 0x00,
  0x5f, 0xf5, 0x8f, 0xf2, 0x00, 0x00, 0xbf, 0xf0, 0x3f, 0xf8, 0x00, 0x01, 0xff, 0xb1, 0x1e, 0xfe, 0x00, 0x07, 0xff, 0xff, 0xff, 0xff, 0x40, 0x0d,
  0xff, 0xff, 0xff, 0xff, 0x90, 0x3f, 0xfa, 0x00, 0x00, 0xdf, 0xf0, 0x9f, 0xf4, 0x00, 0x00, 0x8f, 0xf5, 0x0f, 0xff, 0xff, 0xfc, 0x60, 0x00, 0x0f,
  0xff, 0xff, 0xff, 0xf6, 0x00, 0x0f, 0xfd, 0x55, 0x9f, 0xfb, 0x00, 0x0f, 0xfc, 0x00, 0x3f, 0xf9, 0x00, 0x0f, 0xff, 0xff, 0xff, 0xc1, 0x00, 0x0f,
  0xff, 0xff, 0xff, 0x90, 0x00, 0x0f, 0xfd, 0x55, 0x8f, 0xf9, 0x00, 0x0f, 0xfc, 0x00, 0x0d, 0xfe, 0x00, 0x0f, 0xfd, 0x55, 0x8f, 0xfe, 0x00, 0x0f,
  0xff, 0xff, 0xff, 0xf7, 0x00, 0x0f, 0xff, 0xff, 0xfd, 0x60, 0x00, 0x00, 0x02, 0x9d, 0xfe, 0xb4, 0x00, 0x00, 0x5f, 0xff, 0xff, 0xff, 0x80, 0x02,
  0xff, 0xfa, 0x68, 0xff, 0xf6, 0x09, 0xff, 0x60, 0x00, 0x3c, 0xc9, 0x0e, 0xfe, 0x00, 0x00, 0x00, 0x00, 0x0f, 0xfd, 0x00, 0x00, 0x00, 0x00, 0x0e,
  0xfe, 0x00, 0x00, 0x00, 0x00, 0x0a, 0xff, 0x60, 0x00, 0x3c, 0xc9, 0x02, 0xff, 0xf9, 0x68, 0xff, 0xf6, 0x00, 0x5f, 0xff, 0xff, 0xff, 0x90, 0x00,
  0x02, 0x9d, 0xfe, 0xb4, 0x00, 0x0f, 0xff, 0xff, 0xd9, 0x20, 0x00, 0x0f, 0xff, 0xff, 0xff, 0xf5, 0x00, 0x0f, 0xfd, 0x56, 0xaf, 0xff, 0x20, 0x0f,
  0xfc, 0x00, 0x07, 0xff, 0xa0, 0x0f, 0xfc, 0x00, 0x00, 0xff, 0xe0, 0x0f, 0xfc, 0x00, 0x00, 0xdf, 0xf0, 0x0f, 0xfc, 0x00, 0x00, 0xef, 0xe0, 0x0f,
  0xfc, 0x00, 0x06, 0xff, 0x90, 0x0f, 0xfd, 0x56, 0xaf, 0xff, 0x20, 0x0f, 0xff, 0xff, 0xff, 0xf5, 0x00, 0x0f, 0xff, 0xff, 0xd9, 0x20, 0x00, 0x0f,
  0xff, 0xff, 0xff, 0x00, 0x0f, 0xff, 0xff, 0xff, 0x00, 0x0f, 0xfd, 0x55, 0x55, 0x00, 0x0f, 0xfc, 0x00, 0x00, 0x00, 0x0f, 0xff, 0xff, 0xf8, 0x00,
  0x0f, 0xff, 0xff, 0xf8, 0x00, 0x0f, 0xfd, 0x55, 0x52, 0x00, 0x0f, 0xfc, 0x00, 0x00, 0x00, 0x0f, 0xfd, 0x55, 0x55, 0x00, 0x0f, 0xff, 0xff, 0xff,
  0x00, 0x0f, 0xff, 0xff, 0xff, 0x00, 0x0f, 0xff, 0xff, 0xff, 0x80, 0x0f, 0xff, 0xff, 0xff, 0x80, 0x0f, 0xfd, 0x55, 0x55, 0x20, 0x0f, 0xfc, 0x00,
  0x00, 0x00, 0x0f, 0xff, 0xff, 0xf0, 0x00, 0x0f, 0xff, 0xff, 0xf0, 0x00, 0x0f, 0xfd, 0x55, 0x50, 0x00, 0x0f, 0xfc, 0x00, 0x00, 0x00, 0x0f, 0xfc,
  0x00, 0x00, 0x00, 0x0f, 0xfc, 0x00, 0x00, 0x00, 0x0f, 0xfc, 0x00, 0x00, 0x00, 0x00, 0x02, 0x9d, 0xfe, 0xb5, 0x00, 0x00, 0x5f, 0xff, 0xff, 0xff,
  0x90, 0x02, 0xff, 0xf9, 0x67, 0xff, 0xf6, 0x09, 0xff, 0x60, 0x00, 0x26, 0x64, 0x0e, 0xfe, 0x00, 0x55, 0x55, 0x55, 0x0f, 0xfd, 0x00, 0xff, 0xff,
  0xff, 0x0e, 0xff, 0x00, 0xff, 0xff, 0xff, 0x0a, 0xff, 0x60, 0x00, 0x0c, 0xfe, 0x02, 0xff, 0xfa, 0x67, 0xcf, 0xf7, 0x00, 0x5f, 0xff, 0xff, 0xff,
  0x90, 0x00, 0x02, 0x9d, 0xfe, 0xb4, 0x00, 0x0f, 0xfc, 0x00, 0x00, 0xff, 0xc0, 0x0f, 0xfc, 0x00, 0x00, 0xff, 0xc0, 0x0f, 0xfc, 0x00, 0x00, 0xff,
  0xc0, 0x0f, 0xfc, 0x00, 0x00, 0xff, 0xc0, 0x0f, 0xff, 0xff, 0xff, 0xff, 0xc0, 0x0f, 0xff, 0xff, 0xff, 0xff, 0xc0, 0x0f, 0xfd, 0x55, 0x55, 0xff,
  0xc0, 0x0f, 0xfc, 0x00, 0x00, 0xff, 0xc0, 0x0f, 0xfc, 0x00, 0x00, 0xff, 0xc0, 0x0f, 0xfc, 0x00, 0x00, 0xff, 0xc0, 0x0f, 0xfc, 0x00, 0x00, 0xff,
  0xc0, 0x0f, 0xfc, 0x00, 0x0f, 0xfc, 0x00, 0x0f, 0xfc, 0x00, 0x0f, 0xfc, 0x00, 0x0f, 0xfc, 0x00, 0x0f, 0xfc, 0x00, 0x0f, 0xfc, 0x00, 0x0f, 0xfc,
  0x00, 0x0f, 0xfc, 0x00, 0x0f, 0xfc, 0x00, 0x0f, 0xfc, 0x00, 0x00, 0x00, 0x00, 0xff, 0xc0, 0x00, 0x00, 0x00, 0xff, 0xc0, 0x00, 0x00, 0x00, 0xff,
  0xc0, 0x00, 0x00, 0x00, 0xff, 0xc0, 0x00, 0x00, 0x00, 0xff, 0xc0, 0x00, 0x00, 0x00, 0xff, 0xc0, 0x00, 0x00, 0x00, 0xff, 0xc0, 0x0c, 0xca, 0x00,
  0xff, 0xc0, 0x0c, 0xff, 0x8a, 0xff, 0xa0, 0x05, 0xff, 0xff, 0xff, 0x30, 0x00, 0x4b, 0xee, 0xb3, 0x00, 0x0f, 0xfc, 0x00, 0x0d, 0xff, 0x50, 0x0f,
  0xfc, 0x00, 0xaf, 0xf8, 0x00, 0x0f, 0xfc, 0x06, 0xff, 0xb0, 0x00, 0x0f, 0xfc, 0x3f, 0xfd, 0x00, 0x00, 0x0f, 0xfd, 0xef, 0xf2, 0x00, 0x00, 0x0f,
  0xff, 0xff, 0x90, 0x00, 0x00, 0x0f, 0xfd, 0xdf, 0xf4, 0x00, 0x00, 0x0f, 0xfc, 0x3f, 0xfe, 0x20, 0x00, 0x0f, 0xfc, 0x06, 0xff, 0xd0, 0x00, 0x0f,
  0xfc, 0x00, 0x9f, 0xfa, 0x00, 0x0f, 0xfc, 0x00, 0x0c, 0xff, 0x70, 0x0f, 0xfc, 0x00, 0x00, 0x0f, 0xfc, 0x00, 0x00, 0x0f, 0xfc, 0x00, 0x00, 0x0f,
  0xfc, 0x00, 0x00, 0x0f, 0xfc, 0x00, 0x00, 0x0f, 0xfc, 0x00, 0x00, 0x0f, 0xfc, 0x00, 0x00, 0x0f, 0xfc, 0x00, 0x00, 0x0f, 0xfc, 0x11, 0x10, 0x0f,
  0xff, 0xff, 0xf8, 0x0f, 0xff, 0xff, 0xf8, 0x0f, 0xff, 0x70, 0x00, 0x00, 0xbf, 0xfc, 0x00, 0x0f, 0xff, 0xe0, 0x00, 0x01, 0xff, 0xfc, 0x00, 0x0f,
  0xff, 0xf4, 0x00, 0x08, 0xff, 0xfc, 0x00, 0x0f, 0xff, 0xfb, 0x00, 0x0e, 0xff, 0xfc, 0x00, 0x0f, 0xfe, 0xff, 0x20, 0x5f, 0xef, 0xfc, 0x00, 0x0f,
  0xfc, 0xcf, 0x80, 0xbf, 0x9f, 0xfc, 0x00, 0x0f, 0xfc, 0x6f, 0xe2, 0xff, 0x3f, 0xfc, 0x00, 0x0f, 0xfc, 0x1f, 0xfd, 0xfd, 0x0f, 0xfc, 0x00, 0x0f,
  0xfc, 0x0a, 0xff, 0xf7, 0x0f, 0xfc, 0x00, 0x0f, 0xfc, 0x04, 0xff, 0xf1, 0x0f, 0xfc, 0x00, 0x0f, 0xfc, 0x00, 0xef, 0xb0, 0x0f, 0xfc, 0x00, 0x0f,
  0xff, 0x20, 0x00, 0xcf, 0xf0, 0x0f, 0xff, 0xc0, 0x00, 0xcf, 0xf0, 0x0f, 0xff, 0xf6, 0x00, 0xcf, 0xf0, 0x0f, 0xff, 0xff, 0x10, 0xcf, 0xf0, 0x0f,
  0xfd, 0xef, 0xb0, 0xcf, 0xf0, 0x0f, 0xfc, 0x6f, 0xf5, 0xcf, 0xf0, 0x0f, 0xfc, 0x0b, 0xfe, 0xdf, 0xf0, 0x0f, 0xfc, 0x01, 0xff, 0xff, 0xf0, 0x0f,
  0xfc, 0x00, 0x6f, 0xff, 0xf0, 0x0f, 0xfc, 0x00, 0x0c, 0xff, 0xf0, 0x0f, 0xfc, 0x00, 0x02, 0xff, 0xf0, 0x00, 0x01, 0x8d, 0xfe, 0xc6, 0x00, 0x00,
  0x00, 0x3e, 0xff, 0xff, 0xff, 0xd2, 0x00, 0x02, 0xef, 0xfa, 0x67, 0xcf, 0xfd, 0x00, 0x09, 0xff, 0x70, 0x00, 0x0a, 0xff, 0x50, 0x0d, 0xff, 0x00,
  0x00, 0x02, 0xff, 0xa0, 0x0f, 0xfd, 0x00, 0x00, 0x00, 0xff, 0xb0, 0x0d, 0xff, 0x00, 0x00, 0x02, 0xff, 0xa0, 0x09, 0xff, 0x70, 0x00, 0x0b, 0xff,
  0x50, 0x02, 0xef, 0xfa, 0x67, 0xcf, 0xfd, 0x00, 0x00, 0x3e, 0xff, 0xff, 0xff, 0xd1, 0x00, 0x00, 0x01, 0x8d, 0xfe, 0xc6, 0x00, 0x00, 0x0f, 0xff,
  0xff, 0xea, 0x20, 0x0f, 0xff, 0xff, 0xff, 0xf2, 0x0f, 0xfd, 0x56, 0xaf, 0xf9, 0x0f, 0xfc, 0x00, 0x0f, 0xfb, 0x0f, 0xfd, 0x56, 0xaf, 0xf9, 0x0f,
  0xff, 0xff, 0xff, 0xf2, 0x0f, 0xff, 0xff, 0xea, 0x20, 0x0f, 0xfc, 0x00, 0x00, 0x00, 0x0f, 0xfc, 0x00, 0x00, 0x00, 0x0f, 0xfc, 0x00, 0x00, 0x00,
  0x0f, 0xfc, 0x00, 0x00, 0x00, 0x00, 0x01, 0x8d, 0xfe, 0xc6, 0x00, 0x00, 0x00, 0x3e, 0xff, 0xff, 0xff, 0xd1, 0x00, 0x02, 0xef, 0xfa, 0x67, 0xcf,
  0xfd, 0x00, 0x09, 0xff, 0x70, 0x00, 0x0a, 0xff, 0x50, 0x0d, 0xff, 0x00, 0x00, 0x02, 0xff, 0xa0, 0x0f, 0xfd, 0x00, 0x00, 0x00, 0xff, 0xc0, 0x0d,
  0xff, 0x00, 0x00, 0x02, 0xff, 0xa0, 0x09, 0xff, 0x70, 0x00, 0x0b, 0xff, 0x60, 0x01, 0xef, 0xfa, 0x67, 0xcf, 0xfd, 0x00, 0x00, 0x3e, 0xff, 0xff,
  0xff, 0xe2, 0x00, 0x00, 0x01, 0x8d, 0xff, 0xff, 0xe1, 0x00, 0x00, 0x00, 0x00, 0x00, 0x5f, 0xfc, 0x00, 0x00, 0x00, 0x00, 0x00, 0x0a, 0xff, 0xa0,
  0x0f, 0xff, 0xff, 0xea, 0x20, 0x0f, 0xff, 0xff, 0xff, 0xf2, 0x0f, 0xfd, 0x55, 0xaf, 0xf9, 0x0f, 0xfc, 0x00, 0x0f, 0xfb, 0x0f, 0xfd, 0x55, 0xaf,
  0xf9, 0x0f, 0xff, 0xff, 0xff, 0xe2, 0x0f, 0xff, 0xff, 0xfb, 0x20, 0x0f, 0xfc, 0x4f, 0xfb, 0x00, 0x0f, 0xfc, 0x0a, 0xff, 0x50, 0x0f, 0xfc, 0x02,
  0xff, 0xe0, 0x0f, 0xfc, 0x00, 0x8f, 0xf9, 0x00, 0x5c, 0xee, 0xc4, 0x00, 0x08, 0xff, 0xff, 0xff, 0x50, 0x0e, 0xff, 0x7a, 0xff, 0xd0, 0x0f, 0xfd,
  0x00, 0x88, 0x80, 0x09, 0xff, 0xc6, 0x10, 0x00, 0x00, 0x8f, 0xff, 0xf9, 0x00, 0x00, 0x00, 0x5b, 0xff, 0xa0, 0x07, 0x86, 0x00, 0xdf, 0xf0, 0x0d,
  0xff, 0x87, 0xff, 0xe0, 0x05, 0xff, 0xff, 0xff, 0x60, 0x00, 0x4b, 0xff, 0xc5, 0x00, 0x0f, 0xff, 0xff, 0xff, 0xff, 0x0f, 0xff, 0xff, 0xff, 0xff,
  0x05, 0x55, 0xff, 0xd5, 0x55, 0x00, 0x00, 0xff, 0xc0, 0x00, 0x00, 0x00, 0xff, 0xc0, 0x00, 0x00, 0x00, 0xff, 0xc0, 0x00, 0x00, 0x00, 0xff, 0xc0,
  0x00, 0x00, 0x00, 0xff, 0xc0, 0x00, 0x00, 0x00, 0xff, 0xc0, 0x00, 0x00, 0x00, 0xff, 0xc0, 0x00, 0x00, 0x00, 0xff, 0xc0, 0x00, 0x0f, 0xfc, 0x00,
  0x00, 0xff, 0xc0, 0x0f, 0xfc, 0x00, 0x00, 0xff, 0xc0, 0x0f, 0xfc, 0x00, 0x00, 0xff, 0xc0, 0x0f, 0xfc, 0x00, 0x00, 0xff, 0xc0, 0x0f, 0xfc, 0x00,
  0x00, 0xff, 0xc0, 0x0f, 0xfc, 0x00, 0x00, 0xff, 0xc0, 0x0f, 0xfc, 0x00, 0x00, 0xff, 0xc0, 0x0e, 0xfe, 0x00, 0x03, 0xff, 0xa0, 0x09, 0xff, 0xc6,
  0x7e, 0xff, 0x50, 0x01, 0xdf, 0xff, 0xff, 0xfa, 0x00, 0x00, 0x08, 0xdf, 0xfc, 0x60, 0x00, 0xaf, 0xf3, 0x00, 0x00, 0x8f, 0xf5, 0x5f, 0xf9, 0x00,
  0x00, 0xdf, 0xf0, 0x0e, 0xfe, 0x00, 0x03, 0xff, 0x90, 0x09, 0xff, 0x30, 0x08, 0xff, 0x40, 0x03, 0xff, 0x90, 0x0d, 0xfe, 0x00, 0x00, 0xdf, 0xe0,
  0x3f, 0xf8, 0x00, 0x00, 0x8f, 0xf3, 0x8f, 0xf2, 0x00, 0x00, 0x2f, 0xf9, 0xef, 0xd0, 0x00, 0x00, 0x0c, 0xff, 0xff, 0x70, 0x00, 0x00, 0x06, 0xff,
  0xff, 0x10, 0x00, 0x00, 0x01, 0xff, 0xfb, 0x00, 0x00, 0x7f, 0xf6, 0x00, 0x3f, 0xff, 0x10, 0x09, 0xff, 0x50, 0x3f, 0xfa, 0x00, 0x7f, 0xff, 0x40,
  0x0c, 0xff, 0x10, 0x0e, 0xfd, 0x00, 0xbf, 0xff, 0x80, 0x0f, 0xfc, 0x00, 0x0b, 0xff, 0x00, 0xef, 0xff, 0xc0, 0x3f, 0xf8, 0x00, 0x06, 0xff, 0x33,
  0xff, 0xaf, 0xf0, 0x6f, 0xf4, 0x00, 0x02, 0xff, 0x67, 0xff, 0x2f, 0xf4, 0x9f, 0xf0, 0x00, 0x00, 0xef, 0xab, 0xfb, 0x0e, 0xf8, 0xdf, 0xb0, 0x00,
  0x00, 0xaf, 0xde, 0xf7, 0x0a, 0xfc, 0xff, 0x70, 0x00, 0x00, 0x6f, 0xff, 0xf3, 0x06, 0xff, 0xff, 0x20, 0x00, 0x00, 0x2f, 0xff, 0xe0, 0x02, 0xff,
  0xfe, 0x00, 0x00, 0x00, 0x0e, 0xff, 0xb0, 0x00, 0xef, 0xfa, 0x00, 0x00, 0x4f, 0xfd, 0x00, 0x07, 0xff, 0x90, 0x09, 0xff, 0x90, 0x1f, 0xfe, 0x00,
  0x00, 0xdf, 0xf4, 0xaf, 0xf4, 0x00, 0x00, 0x3f, 0xfe, 0xff, 0xa0, 0x00, 0x00, 0x08, 0xff, 0xfe, 0x10, 0x00, 0x00, 0x01, 0xff, 0xf8, 0x00, 0x00,
  0x00, 0x0a, 0xff, 0xfe, 0x10, 0x00, 0x00, 0x4f, 0xfe, 0xff, 0xa0, 0x00, 0x00, 0xef, 0xf2, 0xcf, 0xf5, 0x00, 0x09, 0xff, 0x70, 0x2f, 0xfe, 0x10,
  0x3f, 0xfd, 0x00, 0x07, 0xff, 0xb0, 0xaf, 0xf7, 0x00, 0x0a, 0xff, 0x60, 0x1f, 0xfe, 0x00, 0x2f, 0xfd, 0x00, 0x09, 0xff, 0x60, 0x9f, 0xf5, 0x00,
  0x01, 0xff, 0xd1, 0xff, 0xd0, 0x00, 0x00, 0x8f, 0xfd, 0xff, 0x40, 0x00, 0x00, 0x0e, 0xff, 0xfc, 0x00, 0x00, 0x00, 0x07, 0xff, 0xf3, 0x00, 0x00,
  0x00, 0x00, 0xff, 0xd0, 0x00, 0x00, 0x00, 0x00, 0xff, 0xc0, 0x00, 0x00, 0x00, 0x00, 0xff, 0xc0, 0x00, 0x00, 0x00, 0x00, 0xff, 0xc0, 0x00, 0x00,
  0x0f, 0xff, 0xff, 0xff, 0xf0, 0x0f, 0xff, 0xff, 0xff, 0xf0, 0x05, 0x55, 0x59, 0xff, 0xc0, 0x00, 0x00, 0x1e, 0xfe, 0x10, 0x00, 0x00, 0xcf, 0xf4,
  0x00, 0x00, 0x08, 0xff, 0x70, 0x00, 0x00, 0x4f, 0xfb, 0x00, 0x00, 0x01, 0xef, 0xe1, 0x00, 0x00, 0x0c, 0xff, 0x95, 0x55, 0x50, 0x0f, 0xff, 0xff,
  0xff, 0xf0, 0x0f, 0xff, 0xff, 0xff, 0xf0, 0x00, 0xff, 0xff, 0xf0, 0x00, 0xff, 0xff, 0xf0, 0x00, 0xff, 0xd5, 0x50, 0x00, 0xff, 0xc0, 0x00, 0x00,
  0xff, 0xc0, 0x00, 0x00, 0xff, 0xc0, 0x00, 0x00, 0xff, 0xc0, 0x00, 0x00, 0xff, 0xc0, 0x00, 0x00, 0xff, 0xc0, 0x00, 0x00, 0xff, 0xc0, 0x00, 0x00,
  0xff, 0xc0, 0x00, 0x00, 0xff, 0xc0, 0x00, 0x00, 0xff, 0xc0, 0x00, 0x00, 0xff, 0xc0, 0x00, 0x00, 0xff, 0xc0, 0x00, 0x00, 0xff, 0xd5, 0x50, 0x00,
  0xff, 0xff, 0xf0, 0x00, 0xff, 0xff, 0xf0, 0x00, 0x0f, 0xfa, 0x00, 0x00, 0x00, 0x00, 0x00, 0x0b, 0xfe, 0x00, 0x00, 0x00, 0x00, 0x00, 0x07, 0xff,
  0x20, 0x00, 0x00, 0x00, 0x00, 0x03, 0xff, 0x60, 0x00, 0x00, 0x00, 0x00, 0x00, 0xff, 0xa0, 0x00, 0x00, 0x00, 0x00, 0x00, 0xcf, 0xd0, 0x00, 0x00,
  0x00, 0x00, 0x00, 0x8f, 0xf1, 0x00, 0x00, 0x00, 0x00, 0x00, 0x4f, 0xf5, 0x00, 0x00, 0x00, 0x00, 0x00, 0x0f, 0xf9, 0x00, 0x00, 0x00, 0x00, 0x00,
  0x0d, 0xfd, 0x00, 0x00, 0x00, 0x00, 0x00, 0x09, 0xff, 0x10, 0x00, 0x00, 0x00, 0x00, 0x05, 0xff, 0x40, 0x00, 0x00, 0x00, 0x00, 0x01, 0xff, 0x80,
  0x00, 0x00, 0x00, 0x00, 0x00, 0xdf, 0xc0, 0x00, 0x00, 0x00, 0x00, 0x00, 0x9f, 0xf0, 0x00, 0x00, 0x00, 0x00, 0x00, 0x6f, 0xf4, 0x00, 0x00, 0x00,
  0x00, 0x00, 0x2f, 0xf7, 0x00, 0x00, 0x00, 0x00, 0x00, 0x0e, 0xfb, 0x00, 0x00, 0x0f, 0xff, 0xfc, 0x00, 0x0f, 0xff, 0xfc, 0x00, 0x05, 0x5f, 0xfc,
  0x00, 0x00, 0x0f, 0xfc, 0x00, 0x00, 0x0f, 0xfc, 0x00, 0x00, 0x0f, 0xfc, 0x00, 0x00, 0x0f, 0xfc, 0x00, 0x00, 0x0f, 0xfc, 0x00, 0x00, 0x0f, 0xfc,
  0x00, 0x00, 0x0f, 0xfc, 0x00, 0x00, 0x0f, 0xfc, 0x00, 0x00, 0x0f, 0xfc, 0x00, 0x00, 0x0f, 0xfc, 0x00, 0x00, 0x0f, 0xfc, 0x00, 0x00, 0x0f, 0xfc,
  0x00, 0x05, 0x5f, 0xfc, 0x00, 0x0f, 0xff, 0xfc, 0x00, 0x0f, 0xff, 0xfc, 0x00, 0x00, 0x00, 0x68, 0x81, 0x00, 0x00, 0x00, 0x01, 0xff, 0xf7, 0x00,
  0x00, 0x00, 0x08, 0xff, 0xfe, 0x00, 0x00, 0x00, 0x0f, 0xfe, 0xff, 0x50, 0x00, 0x00, 0x7f, 0xf4, 0xef, 0xd0, 0x00, 0x00, 0xef, 0xd0, 0x7f, 0xf4,
  0x00, 0x06, 0xff, 0x50, 0x1f, 0xfb, 0x00, 0x0d, 0xfe, 0x00, 0x09, 0xff, 0x20, 0x4f, 0xf7, 0x00, 0x02, 0xff, 0xa0, 0x00, 0x00, 0x00, 0x00, 0x00,
  0x00, 0x00, 0x00, 0x00, 0x00, 0x00, 0x00, 0x00, 0x00, 0x00, 0x00, 0x00, 0x00, 0x05, 0x55, 0x55, 0x55, 0x55, 0x50, 0x0f, 0xff, 0xff, 0xff, 0xff,
  0xf0, 0x0f, 0xff, 0xff, 0xff, 0xff, 0xf0, 0x00, 0x00, 0x00, 0x0e, 0x71, 0x00, 0x0f, 0xff, 0x90, 0x02, 0x8e, 0xf0, 0x00, 0x00, 0x50, 0x00, 0x00,
  0x00, 0x00, 0x00, 0x00, 0x00, 0x00, 0x00, 0x00, 0x00, 0x00, 0x00, 0x00, 0x00, 0x00, 0x00, 0x00, 0x00, 0x00, 0x00, 0x00, 0x00, 0x00, 0x00, 0x00,
  0x00, 0x00, 0x1a, 0xef, 0xb3, 0xff, 0xc0, 0x01, 0xef, 0xff, 0xfe, 0xff, 0xc0, 0x09, 0xff, 0xd6, 0x7e, 0xff, 0xc0, 0x0e, 0xff, 0x10, 0x04, 0xff,
  0xc0, 0x0f, 0xfd, 0x00, 0x00, 0xff, 0xc0, 0x0e, 0xff, 0x10, 0x04, 0xff, 0xc0, 0x09, 0xff, 0xd6, 0x7e, 0xff, 0xc0, 0x01, 0xef, 0xff, 0xff, 0xff,
  0xc0, 0x00, 0x1a, 0xef, 0xb3, 0xff, 0xc0, 0x0f, 0xfc, 0x00, 0x00, 0x00, 0x00, 0x0f, 0xfc, 0x00, 0x00, 0x00, 0x00, 0x0f, 0xfc, 0x00, 0x00, 0x00,
  0x00, 0x0f, 0xfc, 0x5d, 0xfe, 0x80, 0x00, 0x0f, 0xff, 0xff, 0xff, 0xfc, 0x00, 0x0f, 0xff, 0xd6, 0x7e, 0xff, 0x50, 0x0f, 0xff, 0x10, 0x04, 0xff,
  0xa0, 0x0f, 0xfd, 0x00, 0x00, 0xff, 0xc0, 0x0f, 0xff, 0x10, 0x04, 0xff, 0xa0, 0x0f, 0xff, 0xd6, 0x7e, 0xff, 0x50, 0x0f, 0xff, 0xff, 0xff, 0xfc,
  0x00, 0x0f, 0xfc, 0x5d, 0xfe, 0x80, 0x00, 0x00, 0x19, 0xef, 0xd8, 0x00, 0x01, 0xdf, 0xff, 0xff, 0xc0, 0x09, 0xff, 0xb6, 0xcf, 0xf6, 0x0e, 0xfe,
  0x00, 0x16, 0x64, 0x0f, 0xfc, 0x00, 0x00, 0x00, 0x0e, 0xfe, 0x00, 0x15, 0x53, 0x09, 0xff, 0xa5, 0xcf, 0xf6, 0x01, 0xef, 0xff, 0xff, 0xc0, 0x00,
  0x19, 0xef, 0xd8, 0x00, 0x00, 0x00, 0x00, 0x00, 0xff, 0xc0, 0x00, 0x00, 0x00, 0x00, 0xff, 0xc0, 0x00, 0x00, 0x00, 0x00, 0xff, 0xc0, 0x00, 0x1a,
  0xef, 0xb3, 0xff, 0xc0, 0x01, 0xef, 0xff, 0xff, 0xff, 0xc0, 0x09, 0xff, 0xd6, 0x7e, 0xff, 0xc0, 0x0e, 0xff, 0x10, 0x04, 0xff, 0xc0, 0x0f, 0xfd,
  0x00, 0x00, 0xff, 0xc0, 0x0e, 0xff, 0x10, 0x04, 0xff, 0xc0, 0x09, 0xff, 0xd6, 0x7e, 0xff, 0xc0, 0x01, 0xef, 0xff, 0xff, 0xff, 0xc0, 0x00, 0x1a,
  0xef, 0xc3, 0xff, 0xc0, 0x00, 0x19, 0xef, 0xd8, 0x00, 0x01, 0xef, 0xff, 0xff, 0xc0, 0x09, 0xff, 0x86, 0xaf, 0xf6, 0x0e, 0xff, 0xdd, 0xdf, 0xfb,
  0x0f, 0xff, 0xff, 0xff, 0xfc, 0x0e, 0xfc, 0x00, 0x13, 0x31, 0x09, 0xff, 0x96, 0xdf, 0xf4, 0x01, 0xef, 0xff, 0xff, 0xb0, 0x00, 0x19, 0xef, 0xd7,
  0x00, 0x00, 0x00, 0x35, 0x00, 0x2d, 0xff, 0x00, 0xbf, 0xff, 0x00, 0xff, 0xe1, 0x0f, 0xff, 0xff, 0x0f, 0xff, 0xff, 0x05, 0xff, 0xd5, 0x00, 0xff,
  0xc0, 0x00, 0xff, 0xc0, 0x00, 0xff, 0xc0, 0x00, 0xff, 0xc0, 0x00, 0xff, 0xc0, 0x00, 0xff, 0xc0, 0x00, 0x1a, 0xef, 0xb3, 0xff, 0xc0, 0x01, 0xef,
  0xff, 0xff, 0xff, 0xc0, 0x09, 0xff, 0xd6, 0x7e, 0xff, 0xc0, 0x0e, 0xff, 0x10, 0x04, 0xff, 0xc0, 0x0f, 0xfd, 0x00, 0x00, 0xff, 0xc0, 0x0e, 0xff,
  0x10, 0x04, 0xff, 0xc0, 0x09, 0xff, 0xd6, 0x7e, 0xff, 0xc0, 0x01, 0xef, 0xff, 0xfe, 0xff, 0xc0, 0x00, 0x1a, 0xef, 0xb2, 0xff, 0xc0, 0x04, 0x77,
  0x10, 0x02, 0xff, 0xa0, 0x06, 0xff, 0xc6, 0x6d, 0xff, 0x60, 0x00, 0xcf, 0xff, 0xff, 0xfc, 0x00, 0x00, 0x06, 0xce, 0xfd, 0x70, 0x00, 0x0f, 0xfc,
  0x00, 0x00, 0x00, 0x00, 0x0f, 0xfc, 0x00, 0x00, 0x00, 0x00, 0x0f, 0xfc, 0x00, 0x00, 0x00, 0x00, 0x0f, 0xfc, 0x5d, 0xfd, 0x60, 0x00, 0x0f, 0xff,
  0xff, 0xff, 0xf5, 0x00, 0x0f, 0xff, 0xb6, 0xbf, 0xfc, 0x00, 0x0f, 0xfe, 0x00, 0x0e, 0xff, 0x00, 0x0f, 0xfc, 0x00, 0x0c, 0xff, 0x00, 0x0f, 0xfc,
  0x00, 0x0c, 0xff, 0x00, 0x0f, 0xfc, 0x00, 0x0c, 0xff, 0x00, 0x0f, 0xfc, 0x00, 0x0c, 0xff, 0x00, 0x0f, 0xfc, 0x00, 0x0c, 0xff, 0x00, 0x01, 0x51,
  0x00, 0x0e, 0xfe, 0x00, 0x0a, 0xfa, 0x00, 0x00, 0x00, 0x00, 0x0c, 0xff, 0x00, 0x0c, 0xff, 0x00, 0x0c, 0xff, 0x00, 0x0c, 0xff, 0x00, 0x0c, 0xff,
  0x00, 0x0c, 0xff, 0x00, 0x0c, 0xff, 0x00, 0x0c, 0xff, 0x00, 0x0c, 0xff, 0x00, 0x00, 0x15, 0x10, 0x00, 0xef, 0xe0, 0x00, 0xaf, 0xa0, 0x00, 0x00,
  0x00, 0x00, 0xcf, 0xf0, 0x00, 0xcf, 0xf0, 0x00, 0xcf, 0xf0, 0x00, 0xcf, 0xf0, 0x00, 0xcf, 0xf0, 0x00, 0xcf, 0xf0, 0x00, 0xcf, 0xf0, 0x00, 0xcf,
  0xf0, 0x00, 0xcf, 0xf0, 0x00, 0xcf, 0xf0, 0x25, 0xff, 0xe0, 0x8f, 0xff, 0xa0, 0x8f, 0xe9, 0x00, 0x0f, 0xfc, 0x00, 0x00, 0x00, 0x0f, 0xfc, 0x00,
  0x00, 0x00, 0x0f, 0xfc, 0x00, 0x00, 0x00, 0x0f, 0xfc, 0x00, 0xdf, 0xf7, 0x0f, 0xfc, 0x0a, 0xff, 0x90, 0x0f, 0xfc, 0x5f, 0xfc, 0x00, 0x0f, 0xfe,
  0xff, 0xe1, 0x00, 0x0f, 0xff, 0xff, 0x50, 0x00, 0x0f, 0xfd, 0xef, 0xe1, 0x00, 0x0f, 0xfc, 0x4f, 0xfc, 0x00, 0x0f, 0xfc, 0x09, 0xff, 0xa0, 0x0f,
  0xfc, 0x00, 0xdf, 0xf7, 0x0f, 0xfc, 0x00, 0x0f, 0xfc, 0x00, 0x0f, 0xfc, 0x00, 0x0f, 0xfc, 0x00, 0x0f, 0xfc, 0x00, 0x0f, 0xfc, 0x00, 0x0f, 0xfc,
  0x00, 0x0f, 0xfc, 0x00, 0x0f, 0xfc, 0x00, 0x0f, 0xfc, 0x00, 0x0f, 0xfc, 0x00, 0x0f, 0xfc, 0x00, 0x0f, 0xfc, 0x7d, 0xfd, 0x60, 0x5d, 0xfe, 0x80,
  0x00, 0x0f, 0xff, 0xff, 0xff, 0xfa, 0xff, 0xff, 0xf8, 0x00, 0x0f, 0xff, 0xa6, 0xbf, 0xff, 0xc6, 0x9f, 0xff, 0x00, 0x0f, 0xfe, 0x00, 0x0e, 0xff,
  0x20, 0x0b, 0xff, 0x20, 0x0f, 0xfc, 0x00, 0x0c, 0xff, 0x00, 0x09, 0xff, 0x30, 0x0f, 0xfc, 0x00, 0x0c, 0xff, 0x00, 0x09, 0xff, 0x30, 0x0f, 0xfc,
  0x00, 0x0c, 0xff, 0x00, 0x09, 0xff, 0x30, 0x0f, 0xfc, 0x00, 0x0c, 0xff, 0x00, 0x09, 0xff, 0x30, 0x0f, 0xfc, 0x00, 0x0c, 0xff, 0x00, 0x09, 0xff,
  0x30, 0x0f, 0xfc, 0x6d, 0xfd, 0x60, 0x00, 0x0f, 0xff, 0xff, 0xff, 0xf5, 0x00, 0x0f, 0xff, 0xb6, 0xbf, 0xfc, 0x00, 0x0f, 0xfe, 0x00, 0x0e, 0xff,
  0x00, 0x0f, 0xfc, 0x00, 0x0c, 0xff, 0x00, 0x0f, 0xfc, 0x00, 0x0c, 0xff, 0x00, 0x0f, 0xfc, 0x00, 0x0c, 0xff, 0x00, 0x0f, 0xfc, 0x00, 0x0c, 0xff,
  0x00, 0x0f, 0xfc, 0x00, 0x0c, 0xff, 0x00, 0x00, 0x08, 0xdf, 0xd8, 0x00, 0x01, 0xdf, 0xff, 0xff, 0xd0, 0x08, 0xff, 0xb6, 0xcf, 0xf8, 0x0e, 0xff,
  0x00, 0x0f, 0xfd, 0x0f, 0xfd, 0x00, 0x0d, 0xff, 0x0e, 0xff, 0x00, 0x0f, 0xfd, 0x09, 0xff, 0xb6, 0xcf, 0xf8, 0x01, 0xdf, 0xff, 0xff, 0xd0, 0x00,
  0x19, 0xef, 0xd8, 0x00, 0x0f, 0xfc, 0x5d, 0xfe, 0x80, 0x00, 0x0f, 0xff, 0xff, 0xff, 0xfc, 0x00, 0x0f, 0xff, 0xd6, 0x7e, 0xff, 0x50, 0x0f, 0xff,
  0x10, 0x04, 0xff, 0xa0, 0x0f, 0xfd, 0x00, 0x00, 0xff, 0xc0, 0x0f, 0xff, 0x10, 0x04, 0xff, 0xa0, 0x0f, 0xff, 0xd6, 0x7e, 0xff, 0x50, 0x0f, 0xff,
  0xff, 0xff, 0xfc, 0x00, 0x0f, 0xfc, 0x5d, 0xfe, 0x80, 0x00, 0x0f, 0xfc, 0x00, 0x00, 0x00, 0x00, 0x0f, 0xfc, 0x00, 0x00, 0x00, 0x00, 0x0f, 0xfc,
  0x00, 0x00, 0x00, 0x00, 0x0f, 0xfc, 0x00, 0x00, 0x00, 0x00, 0x00, 0x19, 0xef, 0xc5, 0xff, 0xc0, 0x00, 0xdf, 0xff, 0xff, 0xff, 0xc0, 0x08, 0xff,
  0xd7, 0x8f, 0xff, 0xc0, 0x0e, 0xff, 0x10, 0x04, 0xff, 0xc0, 0x0f, 0xfc, 0x00, 0x00, 0xff, 0xc0, 0x0e, 0xff, 0x10, 0x04, 0xff, 0xc0, 0x09, 0xff,
  0xd7, 0x8f, 0xff, 0xc0, 0x01, 0xdf, 0xff, 0xff, 0xff, 0xc0, 0x00, 0x19, 0xef, 0xc2, 0xff, 0xc0, 0x00, 0x00, 0x00, 0x00, 0xff, 0xc0, 0x00, 0x00,
  0x00, 0x00, 0xff, 0xc0, 0x00, 0x00, 0x00, 0x00, 0xff, 0xc0, 0x00, 0x00, 0x00, 0x00, 0xff, 0xc0, 0x0f, 0xfc, 0x5d, 0x70, 0x0f, 0xff, 0xff, 0x80,
  0x0f, 0xff, 0xb6, 0x20, 0x0f, 0xfe, 0x00, 0x00, 0x0f, 0xfc, 0x00, 0x00, 0x0f, 0xfc, 0x00, 0x00, 0x0f, 0xfc, 0x00, 0x00, 0x0f, 0xfc, 0x00, 0x00,
  0x0f, 0xfc, 0x00, 0x00, 0x00, 0x8d, 0xfe, 0xa2, 0x00, 0x0a, 0xff, 0xff, 0xfe, 0x10, 0x0f, 0xff, 0x6a, 0xff, 0x80, 0x0b, 0xff, 0x62, 0x55, 0x40,
  0x00, 0x8e, 0xff, 0xd7, 0x00, 0x03, 0x32, 0x17, 0xff, 0x80, 0x1f, 0xfe, 0x78, 0xff, 0xb0, 0x08, 0xff, 0xff, 0xff, 0x70, 0x00, 0x6c, 0xff, 0xc6,
  0x00, 0x00, 0xff, 0xc0, 0x00, 0x00, 0xff, 0xc0, 0x00, 0x0f, 0xff, 0xff, 0xf0, 0x0f, 0xff, 0xff, 0xf0, 0x05, 0xff, 0xd5, 0x50, 0x00, 0xff, 0xc0,
  0x00, 0x00, 0xff, 0xc0, 0x00, 0x00, 0xff, 0xc0, 0x00, 0x00, 0xef, 0xf5, 0x40, 0x00, 0x9f, 0xff, 0xf0, 0x00, 0x09, 0xef, 0xf0, 0x0f, 0xfc, 0x00,
  0x0c, 0xff, 0x00, 0x0f, 0xfc, 0x00, 0x0c, 0xff, 0x00, 0x0f, 0xfc, 0x00, 0x0c, 0xff, 0x00, 0x0f, 0xfc, 0x00, 0x0c, 0xff, 0x00, 0x0f, 0xfc, 0x00,
  0x0c, 0xff, 0x00, 0x0f, 0xfe, 0x00, 0x0e, 0xff, 0x00, 0x0c, 0xff, 0x83, 0x8f, 0xff, 0x00, 0x05, 0xff, 0xff, 0xff, 0xff, 0x00, 0x00, 0x6d, 0xfd,
  0x6c, 0xff, 0x00, 0xaf, 0xf3, 0x00, 0x3f, 0xfa, 0x5f, 0xf8, 0x00, 0x8f, 0xf5, 0x0f, 0xfd, 0x00, 0xdf, 0xf0, 0x0a, 0xff, 0x22, 0xff, 0xa0, 0x04,
  0xff, 0x76, 0xff, 0x40, 0x00, 0xef, 0xcb, 0xfe, 0x00, 0x00, 0x9f, 0xff, 0xf9, 0x00, 0x00, 0x3f, 0xff, 0xf3, 0x00, 0x00, 0x0d, 0xff, 0xd0, 0x00,
  0xcf, 0xe0, 0x08, 0xff, 0x90, 0x0d, 0xfa, 0x8f, 0xf1, 0x0c, 0xff, 0xd0, 0x0f, 0xf6, 0x4f, 0xf4, 0x0f, 0xff, 0xf1, 0x4f, 0xf2, 0x0f, 0xf7, 0x4f,
  0xef, 0xf4, 0x7f, 0xd0, 0x0b, 0xfa, 0x7f, 0x9b, 0xf8, 0xaf, 0x90, 0x07, 0xfe, 0xbf, 0x57, 0xfc, 0xdf, 0x50, 0x02, 0xff, 0xff, 0x13, 0xff, 0xff,
  0x10, 0x00, 0xef, 0xfd, 0x00, 0xff, 0xfc, 0x00, 0x00, 0xaf, 0xf9, 0x00, 0xbf, 0xf8, 0x00, 0x9f, 0xf7, 0x01, 0xef, 0xe0, 0x0d, 0xff, 0x39, 0xff,
  0x40, 0x03, 0xff, 0xdf, 0xf9, 0x00, 0x00, 0x8f, 0xff, 0xe0, 0x00, 0x00, 0x1f, 0xff, 0x60, 0x00, 0x00, 0x9f, 0xff, 0xe0, 0x00, 0x03, 0xff, 0xdf,
  0xf9, 0x00, 0x0d, 0xfe, 0x1c, 0xff, 0x40, 0x8f, 0xf6, 0x02, 0xff, 0xe1, 0x0c, 0xff, 0x30, 0x01, 0xff, 0xe0, 0x06, 0xff, 0x90, 0x06, 0xff, 0x70,
  0x00, 0xef, 0xf0, 0x0c, 0xff, 0x10, 0x00, 0x8f, 0xf5, 0x2f, 0xf9, 0x00, 0x00, 0x1f, 0xfb, 0x8f, 0xf2, 0x00, 0x00, 0x0a, 0xff, 0xef, 0xb0, 0x00,
  0x00, 0x04, 0xff, 0xff, 0x40, 0x00, 0x00, 0x00, 0xdf, 0xfd, 0x00, 0x00, 0x00, 0x00, 0x8f, 0xf7, 0x00, 0x00, 0x00, 0x00, 0xdf, 0xf1, 0x00, 0x00,
  0x00, 0x04, 0xff, 0x90, 0x00, 0x00, 0x00, 0x0c, 0xff, 0x20, 0x00, 0x00, 0x00, 0x3f, 0xfb, 0x00, 0x00, 0x00, 0x0f, 0xff, 0xff, 0xff, 0x0f, 0xff,
  0xff, 0xff, 0x05, 0x55, 0xbf, 0xfc, 0x00, 0x04, 0xff, 0xd1, 0x00, 0x2e, 0xfe, 0x10, 0x01, 0xdf, 0xf2, 0x00, 0x0c, 0xff, 0x95, 0x55, 0x0f, 0xff,
  0xff, 0xff, 0x0f, 0xff, 0xff, 0xff, 0x00, 0x1a, 0xef, 0x00, 0x00, 0xaf, 0xff, 0x00, 0x00, 0xef, 0xf6, 0x00, 0x00, 0xff, 0xc0, 0x00, 0x00, 0xef,
  0xd0, 0x00, 0x00, 0xdf, 0xe0, 0x00, 0x00, 0xcf, 0xf0, 0x00, 0x01, 0xef, 0xe0, 0x00, 0x0f, 0xff, 0x60, 0x00, 0x0f, 0xfc, 0x20, 0x00, 0x07, 0xff,
  0xd0, 0x00, 0x00, 0xcf, 0xf0, 0x00, 0x00, 0xdf, 0xf0, 0x00, 0x00, 0xef, 0xd0, 0x00, 0x00, 0xff, 0xc0, 0x00, 0x00, 0xff, 0xf6, 0x00, 0x00, 0xbf,
  0xff, 0x00, 0x00, 0x1a, 0xef, 0x00, 0x0f, 0xfc, 0x00, 0x0f, 0xfc, 0x00, 0x0f, 0xfc, 0x00, 0x0f, 0xfc, 0x00, 0x0f, 0xfc, 0x00, 0x0f, 0xfc, 0x00,
  0x0f, 0xfc, 0x00, 0x0f, 0xfc, 0x00, 0x0f, 0xfc, 0x00, 0x0f, 0xfc, 0x00, 0x0f, 0xfc, 0x00, 0x0f, 0xfc, 0x00, 0x0f, 0xfc, 0x00, 0x0f, 0xfc, 0x00,
  0x0f, 0xfc, 0x00, 0x08, 0xfe, 0x90, 0x00, 0x08, 0xff, 0xf9, 0x00, 0x02, 0x6f, 0xfe, 0x00, 0x00, 0x0c, 0xff, 0x00, 0x00, 0x0d, 0xfe, 0x00, 0x00,
  0x0e, 0xfd, 0x00, 0x00, 0x0f, 0xfc, 0x00, 0x00, 0x0e, 0xfe, 0x10, 0x00, 0x06, 0xff, 0xf0, 0x00, 0x02, 0xcf, 0xf0, 0x00, 0x0d, 0xff, 0x70, 0x00,
  0x0f, 0xfc, 0x00, 0x00, 0x0f, 0xfd, 0x00, 0x00, 0x0d, 0xfe, 0x00, 0x00, 0x0c, 0xff, 0x00, 0x02, 0x6f, 0xff, 0x00, 0x08, 0xff, 0xfa, 0x00, 0x08,
  0xfe, 0x90, 0x00, 0x00, 0x14, 0x30, 0x02, 0x54, 0x06, 0xff, 0xfc, 0x6c, 0xf8, 0x1f, 0xff, 0xff, 0xff, 0xf1, 0x6f, 0xb1, 0x5c, 0xfc, 0x40, 0x00,
  0x00, 0x00, 0x00, 0x00, 0x00, 0x00, 0x00, 0x00, 0x00, 0x00, 0x00, 0x00, 0x00, 0x00, 0x00, 0x08, 0xdf, 0xd9, 0x10, 0x00, 0xdf, 0xff, 0xff, 0xd1,
  0x08, 0xff, 0xb6, 0xcf, 0xf9, 0x0d, 0xff, 0x00, 0x16, 0x64, 0x0f, 0xfc, 0x00, 0x00, 0x00, 0x0e, 0xfe, 0x00, 0x00, 0x00, 0x0a, 0xff, 0x60, 0x7f,
  0xfa, 0x02, 0xff, 0xff, 0xff, 0xf2, 0x00, 0x3c, 0xff, 0xfc, 0x30, 0x00, 0x00, 0x8f, 0x70, 0x00, 0x00, 0x00, 0x8f, 0xfe, 0x20, 0x00, 0x00, 0x00,
  0xdf, 0x70, 0x00, 0x05, 0xff, 0xff, 0x30, 0x00, 0x02, 0x88, 0x72, 0x00, 0x00, 0x0a, 0xc0, 0x05, 0xf1, 0x00, 0x00, 0x09, 0xf3, 0x1b, 0xf0, 0x00,
  0x00, 0x04, 0xff, 0xff, 0xb0, 0x00, 0x00, 0x00, 0xbf, 0xfe, 0x20, 0x00, 0x00, 0x1a, 0xef, 0xf4, 0xff, 0xc0, 0x01, 0xef, 0xff, 0xff, 0xff, 0xc0,
  0x09, 0xff, 0xd6, 0x7e, 0xff, 0xc0, 0x0e, 0xff, 0x10, 0x04, 0xff, 0xc0, 0x0f, 0xfd, 0x00, 0x00, 0xff, 0xc0, 0x0e, 0xff, 0x10, 0x04, 0xff, 0xc0,
  0x09, 0xff, 0xd6, 0x7e, 0xff, 0xc0, 0x01, 0xef, 0xff, 0xfe, 0xff, 0xc0, 0x00, 0x1a, 0xef, 0xb2, 0xff, 0xc0, 0x04, 0x77, 0x10, 0x02, 0xff, 0xa0,
  0x06, 0xff, 0xc6, 0x6d, 0xff, 0x60, 0x00, 0xcf, 0xff, 0xff, 0xfc, 0x00, 0x00, 0x06, 0xce, 0xfd, 0x70, 0x00, 0x0f, 0xfc, 0x00, 0x0f, 0xfc, 0x00,
  0x0f, 0xfc, 0x00, 0x0f, 0xfc, 0x00, 0x0f, 0xfc, 0x00, 0x0f, 0xfc, 0x00, 0x0f, 0xfc, 0x00, 0x0f, 0xfc, 0x00, 0x0f, 0xfc, 0x00, 0x00, 0x01, 0x50,
  0x15, 0x00, 0x00, 0x0e, 0xfa, 0xef, 0xa0, 0x00, 0x0a, 0xf7, 0xaf, 0x70, 0x00, 0x00, 0x00, 0x00, 0x00, 0x00, 0x08, 0xdf, 0xd8, 0x00, 0x01, 0xdf,
  0xff, 0xff, 0xd0, 0x08, 0xff, 0xb6, 0xcf, 0xf8, 0x0e, 0xff, 0x00, 0x0f, 0xfd, 0x0f, 0xfd, 0x00, 0x0d, 0xff, 0x0e, 0xff, 0x00, 0x0f, 0xfd, 0x09,
  0xff, 0xb6, 0xcf, 0xf8, 0x01, 0xdf, 0xff, 0xff, 0xd0, 0x00, 0x19, 0xef, 0xd8, 0x00, 0x00, 0x7d, 0xfe, 0xa2, 0x00, 0x09, 0xff, 0xff, 0xfe, 0x10,
  0x0f, 0xff, 0x6a, 0xff, 0x80, 0x0d, 0xff, 0x52, 0x55, 0x40, 0x02, 0xcf, 0xff, 0xd7, 0x00, 0x00, 0x02, 0x6b, 0xff, 0x80, 0x0d, 0xfc, 0x12, 0xff,
  0xb0, 0x07, 0xff, 0xff, 0xff, 0x70, 0x00, 0x6d, 0xff, 0xd7, 0x00, 0x00, 0x00, 0xbe, 0x40, 0x00, 0x00, 0x00, 0xbf, 0xfb, 0x00, 0x00, 0x00, 0x01,
  0xff, 0x00, 0x00, 0x0b, 0xff, 0xfc, 0x00, 0x00, 0x05, 0x87, 0x60, 0x00, 0x00, 0x05, 0x10, 0x15, 0x00, 0x00, 0x00, 0xaf, 0xe0, 0xef, 0xa0, 0x00,
  0x00, 0x7f, 0xa0, 0xaf, 0x70, 0x00, 0x00, 0x00, 0x00, 0x00, 0x00, 0x00, 0x0f, 0xfc, 0x00, 0x0c, 0xff, 0x00, 0x0f, 0xfc, 0x00, 0x0c, 0xff, 0x00,
  0x0f, 0xfc, 0x00, 0x0c, 0xff, 0x00, 0x0f, 0xfc, 0x00, 0x0c, 0xff, 0x00, 0x0f, 0xfc, 0x00, 0x0c, 0xff, 0x00, 0x0f, 0xfe, 0x00, 0x0e, 0xff, 0x00,
  0x0c, 0xff, 0x83, 0x8f, 0xff, 0x00, 0x05, 0xff, 0xff, 0xff, 0xff, 0x00, 0x00, 0x6d, 0xfd, 0x6c, 0xff, 0x00, 0x00, 0x02, 0x9d, 0xfe, 0xb4, 0x00,
  0x00, 0x5f, 0xff, 0xff, 0xff, 0x70, 0x02, 0xff, 0xfa, 0x68, 0xff, 0xf4, 0x09, 0xff, 0x70, 0x00, 0x4d, 0xd9, 0x0d, 0xff, 0x00, 0x00, 0x00, 0x00,
  0x0f, 0xfd, 0x00, 0x00, 0x00, 0x00, 0x0e, 0xfe, 0x00, 0x00, 0x00, 0x00, 0x0b, 0xff, 0x30, 0x00, 0x17, 0x75, 0x04, 0xff, 0xd4, 0x03, 0xcf, 0xf7,
  0x00, 0x8f, 0xff, 0xff, 0xff, 0xc0, 0x00, 0x05, 0xdf, 0xff, 0xf8, 0x00, 0x00, 0x00, 0x01, 0xfb, 0x00, 0x00, 0x00, 0x00, 0x00, 0xff, 0xe2, 0x00,
  0x00, 0x00, 0x00, 0x05, 0xf7, 0x00, 0x00, 0x00, 0x0f, 0xff, 0xf3, 0x00, 0x00, 0x00, 0x08, 0x87, 0x30, 0x00, 0x00, 0x00, 0x50, 0x01, 0x50, 0x00,
  0x00, 0x01, 0xfa, 0x6b, 0xf1, 0x00, 0x00, 0x00, 0xdf, 0xff, 0xc0, 0x00, 0x00, 0x00, 0x2c, 0xfc, 0x20, 0x00, 0x00, 0x00, 0x00, 0x00, 0x00, 0x00,
  0x00, 0x02, 0x9d, 0xfe, 0xc6, 0x00, 0x00, 0x5f, 0xff, 0xff, 0xff, 0xc0, 0x02, 0xff, 0xf9, 0x67, 0xdf, 0xf8, 0x09, 0xff, 0x60, 0x00, 0x00, 0x00,
  0x0e, 0xfe, 0x00, 0x55, 0x55, 0x55, 0x0f, 0xfd, 0x00, 0xff, 0xff, 0xff, 0x0e, 0xff, 0x00, 0xff, 0xff, 0xff, 0x0a, 0xff, 0x70, 0x00, 0x0c, 0xfe,
  0x02, 0xff, 0xfb, 0x77, 0xdf, 0xf7, 0x00, 0x5f, 0xff, 0xff, 0xff, 0x90, 0x00, 0x02, 0x9d, 0xfe, 0xb4, 0x00, 0x01, 0x50, 0x00, 0x0e, 0xfa, 0x00,
  0x0a, 0xf7, 0x00, 0x00, 0x00, 0x00, 0x0f, 0xfc, 0x00, 0x0f, 0xfc, 0x00, 0x0f, 0xfc, 0x00, 0x0f, 0xfc, 0x00, 0x0f, 0xfc, 0x00, 0x0f, 0xfc, 0x00,
  0x0f, 0xfc, 0x00, 0x0f, 0xfc, 0x00, 0x0f, 0xfc, 0x00, 0x0f, 0xfc, 0x00, 0x0f, 0xfc, 0x00, 0x00, 0x00, 0x15, 0x01, 0x50, 0x00, 0x00, 0x00, 0x00,
  0xef, 0xae, 0xfa, 0x00, 0x00, 0x00, 0x00, 0xaf, 0x6a, 0xf6, 0x00, 0x00, 0x00, 0x00, 0x00, 0x00, 0x00, 0x00, 0x00, 0x00, 0x01, 0x8d, 0xfe, 0xc6,
  0x00, 0x00, 0x00, 0x3e, 0xff, 0xff, 0xff, 0xd2, 0x00, 0x02, 0xef, 0xfa, 0x67, 0xcf, 0xfd, 0x00, 0x09, 0xff, 0x70, 0x00, 0x0a, 0xff, 0x50, 0x0d,
  0xff, 0x00, 0x00, 0x02, 0xff, 0xa0, 0x0f, 0xfd, 0x00, 0x00, 0x00, 0xff, 0xb0, 0x0d, 0xff, 0x00, 0x00, 0x02, 0xff, 0xa0, 0x09, 0xff, 0x70, 0x00,
  0x0b, 0xff, 0x50, 0x02, 0xef, 0xfa, 0x67, 0xcf, 0xfd, 0x00, 0x00, 0x3e, 0xff, 0xff, 0xff, 0xd1, 0x00, 0x00, 0x01, 0x8d, 0xfe, 0xc6, 0x00, 0x00,
  0x00, 0x5c, 0xee, 0xc4, 0x00, 0x07, 0xff, 0xff, 0xff, 0x50, 0x0e, 0xff, 0x7a, 0xff, 0xd0, 0x0f, 0xfd, 0x00, 0x88, 0x80, 0x0b, 0xff, 0xc5, 0x00,
  0x00, 0x01, 0xcf, 0xff, 0xf8, 0x00, 0x00, 0x03, 0x9e, 0xff, 0x90, 0x03, 0x32, 0x01, 0xef, 0xf0, 0x0d, 0xff, 0x21, 0xef, 0xe0, 0x07, 0xff, 0xff,
  0xff, 0x70, 0x00, 0x6d, 0xff, 0xd6, 0x00, 0x00, 0x00, 0xae, 0x20, 0x00, 0x00, 0x00, 0xaf, 0xf7, 0x00, 0x00, 0x00, 0x00, 0xee, 0x00, 0x00, 0x04,
  0x88, 0xfd, 0x00, 0x00, 0x08, 0xff, 0xd3, 0x00, 0x00, 0x01, 0x50, 0x15, 0x00, 0x00, 0x00, 0x0e, 0xfa, 0xef, 0xa0, 0x00, 0x00, 0x0a, 0xf6, 0xaf,
  0x60, 0x00, 0x00, 0x00, 0x00, 0x00, 0x00, 0x00, 0x0f, 0xfc, 0x00, 0x00, 0xff, 0xc0, 0x0f, 0xfc, 0x00, 0x00, 0xff, 0xc0, 0x0f, 0xfc, 0x00, 0x00,
  0xff, 0xc0, 0x0f, 0xfc, 0x00, 0x00, 0xff, 0xc0, 0x0f, 0xfc, 0x00, 0x00, 0xff, 0xc0, 0x0f, 0xfc, 0x00, 0x00, 0xff, 0xc0, 0x0f, 0xfc, 0x00, 0x00,
  0xff, 0xc0, 0x0e, 0xfe, 0x00, 0x03, 0xff, 0xa0, 0x09, 0xff, 0xc6, 0x7e, 0xff, 0x50, 0x01, 0xdf, 0xff, 0xff, 0xfa, 0x00, 0x00, 0x08, 0xdf, 0xfc,
  0x60, 0x00, 0x00, 0x8d, 0xfd, 0x80, 0x0a, 0xfa, 0x3a, 0xfa, 0x0f, 0xf2, 0x02, 0xff, 0x0c, 0xf7, 0x07, 0xfb, 0x02, 0xbf, 0xff, 0xb1, 0x00, 0x01,
  0x20, 0x00, 0x00, 0x00, 0x00, 0x00, 0x00, 0x00, 0x00, 0x00, 0x00, 0x00, 0x00, 0x00, 0x00, 0x00, 0x00, 0x00, 0x00, 0x00, 0x00, 0x00, 0x01, 0x50,
  0x00, 0x0e, 0xfa, 0x00, 0x0a, 0xf7, 0x00, 0x00, 0x00, 0x00, 0x00, 0x00, 0x00, 0x00, 0x00, 0x00, 0x00, 0x00, 0x00, 0x01, 0x50, 0x01, 0x50, 0x01,
  0x50, 0x0e, 0xfa, 0x0e, 0xfa, 0x0e, 0xfa, 0x0a, 0xf7, 0x0a, 0xf7, 0x0a, 0xf7, 0x05, 0x55, 0x55, 0x55, 0x55, 0x00, 0x0f, 0xff, 0xff, 0xff, 0xff,
  0x00, 0x0f, 0xff, 0xff, 0xff, 0xff, 0x00, 0x00, 0x00, 0x00, 0x00, 0x00, 0x00, 0x00, 0x00, 0x00, 0x00, 0x00, 0x00, 0x00, 0x00, 0x00, 0x00, 0x00,
  0x00, 0x00, 0x00, 0x00, 0x00, 0x00, 0x00,
};
STATIC CONST GLYPH mFontChipGlyphs[] = {
  { 0x0020, 0, 0, 0, 0, 3, 0 },
  { 0x0021, 6, 12, 0, 5, 6, 0 },
  { 0x0022, 7, 13, 0, 4, 7, 36 },
  { 0x0023, 15, 12, 0, 5, 14, 88 },
  { 0x0024, 11, 14, 0, 4, 11, 184 },
  { 0x0025, 14, 11, 0, 6, 14, 268 },
  { 0x0026, 14, 11, 0, 6, 13, 345 },
  { 0x0027, 4, 13, 0, 4, 4, 422 },
  { 0x0028, 8, 18, 0, 2, 8, 448 },
  { 0x0029, 8, 18, 0, 2, 8, 520 },
  { 0x002a, 9, 12, 0, 5, 9, 592 },
  { 0x002b, 10, 10, 0, 7, 10, 652 },
  { 0x002c, 5, 5, 0, 14, 5, 702 },
  { 0x002d, 9, 7, 0, 10, 9, 717 },
  { 0x002e, 5, 3, 0, 14, 5, 752 },
  { 0x002f, 8, 18, 0, 2, 7, 761 },
  { 0x0030, 10, 12, 0, 5, 10, 833 },
  { 0x0031, 6, 12, 0, 5, 6, 893 },
  { 0x0032, 9, 12, 0, 5, 9, 929 },
  { 0x0033, 10, 12, 0, 5, 10, 989 },
  { 0x0034, 11, 11, 0, 6, 11, 1049 },
  { 0x0035, 10, 12, 0, 5, 10, 1115 },
  { 0x0036, 10, 12, 0, 5, 10, 1175 },
  { 0x0037, 9, 12, 0, 5, 9, 1235 },
  { 0x0038, 10, 12, 0, 5, 10, 1295 },
  { 0x0039, 10, 12, 0, 5, 10, 1355 },
  { 0x003a, 5, 9, 0, 8, 5, 1415 },
  { 0x003b, 6, 11, 0, 8, 6, 1442 },
  { 0x003c, 9, 9, 0, 8, 9, 1475 },
  { 0x003d, 11, 9, 0, 8, 11, 1520 },
  { 0x003e, 9, 9, 0, 8, 9, 1574 },
  { 0x003f, 9, 12, 0, 5, 9, 1619 },
  { 0x0040, 17, 16, 0, 6, 17, 1679 },
  { 0x0041, 12, 11, 0, 6, 12, 1823 },
  { 0x0042, 11, 11, 0, 6, 11, 1889 },
  { 0x0043, 12, 11, 0, 6, 12, 1955 },
  { 0x0044, 12, 11, 0, 6, 12, 2021 },
  { 0x0045, 9, 11, 0, 6, 9, 2087 },
  { 0x0046, 9, 11, 0, 6, 9, 2142 },
  { 0x0047, 12, 11, 0, 6, 12, 2197 },
  { 0x0048, 12, 11, 0, 6, 12, 2263 },
  { 0x0049, 5, 11, 0, 6, 5, 2329 },
  { 0x004a, 9, 11, 0, 6, 9, 2362 },
  { 0x004b, 11, 11, 0, 6, 11, 2417 },
  { 0x004c, 8, 11, 0, 6, 8, 2483 },
  { 0x004d, 15, 11, 0, 6, 15, 2527 },
  { 0x004e, 12, 11, 0, 6, 12, 2615 },
  { 0x004f, 13, 11, 0, 6, 13, 2681 },
  { 0x0050, 10, 11, 0, 6, 10, 2758 },
  { 0x0051, 14, 13, 0, 6, 13, 2813 },
  { 0x0052, 10, 11, 0, 6, 10, 2904 },
  { 0x0053, 10, 11, 0, 6, 10, 2959 },
  { 0x0054, 10, 11, 0, 6, 9, 3014 },
  { 0x0055, 11, 11, 0, 6, 11, 3069 },
  { 0x0056, 12, 11, 0, 6, 12, 3135 },
  { 0x0057, 17, 11, 0, 6, 17, 3201 },
  { 0x0058, 12, 11, 0, 6, 11, 3300 },
  { 0x0059, 11, 11, 0, 6, 11, 3366 },
  { 0x005a, 10, 11, 0, 6, 10, 3432 },
  { 0x005b, 8, 18, 0, 2, 8, 3487 },
  { 0x005c, 13, 18, 0, 2, 13, 3559 },
  { 0x005d, 8, 18, 0, 2, 8, 3685 },
  { 0x005e, 11, 12, 0, 5, 11, 3757 },
  { 0x005f, 12, 3, 0, 17, 12, 3829 },
  { 0x0060, 5, 14, 0, 3, 5, 3847 },
  { 0x0061, 11, 9, 0, 8, 11, 3889 },
  { 0x0062, 11, 12, 0, 5, 11, 3943 },
  { 0x0063, 10, 9, 0, 8, 10, 4015 },
  { 0x0064, 11, 12, 0, 5, 11, 4060 },
  { 0x0065, 10, 9, 0, 8, 10, 4132 },
  { 0x0066, 6, 13, 0, 4, 6, 4177 },
  { 0x0067, 11, 13, 0, 8, 11, 4216 },
  { 0x0068, 11, 12, 0, 5, 11, 4294 },
  { 0x0069, 5, 13, 0, 4, 5, 4366 },
  { 0x006a, 6, 17, -1, 4, 5, 4405 },
  { 0x006b, 10, 12, 0, 5, 10, 4456 },
  { 0x006c, 5, 12, 0, 5, 5, 4516 },
  { 0x006d, 17, 9, 0, 8, 17, 4552 },
  { 0x006e, 11, 9, 0, 8, 11, 4633 },
  { 0x006f, 10, 9, 0, 8, 10, 4687 },
  { 0x0070, 11, 13, 0, 8, 11, 4732 },
  { 0x0071, 11, 13, 0, 8, 11, 4810 },
  { 0x0072, 7, 9, 0, 8, 7, 4888 },
  { 0x0073, 9, 9, 0, 8, 9, 4924 },
  { 0x0074, 7, 11, 0, 6, 6, 4969 },
  { 0x0075, 11, 9, 0, 8, 11, 5013 },
  { 0x0076, 10, 9, 0, 8, 10, 5067 },
  { 0x0077, 14, 9, 0, 8, 14, 5112 },
  { 0x0078, 10, 9, 0, 8, 9, 5175 },
  { 0x0079, 12, 13, -1, 8, 10, 5220 },
  { 0x007a, 8, 9, 0, 8, 8, 5298 },
  { 0x007b, 8, 18, 0, 2, 8, 5334 },
  { 0x007c, 5, 15, 0, 4, 5, 5406 },
  { 0x007d, 8, 18, 0, 2, 8, 5451 },
  { 0x007e, 10, 7, 0, 10, 10, 5523 },
  { 0x00e7, 10, 14, 0, 8, 10, 5558 },
  { 0x011f, 11, 17, 0, 4, 11, 5628 },
  { 0x0131, 5, 9, 0, 8, 5, 5730 },
  { 0x00f6, 10, 13, 0, 4, 10, 5757 },
  { 0x015f, 9, 14, 0, 8, 9, 5822 },
  { 0x00fc, 11, 13, 0, 4, 11, 5892 },
  { 0x00c7, 12, 16, 0, 6, 12, 5970 },
  { 0x011e, 12, 16, 0, 1, 12, 6066 },
  { 0x0130, 5, 15, 0, 2, 5, 6162 },
  { 0x00d6, 13, 15, 0, 2, 13, 6207 },
  { 0x015e, 10, 16, 0, 6, 10, 6312 },
  { 0x00dc, 11, 15, 0, 2, 11, 6392 },
  { 0x00b0, 8, 11, 0, 6, 7, 6482 },
  { 0x00b7, 5, 7, 0, 10, 5, 6526 },
  { 0x2026, 12, 3, 0, 14, 12, 6547 },
  { 0x2013, 11, 7, 0, 10, 11, 6565 },
};
STATIC CONST FONT mFontChip = { 23, 17, 111, mFontChipGlyphs, mFontChipData };
STATIC CONST UINT8 mIconHomeData[] = {
  0x00, 0x00, 0x00, 0x00, 0x00, 0x00, 0x00, 0x00, 0x00, 0x00, 0x00, 0x00, 0x00, 0x00, 0x00, 0x00, 0x00, 0x00, 0x00, 0x00, 0x00, 0x00, 0x00, 0x00,
  0x00, 0x00, 0x00, 0x12, 0x00, 0x00, 0x00, 0x00, 0x00, 0x00, 0x00, 0x00, 0x00, 0x03, 0xef, 0x60, 0x00, 0x00, 0x00, 0x00, 0x00, 0x00, 0x00, 0x00,
  0x3e, 0xff, 0xf6, 0x00, 0x00, 0x00, 0x00, 0x00, 0x00, 0x00, 0x06, 0xff, 0x85, 0xff, 0x90, 0x00, 0x00, 0x00, 0x00, 0x00, 0x00, 0x6f, 0xf6, 0x00,
  0x4e, 0xf9, 0x00, 0x00, 0x00, 0x00, 0x00, 0x06, 0xff, 0x60, 0x00, 0x03, 0xef, 0x90, 0x00, 0x00, 0x00, 0x00, 0x7f, 0xf6, 0x00, 0x00, 0x00, 0x3e,
  0xf9, 0x00, 0x00, 0x00, 0x09, 0xff, 0xb0, 0x00, 0x00, 0x00, 0x07, 0xff, 0xc1, 0x00, 0x00, 0x7f, 0xff, 0xb0, 0x00, 0x00, 0x00, 0x08, 0xff, 0xfb,
  0x00, 0x00, 0x1a, 0x7f, 0xb0, 0x00, 0x00, 0x00, 0x07, 0xf9, 0xa4, 0x00, 0x00, 0x00, 0x3f, 0xb0, 0x00, 0x11, 0x00, 0x07, 0xf7, 0x00, 0x00, 0x00,
  0x00, 0x4f, 0xb0, 0x07, 0xee, 0xb0, 0x07, 0xf7, 0x00, 0x00, 0x00, 0x00, 0x3f, 0xb0, 0x08, 0xff, 0xc0, 0x07, 0xf7, 0x00, 0x00, 0x00, 0x00, 0x3f,
  0xb0, 0x08, 0xff, 0xb0, 0x07, 0xf7, 0x00, 0x00, 0x00, 0x00, 0x3f, 0xb0, 0x07, 0xff, 0xb0, 0x07, 0xf7, 0x00, 0x00, 0x00, 0x00, 0x3f, 0xc3, 0x39,
  0xff, 0xc3, 0x39, 0xf7, 0x00, 0x00, 0x00, 0x00, 0x3f, 0xff, 0xff, 0xff, 0xff, 0xff, 0xf8, 0x00, 0x00, 0x00, 0x00, 0x08, 0xbb, 0xbb, 0xbb, 0xbb,
  0xbb, 0xa1, 0x00, 0x00, 0x00, 0x00, 0x00, 0x00, 0x00, 0x00, 0x00, 0x00, 0x00, 0x00, 0x00, 0x00, 0x00, 0x00, 0x00, 0x00, 0x00, 0x00, 0x00, 0x00,
  0x00, 0x00,
};
STATIC CONST ALPHA_BITMAP mIconHome = { 22, 22, mIconHomeData };
STATIC CONST UINT8 mIconSlidersData[] = {
  0x00, 0x00, 0x00, 0x00, 0x00, 0x00, 0x00, 0x00, 0x00, 0x00, 0x00, 0x00, 0x00, 0x00, 0x00, 0x00, 0x00, 0x00, 0x00, 0x00, 0x00, 0x00, 0x00, 0x00,
  0x04, 0xbb, 0x40, 0x00, 0x00, 0x00, 0x00, 0x00, 0x00, 0x00, 0x00, 0x3f, 0xee, 0xf3, 0x00, 0x00, 0x00, 0x00, 0x00, 0x00, 0x00, 0x0a, 0xed, 0x00,
  0xde, 0xbb, 0xbb, 0xbb, 0xbb, 0xb3, 0x00, 0x00, 0x1f, 0xfd, 0x00, 0xdf, 0xff, 0xff, 0xff, 0xff, 0xf4, 0x00, 0x00, 0x03, 0x6f, 0xee, 0xf6, 0x34,
  0x34, 0x44, 0x43, 0x31, 0x00, 0x00, 0x00, 0x04, 0xbb, 0x40, 0x00, 0x00, 0x00, 0x00, 0x00, 0x00, 0x00, 0x00, 0x00, 0x00, 0x00, 0x00, 0x04, 0xbb,
  0x40, 0x00, 0x00, 0x00, 0x00, 0x00, 0x00, 0x00, 0x00, 0x3f, 0xee, 0xf3, 0x00, 0x00, 0x00, 0x0a, 0xbb, 0xbb, 0xbb, 0xbb, 0xed, 0x00, 0xde, 0xb3,
  0x00, 0x00, 0x1f, 0xff, 0xff, 0xff, 0xff, 0xfd, 0x00, 0xdf, 0xf4, 0x00, 0x00, 0x03, 0x33, 0x34, 0x44, 0x43, 0x6f, 0xee, 0xf6, 0x31, 0x00, 0x00,
  0x00, 0x00, 0x00, 0x00, 0x00, 0x04, 0xbb, 0x40, 0x00, 0x00, 0x00, 0x00, 0x00, 0x04, 0xbb, 0x40, 0x00, 0x00, 0x00, 0x00, 0x00, 0x00, 0x00, 0x00,
  0x3f, 0xee, 0xf3, 0x00, 0x00, 0x00, 0x00, 0x00, 0x00, 0x0a, 0xbb, 0xed, 0x00, 0xde, 0xbb, 0xbb, 0xbb, 0xb3, 0x00, 0x00, 0x1f, 0xff, 0xfd, 0x00,
  0xdf, 0xff, 0xff, 0xff, 0xf4, 0x00, 0x00, 0x03, 0x43, 0x6f, 0xee, 0xf6, 0x34, 0x33, 0x33, 0x31, 0x00, 0x00, 0x00, 0x00, 0x04, 0xbb, 0x40, 0x00,
  0x00, 0x00, 0x00, 0x00, 0x00, 0x00, 0x00, 0x00, 0x00, 0x00, 0x00, 0x00, 0x00, 0x00, 0x00, 0x00, 0x00, 0x00, 0x00, 0x00, 0x00, 0x00, 0x00, 0x00,
  0x00, 0x00,
};
STATIC CONST ALPHA_BITMAP mIconSliders = { 22, 22, mIconSlidersData };
STATIC CONST UINT8 mIconClockData[] = {
  0x00, 0x00, 0x00, 0x00, 0x00, 0x00, 0x00, 0x00, 0x00, 0x00, 0x00, 0x00, 0x00, 0x00, 0x00, 0x00, 0x00, 0x00, 0x00, 0x00, 0x00, 0x00, 0x00, 0x00,
  0x00, 0x00, 0x00, 0x00, 0x00, 0x00, 0x00, 0x00, 0x00, 0x00, 0x00, 0x00, 0x02, 0x8c, 0xff, 0xd9, 0x40, 0x00, 0x00, 0x00, 0x00, 0x00, 0x00, 0x7f,
  0xff, 0xff, 0xff, 0xfa, 0x10, 0x00, 0x00, 0x00, 0x00, 0x09, 0xff, 0x94, 0x00, 0x27, 0xef, 0xc1, 0x00, 0x00, 0x00, 0x00, 0x7f, 0xe3, 0x00, 0x57,
  0x10, 0x1c, 0xfb, 0x00, 0x00, 0x00, 0x02, 0xff, 0x30, 0x00, 0xcf, 0x40, 0x01, 0xdf, 0x50, 0x00, 0x00, 0x08, 0xf9, 0x00, 0x00, 0xbf, 0x30, 0x00,
  0x5f, 0xc0, 0x00, 0x00, 0x0c, 0xf3, 0x00, 0x00, 0xbf, 0x30, 0x00, 0x0e, 0xf1, 0x00, 0x00, 0x1f, 0xf1, 0x00, 0x00, 0xcf, 0x50, 0x00, 0x0b, 0xf4,
  0x00, 0x00, 0x1f, 0xf0, 0x00, 0x00, 0x8f, 0xf9, 0x10, 0x0b, 0xf4, 0x00, 0x00, 0x0d, 0xf2, 0x00, 0x00, 0x04, 0xdf, 0xe1, 0x0e, 0xf2, 0x00, 0x00,
  0x09, 0xf7, 0x00, 0x00, 0x00, 0x07, 0x90, 0x4f, 0xd0, 0x00, 0x00, 0x04, 0xfe, 0x10, 0x00, 0x00, 0x00, 0x00, 0xbf, 0x70, 0x00, 0x00, 0x00, 0xaf,
  0xc1, 0x00, 0x00, 0x00, 0x09, 0xfd, 0x00, 0x00, 0x00, 0x00, 0x1c, 0xfd, 0x51, 0x00, 0x04, 0xbf, 0xe3, 0x00, 0x00, 0x00, 0x00, 0x01, 0xbf, 0xfe,
  0xbb, 0xef, 0xfd, 0x30, 0x00, 0x00, 0x00, 0x00, 0x00, 0x06, 0xcf, 0xff, 0xfd, 0x70, 0x00, 0x00, 0x00, 0x00, 0x00, 0x00, 0x00, 0x01, 0x33, 0x20,
  0x00, 0x00, 0x00, 0x00, 0x00, 0x00, 0x00, 0x00, 0x00, 0x00, 0x00, 0x00, 0x00, 0x00, 0x00, 0x00, 0x00, 0x00, 0x00, 0x00, 0x00, 0x00, 0x00, 0x00,
  0x00, 0x00,
};
STATIC CONST ALPHA_BITMAP mIconClock = { 22, 22, mIconClockData };
STATIC CONST UINT8 mIconShieldData[] = {
  0x00, 0x00, 0x00, 0x00, 0x00, 0x00, 0x00, 0x00, 0x00, 0x00, 0x00, 0x00, 0x00, 0x00, 0x00, 0x00, 0x00, 0x00, 0x00, 0x00, 0x00, 0x00, 0x00, 0x00,
  0x00, 0x00, 0x4b, 0xdc, 0xc5, 0x00, 0x00, 0x00, 0x00, 0x00, 0x00, 0x01, 0x6c, 0xff, 0xfe, 0xff, 0xe7, 0x20, 0x00, 0x00, 0x00, 0x01, 0x8e, 0xff,
  0xd7, 0x10, 0x6c, 0xff, 0xfa, 0x30, 0x00, 0x00, 0x0c, 0xff, 0xb5, 0x00, 0x00, 0x00, 0x49, 0xff, 0xf2, 0x00, 0x00, 0x1f, 0xf4, 0x00, 0x00, 0x00,
  0x00, 0x00, 0x2c, 0xf4, 0x00, 0x00, 0x0b, 0xf3, 0x00, 0x00, 0x00, 0x00, 0x00, 0x0e, 0xf1, 0x00, 0x00, 0x0b, 0xf3, 0x00, 0x00, 0x00, 0x09, 0x70,
  0x1f, 0xf0, 0x00, 0x00, 0x0a, 0xf4, 0x00, 0x00, 0x00, 0x6f, 0xe1, 0x1f, 0xe0, 0x00, 0x00, 0x07, 0xf7, 0x00, 0x40, 0x06, 0xff, 0x30, 0x4f, 0xb0,
  0x00, 0x00, 0x05, 0xfd, 0x09, 0xf5, 0x4f, 0xf6, 0x00, 0x9f, 0x90, 0x00, 0x00, 0x00, 0xdf, 0x56, 0xff, 0xef, 0x60, 0x02, 0xff, 0x20, 0x00, 0x00,
  0x00, 0x5f, 0xd0, 0x6f, 0xf8, 0x00, 0x09, 0xf9, 0x00, 0x00, 0x00, 0x00, 0x0d, 0xf5, 0x05, 0x70, 0x00, 0x2f, 0xf2, 0x00, 0x00, 0x00, 0x00, 0x05,
  0xfd, 0x10, 0x00, 0x00, 0xaf, 0x90, 0x00, 0x00, 0x00, 0x00, 0x00, 0xbf, 0xd3, 0x00, 0x1b, 0xfe, 0x10, 0x00, 0x00, 0x00, 0x00, 0x00, 0x1a, 0xfe,
  0x31, 0xcf, 0xc3, 0x00, 0x00, 0x00, 0x00, 0x00, 0x00, 0x00, 0x9f, 0xfe, 0xfc, 0x10, 0x00, 0x00, 0x00, 0x00, 0x00, 0x00, 0x00, 0x07, 0xff, 0x90,
  0x00, 0x00, 0x00, 0x00, 0x00, 0x00, 0x00, 0x00, 0x00, 0x45, 0x00, 0x00, 0x00, 0x00, 0x00, 0x00, 0x00, 0x00, 0x00, 0x00, 0x00, 0x00, 0x00, 0x00,
  0x00, 0x00,
};
STATIC CONST ALPHA_BITMAP mIconShield = { 22, 22, mIconShieldData };
STATIC CONST UINT8 mIconStartupData[] = {
  0x00, 0x00, 0x00, 0x00, 0x00, 0x00, 0x00, 0x00, 0x00, 0x00, 0x00, 0x00, 0x00, 0x00, 0x00, 0x00, 0x00, 0x00, 0x00, 0x00, 0x00, 0x00, 0x00, 0x00,
  0x00, 0x00, 0x00, 0x00, 0x00, 0x00, 0x00, 0x00, 0x00, 0x00, 0x00, 0x19, 0xef, 0xff, 0xff, 0xff, 0xfe, 0xa3, 0x00, 0x00, 0x00, 0x01, 0xef, 0xff,
  0xff, 0xff, 0xff, 0xff, 0xff, 0x40, 0x00, 0x00, 0x09, 0xfb, 0x21, 0x11, 0x10, 0x01, 0x11, 0x8f, 0xd0, 0x00, 0x00, 0x0e, 0xf2, 0x00, 0x00, 0x00,
  0x00, 0x00, 0x0d, 0xf3, 0x00, 0x00, 0x1f, 0xf0, 0x00, 0x1a, 0x20, 0x00, 0x00, 0x0b, 0xf4, 0x00, 0x00, 0x0f, 0xf1, 0x00, 0x0f, 0xf7, 0x00, 0x00,
  0x0b, 0xf3, 0x00, 0x00, 0x0f, 0xf0, 0x00, 0x1e, 0xff, 0xd4, 0x00, 0x0b, 0xf3, 0x00, 0x00, 0x0f, 0xf0, 0x00, 0x1e, 0xff, 0xff, 0xa2, 0x0b, 0xf3,
  0x00, 0x00, 0x0f, 0xf0, 0x00, 0x1e, 0xff, 0xff, 0xe4, 0x0b, 0xf3, 0x00, 0x00, 0x0f, 0xf0, 0x00, 0x1e, 0xff, 0xf7, 0x00, 0x0b, 0xf3, 0x00, 0x00,
  0x0f, 0xf1, 0x00, 0x0f, 0xfb, 0x20, 0x00, 0x0b, 0xf3, 0x00, 0x00, 0x0f, 0xf0, 0x00, 0x1d, 0x50, 0x00, 0x00, 0x0b, 0xf4, 0x00, 0x00, 0x0f, 0xf1,
  0x00, 0x01, 0x00, 0x00, 0x00, 0x0c, 0xf3, 0x00, 0x00, 0x0b, 0xf8, 0x00, 0x00, 0x00, 0x00, 0x00, 0x5f, 0xe0, 0x00, 0x00, 0x03, 0xff, 0xdb, 0xbb,
  0xbb, 0xbb, 0xbc, 0xff, 0x60, 0x00, 0x00, 0x00, 0x4d, 0xff, 0xff, 0xff, 0xff, 0xff, 0xe6, 0x00, 0x00, 0x00, 0x00, 0x00, 0x33, 0x33, 0x33, 0x33,
  0x33, 0x00, 0x00, 0x00, 0x00, 0x00, 0x00, 0x00, 0x00, 0x00, 0x00, 0x00, 0x00, 0x00, 0x00, 0x00, 0x00, 0x00, 0x00, 0x00, 0x00, 0x00, 0x00, 0x00,
  0x00, 0x00,
};
STATIC CONST ALPHA_BITMAP mIconStartup = { 22, 22, mIconStartupData };
STATIC CONST UINT8 mIconPowerData[] = {
  0x00, 0x00, 0x00, 0x00, 0x00, 0x00, 0x00, 0x00, 0x00, 0x00, 0x00, 0x00, 0x00, 0x00, 0x00, 0x00, 0x00, 0x00, 0x00, 0x00, 0x00, 0x00, 0x00, 0x00,
  0x00, 0x00, 0x00, 0x58, 0x10, 0x00, 0x00, 0x00, 0x00, 0x00, 0x00, 0x00, 0x00, 0x00, 0xcf, 0x40, 0x00, 0x00, 0x00, 0x00, 0x00, 0x00, 0x00, 0x00,
  0x00, 0xbf, 0x30, 0x00, 0x00, 0x00, 0x00, 0x00, 0x00, 0x00, 0x69, 0x00, 0xbf, 0x40, 0x89, 0x00, 0x00, 0x00, 0x00, 0x00, 0x06, 0xff, 0x20, 0xbf,
  0x30, 0xff, 0x90, 0x00, 0x00, 0x00, 0x00, 0x4f, 0xf5, 0x00, 0xbf, 0x40, 0x3d, 0xf7, 0x00, 0x00, 0x00, 0x00, 0xcf, 0x60, 0x00, 0xbf, 0x30, 0x03,
  0xff, 0x10, 0x00, 0x00, 0x03, 0xfd, 0x00, 0x00, 0xcf, 0x40, 0x00, 0xaf, 0x60, 0x00, 0x00, 0x06, 0xf9, 0x00, 0x00, 0x8b, 0x20, 0x00, 0x5f, 0xa0,
  0x00, 0x00, 0x07, 0xf7, 0x00, 0x00, 0x00, 0x00, 0x00, 0x3f, 0xb0, 0x00, 0x00, 0x07, 0xf8, 0x00, 0x00, 0x00, 0x00, 0x00, 0x4f, 0xb0, 0x00, 0x00,
  0x04, 0xfc, 0x00, 0x00, 0x00, 0x00, 0x00, 0x8f, 0x70, 0x00, 0x00, 0x00, 0xdf, 0x40, 0x00, 0x00, 0x00, 0x01, 0xef, 0x20, 0x00, 0x00, 0x00, 0x6f,
  0xe2, 0x00, 0x00, 0x00, 0x0b, 0xfa, 0x00, 0x00, 0x00, 0x00, 0x09, 0xfe, 0x51, 0x00, 0x04, 0xcf, 0xc1, 0x00, 0x00, 0x00, 0x00, 0x00, 0x9f, 0xfe,
  0xbb, 0xef, 0xfc, 0x10, 0x00, 0x00, 0x00, 0x00, 0x00, 0x05, 0xbf, 0xff, 0xfd, 0x60, 0x00, 0x00, 0x00, 0x00, 0x00, 0x00, 0x00, 0x01, 0x33, 0x20,
  0x00, 0x00, 0x00, 0x00, 0x00, 0x00, 0x00, 0x00, 0x00, 0x00, 0x00, 0x00, 0x00, 0x00, 0x00, 0x00, 0x00, 0x00, 0x00, 0x00, 0x00, 0x00, 0x00, 0x00,
  0x00, 0x00,
};
STATIC CONST ALPHA_BITMAP mIconPower = { 22, 22, mIconPowerData };
STATIC CONST UINT8 mIconChevronData[] = {
  0x00, 0x00, 0x00, 0x00, 0x00, 0x00, 0x00, 0x00, 0x00, 0x00, 0x00, 0x00, 0x00, 0x00, 0x00, 0x00, 0x00, 0x00, 0x00, 0x00, 0x00, 0x00, 0x00, 0x00,
  0x00, 0x00, 0x00, 0x00, 0x00, 0x00, 0x00, 0x00, 0x00, 0x00, 0x00, 0x00, 0x00, 0x00, 0x00, 0x00, 0x00, 0x00, 0x00, 0x00, 0x00, 0x00, 0x00, 0x00,
  0x31, 0x00, 0x00, 0x00, 0x00, 0x00, 0x00, 0x00, 0x00, 0x00, 0x03, 0xfc, 0x10, 0x00, 0x00, 0x00, 0x00, 0x00, 0x00, 0x00, 0x00, 0x02, 0xcf, 0xc1,
  0x00, 0x00, 0x00, 0x00, 0x00, 0x00, 0x00, 0x00, 0x00, 0x1c, 0xfc, 0x10, 0x00, 0x00, 0x00, 0x00, 0x00, 0x00, 0x00, 0x00, 0x01, 0xcf, 0xc1, 0x00,
  0x00, 0x00, 0x00, 0x00, 0x00, 0x00, 0x00, 0x00, 0x1c, 0xfc, 0x10, 0x00, 0x00, 0x00, 0x00, 0x00, 0x00, 0x00, 0x00, 0x01, 0xbf, 0xc0, 0x00, 0x00,
  0x00, 0x00, 0x00, 0x00, 0x00, 0x00, 0x00, 0x9f, 0xe0, 0x00, 0x00, 0x00, 0x00, 0x00, 0x00, 0x00, 0x00, 0x09, 0xfe, 0x30, 0x00, 0x00, 0x00, 0x00,
  0x00, 0x00, 0x00, 0x00, 0x9f, 0xe3, 0x00, 0x00, 0x00, 0x00, 0x00, 0x00, 0x00, 0x00, 0x09, 0xfe, 0x30, 0x00, 0x00, 0x00, 0x00, 0x00, 0x00, 0x00,
  0x00, 0x9f, 0xe3, 0x00, 0x00, 0x00, 0x00, 0x00, 0x00, 0x00, 0x00, 0x03, 0xfe, 0x30, 0x00, 0x00, 0x00, 0x00, 0x00, 0x00, 0x00, 0x00, 0x00, 0x64,
  0x00, 0x00, 0x00, 0x00, 0x00, 0x00, 0x00, 0x00, 0x00, 0x00, 0x00, 0x00, 0x00, 0x00, 0x00, 0x00, 0x00, 0x00, 0x00, 0x00, 0x00, 0x00, 0x00, 0x00,
  0x00, 0x00, 0x00, 0x00, 0x00, 0x00, 0x00, 0x00, 0x00, 0x00, 0x00, 0x00, 0x00, 0x00, 0x00, 0x00, 0x00, 0x00, 0x00, 0x00, 0x00, 0x00, 0x00, 0x00,
  0x00, 0x00,
};
STATIC CONST ALPHA_BITMAP mIconChevron = { 22, 22, mIconChevronData };
STATIC CONST UINT8 mIconBackData[] = {
  0x00, 0x00, 0x00, 0x00, 0x00, 0x00, 0x00, 0x00, 0x00, 0x00, 0x00, 0x00, 0x00, 0x00, 0x00, 0x00, 0x00, 0x00, 0x00, 0x00, 0x00, 0x00, 0x00, 0x00,
  0x00, 0x00, 0x00, 0x00, 0x00, 0x00, 0x00, 0x00, 0x00, 0x00, 0x00, 0x00, 0x00, 0x00, 0x00, 0x00, 0x00, 0x00, 0x00, 0x00, 0x00, 0x00, 0x00, 0x00,
  0x07, 0x10, 0x00, 0x00, 0x00, 0x00, 0x00, 0x00, 0x00, 0x00, 0x00, 0x9f, 0xb0, 0x00, 0x00, 0x00, 0x00, 0x00, 0x00, 0x00, 0x00, 0x09, 0xfe, 0x30,
  0x00, 0x00, 0x00, 0x00, 0x00, 0x00, 0x00, 0x00, 0x9f, 0xe3, 0x00, 0x00, 0x00, 0x00, 0x00, 0x00, 0x00, 0x00, 0x09, 0xfe, 0x30, 0x00, 0x00, 0x00,
  0x00, 0x00, 0x00, 0x00, 0x00, 0x9f, 0xd2, 0x00, 0x00, 0x00, 0x00, 0x00, 0x00, 0x00, 0x00, 0x08, 0xff, 0xdb, 0xbb, 0xbb, 0xbb, 0xbb, 0xbb, 0x30,
  0x00, 0x00, 0x0a, 0xff, 0xff, 0xff, 0xff, 0xff, 0xff, 0xff, 0x40, 0x00, 0x00, 0x01, 0xcf, 0xe5, 0x34, 0x33, 0x33, 0x33, 0x33, 0x10, 0x00, 0x00,
  0x00, 0x1c, 0xfb, 0x00, 0x00, 0x00, 0x00, 0x00, 0x00, 0x00, 0x00, 0x00, 0x01, 0xcf, 0xc1, 0x00, 0x00, 0x00, 0x00, 0x00, 0x00, 0x00, 0x00, 0x00,
  0x1c, 0xfc, 0x10, 0x00, 0x00, 0x00, 0x00, 0x00, 0x00, 0x00, 0x00, 0x01, 0xcf, 0xb0, 0x00, 0x00, 0x00, 0x00, 0x00, 0x00, 0x00, 0x00, 0x00, 0x1b,
  0x40, 0x00, 0x00, 0x00, 0x00, 0x00, 0x00, 0x00, 0x00, 0x00, 0x00, 0x00, 0x00, 0x00, 0x00, 0x00, 0x00, 0x00, 0x00, 0x00, 0x00, 0x00, 0x00, 0x00,
  0x00, 0x00, 0x00, 0x00, 0x00, 0x00, 0x00, 0x00, 0x00, 0x00, 0x00, 0x00, 0x00, 0x00, 0x00, 0x00, 0x00, 0x00, 0x00, 0x00, 0x00, 0x00, 0x00, 0x00,
  0x00, 0x00,
};
STATIC CONST ALPHA_BITMAP mIconBack = { 22, 22, mIconBackData };
STATIC CONST UINT8 mIconCheckData[] = {
  0x00, 0x00, 0x00, 0x00, 0x00, 0x00, 0x00, 0x00, 0x00, 0x00, 0x00, 0x00, 0x00, 0x00, 0x00, 0x00, 0x00, 0x00, 0x00, 0x00, 0x00, 0x00, 0x00, 0x00,
  0x00, 0x00, 0x00, 0x00, 0x00, 0x00, 0x00, 0x00, 0x00, 0x00, 0x00, 0x00, 0x00, 0x00, 0x00, 0x00, 0x00, 0x00, 0x00, 0x00, 0x00, 0x00, 0x00, 0x00,
  0x00, 0x00, 0x00, 0x00, 0x00, 0x00, 0x00, 0x00, 0x00, 0x00, 0x00, 0x00, 0x00, 0x00, 0x00, 0x00, 0x00, 0x00, 0x00, 0x00, 0x00, 0x00, 0x00, 0x00,
  0x00, 0x00, 0xca, 0x00, 0x00, 0x00, 0x00, 0x00, 0x00, 0x00, 0x00, 0x00, 0x09, 0xff, 0x40, 0x00, 0x00, 0x00, 0x00, 0x00, 0x00, 0x00, 0x00, 0x7f,
  0xf8, 0x00, 0x00, 0x00, 0x00, 0x00, 0x00, 0x00, 0x00, 0x05, 0xff, 0xa0, 0x00, 0x00, 0x00, 0x00, 0x00, 0x00, 0x00, 0x00, 0x3e, 0xfc, 0x10, 0x00,
  0x00, 0x00, 0x00, 0x1d, 0xa0, 0x00, 0x01, 0xef, 0xe2, 0x00, 0x00, 0x00, 0x00, 0x00, 0x7f, 0xf9, 0x00, 0x0c, 0xff, 0x30, 0x00, 0x00, 0x00, 0x00,
  0x00, 0x09, 0xff, 0x90, 0xaf, 0xf6, 0x00, 0x00, 0x00, 0x00, 0x00, 0x00, 0x00, 0x9f, 0xfd, 0xff, 0x80, 0x00, 0x00, 0x00, 0x00, 0x00, 0x00, 0x00,
  0x09, 0xff, 0xfa, 0x00, 0x00, 0x00, 0x00, 0x00, 0x00, 0x00, 0x00, 0x00, 0x9e, 0xb0, 0x00, 0x00, 0x00, 0x00, 0x00, 0x00, 0x00, 0x00, 0x00, 0x01,
  0x00, 0x00, 0x00, 0x00, 0x00, 0x00, 0x00, 0x00, 0x00, 0x00, 0x00, 0x00, 0x00, 0x00, 0x00, 0x00, 0x00, 0x00, 0x00, 0x00, 0x00, 0x00, 0x00, 0x00,
  0x00, 0x00, 0x00, 0x00, 0x00, 0x00, 0x00, 0x00, 0x00, 0x00, 0x00, 0x00, 0x00, 0x00, 0x00, 0x00, 0x00, 0x00, 0x00, 0x00, 0x00, 0x00, 0x00, 0x00,
  0x00, 0x00,
};
STATIC CONST ALPHA_BITMAP mIconCheck = { 22, 22, mIconCheckData };
STATIC CONST UINT8 mIconChipData[] = {
  0x00, 0x00, 0x00, 0x00, 0x00, 0x00, 0x00, 0x00, 0x00, 0x00, 0x00, 0x00, 0x00, 0x00, 0x00, 0x00, 0x00, 0x00, 0x00, 0x00, 0x00, 0x00, 0x00, 0x00,
  0x00, 0x00, 0x00, 0x00, 0x00, 0x00, 0x00, 0x00, 0x00, 0x00, 0x00, 0x00, 0x00, 0x00, 0x00, 0x08, 0xb5, 0x01, 0xbb, 0x30, 0x6b, 0x80, 0x00, 0x00,
  0x00, 0x00, 0x00, 0x00, 0x00, 0x00, 0x00, 0x00, 0x0c, 0xf8, 0x01, 0xff, 0x40, 0x8f, 0xc0, 0x00, 0x00, 0x00, 0x00, 0x00, 0x00, 0x00, 0x00, 0x00,
  0x00, 0x0b, 0xf7, 0x01, 0xef, 0x40, 0x7f, 0xb0, 0x00, 0x00, 0x00, 0x00, 0x00, 0x00, 0x00, 0x00, 0x00, 0x00, 0x0b, 0xf8, 0x01, 0xef, 0x40, 0x8f,
  0xb0, 0x00, 0x00, 0x00, 0x00, 0x00, 0x00, 0x00, 0x00, 0x00, 0x00, 0x0b, 0xf7, 0x00, 0xef, 0x30, 0x7f, 0xb0, 0x00, 0x00, 0x00, 0x00, 0x00, 0x00,
  0x00, 0x00, 0x00, 0x00, 0x3c, 0xf9, 0x45, 0xff, 0x74, 0xaf, 0xc4, 0x10, 0x00, 0x00, 0x00, 0x00, 0x00, 0x00, 0x00, 0x00, 0x3d, 0xff, 0xff, 0xff,
  0xff, 0xff, 0xff, 0xff, 0xe6, 0x00, 0x00, 0x00, 0x00, 0x00, 0x00, 0x00, 0x00, 0xdf, 0xff, 0xff, 0xff, 0xff, 0xff, 0xff, 0xff, 0xff, 0x20, 0x00,
  0x00, 0x00, 0x00, 0x00, 0x00, 0x03, 0xff, 0xb7, 0x88, 0x88, 0x88, 0x88, 0x88, 0x7a, 0xff, 0x70, 0x00, 0x00, 0x00, 0x00, 0x8b, 0xbb, 0xbc, 0xff,
  0x70, 0x00, 0x00, 0x00, 0x00, 0x00, 0x03, 0xff, 0xdb, 0xbb, 0xb8, 0x00, 0x00, 0xdf, 0xff, 0xff, 0xff, 0x80, 0x01, 0x11, 0x11, 0x11, 0x10, 0x04,
  0xff, 0xff, 0xff, 0xfd, 0x00, 0x00, 0x57, 0x77, 0x79, 0xff, 0x80, 0x1d, 0xee, 0xee, 0xee, 0xd1, 0x04, 0xff, 0xb7, 0x87, 0x75, 0x00, 0x00, 0x00,
  0x00, 0x02, 0xff, 0x80, 0x1f, 0xff, 0xff, 0xff, 0xf1, 0x04, 0xff, 0x70, 0x00, 0x00, 0x00, 0x00, 0x01, 0x11, 0x15, 0xff, 0x80, 0x1e, 0xff, 0xff,
  0xff, 0xe1, 0x04, 0xff, 0x81, 0x11, 0x10, 0x00, 0x00, 0xbe, 0xee, 0xef, 0xff, 0x80, 0x1e, 0xff, 0xff, 0xff, 0xe1, 0x04, 0xff, 0xfe, 0xee, 0xeb,
  0x00, 0x00, 0xcf, 0xff, 0xff, 0xff, 0x80, 0x1e, 0xff, 0xff, 0xff, 0xe1, 0x04, 0xff, 0xff, 0xff, 0xfc, 0x00, 0x00, 0x34, 0x44, 0x47, 0xff, 0x80,
  0x1e, 0xff, 0xff, 0xff, 0xe1, 0x04, 0xff, 0xa4, 0x44, 0x43, 0x00, 0x00, 0x00, 0x00, 0x02, 0xff, 0x80, 0x1f, 0xff, 0xff, 0xff, 0xf1, 0x04, 0xff,
  0x60, 0x00, 0x00, 0x00, 0x00, 0x58, 0x78, 0x8a, 0xff, 0x80, 0x1d, 0xee, 0xee, 0xee, 0xd1, 0x04, 0xff, 0xb8, 0x87, 0x85, 0x00, 0x00, 0xdf, 0xff,
  0xff, 0xff, 0x80, 0x01, 0x11, 0x11, 0x11, 0x10, 0x04, 0xff, 0xff, 0xff, 0xfd, 0x00, 0x00, 0x8b, 0xbb, 0xbc, 0xff, 0x70, 0x00, 0x00, 0x00, 0x00,
  0x00, 0x03, 0xff, 0xdb, 0xbb, 0xb8, 0x00, 0x00, 0x00, 0x00, 0x03, 0xff, 0xa4, 0x44, 0x44, 0x44, 0x44, 0x44, 0x48, 0xff, 0x70, 0x00, 0x00, 0x00,
  0x00, 0x00, 0x00, 0x01, 0xff, 0xff, 0xff, 0xff, 0xff, 0xff, 0xff, 0xff, 0xff, 0x30, 0x00, 0x00, 0x00, 0x00, 0x00, 0x00, 0x00, 0x6f, 0xff, 0xff,
  0xff, 0xff, 0xff, 0xff, 0xff, 0xf8, 0x00, 0x00, 0x00, 0x00, 0x00, 0x00, 0x00, 0x00, 0x02, 0x7d, 0xfb, 0x78, 0xff, 0xa7, 0xbf, 0xd7, 0x30, 0x00,
  0x00, 0x00, 0x00, 0x00, 0x00, 0x00, 0x00, 0x00, 0x0b, 0xf7, 0x00, 0xef, 0x30, 0x7f, 0xb0, 0x00, 0x00, 0x00, 0x00, 0x00, 0x00, 0x00, 0x00, 0x00,
  0x00, 0x0b, 0xf8, 0x01, 0xef, 0x40, 0x8f, 0xb0, 0x00, 0x00, 0x00, 0x00, 0x00, 0x00, 0x00, 0x00, 0x00, 0x00, 0x0b, 0xf7, 0x01, 0xef, 0x40, 0x7f,
  0xb0, 0x00, 0x00, 0x00, 0x00, 0x00, 0x00, 0x00, 0x00, 0x00, 0x00, 0x0c, 0xf8, 0x01, 0xff, 0x40, 0x8f, 0xc0, 0x00, 0x00, 0x00, 0x00, 0x00, 0x00,
  0x00, 0x00, 0x00, 0x00, 0x08, 0xb5, 0x01, 0xbb, 0x30, 0x6b, 0x80, 0x00, 0x00, 0x00, 0x00, 0x00, 0x00, 0x00, 0x00, 0x00, 0x00, 0x00, 0x00, 0x00,
  0x00, 0x00, 0x00, 0x00, 0x00, 0x00, 0x00, 0x00, 0x00, 0x00, 0x00, 0x00, 0x00, 0x00, 0x00, 0x00, 0x00, 0x00, 0x00, 0x00, 0x00, 0x00, 0x00, 0x00,
  0x00, 0x00,
};
STATIC CONST ALPHA_BITMAP mIconChip = { 34, 34, mIconChipData };
